order_id,order_date,category,product,unit_price,quantity,revenue,discount_pct,region,sales_channel,payment_method,customer_age,customer_rating,order_month,order_year,day_of_week
ORD100452,2024-01-01,Beauty,Moisturizer,22.0,1,22.0,0.0,North,Online,Credit Card,27.0,3.0,2024-01,2024,Monday
ORD101592,2024-01-01,Home & Kitchen,Vacuum,141.55,2,283.1,0.05,North,In-Store,Wallet,18.0,2.0,2024-01,2024,Monday
ORD102647,2024-01-01,Apparel,Jeans,45.0,2,90.0,0.0,North,In-Store,Credit Card,37.0,4.0,2024-01,2024,Monday
ORD101446,2024-01-01,Sports,Bicycle,331.55,1,331.55,0.05,South,Online,Debit Card,37.0,5.0,2024-01,2024,Monday
ORD101571,2024-01-01,Apparel,T-Shirt,14.25,2,28.5,0.05,Central,In-Store,Credit Card,41.0,3.0,2024-01,2024,Monday
ORD100989,2024-01-02,Sports,Tent,122.55,1,122.55,0.05,North,Online,Debit Card,45.0,4.0,2024-01,2024,Tuesday
ORD100014,2024-01-02,Apparel,T-Shirt,15.0,3,45.0,0.0,East,In-Store,Debit Card,57.0,4.0,2024-01,2024,Tuesday
ORD103090,2024-01-02,Home & Kitchen,Blender,35.1,1,35.1,0.1,South,In-Store,Wallet,24.0,4.0,2024-01,2024,Tuesday
ORD102483,2024-01-02,Beauty,Lipstick,18.0,1,18.0,0.0,Central,Online,Debit Card,43.0,3.0,2024-01,2024,Tuesday
ORD102600,2024-01-02,Beauty,Sunscreen,16.0,2,32.0,0.0,South,Online,Credit Card,39.0,4.0,2024-01,2024,Tuesday
ORD102988,2024-01-02,Electronics,Tablet,349.0,1,349.0,0.0,South,Online,Credit Card,18.0,5.0,2024-01,2024,Tuesday
ORD102798,2024-01-02,Apparel,T-Shirt,12.0,4,48.0,0.2,Central,Online,Debit Card,31.0,4.0,2024-01,2024,Tuesday
ORD103251,2024-01-02,Home & Kitchen,Coffee Maker,59.0,1,59.0,0.0,West,Online,Debit Card,34.0,4.0,2024-01,2024,Tuesday
ORD103689,2024-01-02,Electronics,Smartphone,664.05,2,1328.1,0.05,North,In-Store,UPI,44.0,2.0,2024-01,2024,Tuesday
ORD102684,2024-01-03,Electronics,Smartphone,699.0,1,699.0,0.0,North,Online,Wallet,20.0,4.0,2024-01,2024,Wednesday
ORD104375,2024-01-03,Home & Kitchen,Vacuum,149.0,1,149.0,0.0,North,Online,Debit Card,42.0,5.0,2024-01,2024,Wednesday
ORD100256,2024-01-03,Beauty,Shampoo,9.6,1,9.6,0.2,West,In-Store,Credit Card,30.0,4.0,2024-01,2024,Wednesday
ORD103755,2024-01-03,Sports,Bicycle,349.0,1,349.0,0.0,East,Online,Cash,48.0,5.0,2024-01,2024,Wednesday
ORD103525,2024-01-03,Home & Kitchen,Air Fryer,89.0,1,89.0,0.0,Central,In-Store,UPI,23.0,3.0,2024-01,2024,Wednesday
ORD104057,2024-01-04,Sports,Running Shoes,79.0,1,79.0,0.0,East,Online,Debit Card,44.0,3.0,2024-01,2024,Thursday
ORD103778,2024-01-04,Apparel,Jacket,84.55,1,84.55,0.05,Central,Online,UPI,33.0,4.0,2024-01,2024,Thursday
ORD103113,2024-01-04,Electronics,Smartphone,629.1,1,629.1,0.1,Central,In-Store,Cash,46.0,4.0,2024-01,2024,Thursday
ORD103050,2024-01-04,Home & Kitchen,Blender,33.15,1,33.15,0.15,South,Online,Wallet,37.0,4.0,2024-01,2024,Thursday
ORD104726,2024-01-04,Home & Kitchen,Vacuum,149.0,1,149.0,0.0,West,Online,Wallet,40.0,5.0,2024-01,2024,Thursday
ORD104081,2024-01-04,Apparel,Jacket,89.0,1,89.0,0.0,Central,Online,Credit Card,41.0,4.0,2024-01,2024,Thursday
ORD104759,2024-01-04,Beauty,Shampoo,12.0,1,12.0,0.0,South,In-Store,Credit Card,42.0,5.0,2024-01,2024,Thursday
ORD103195,2024-01-04,Sports,Running Shoes,75.05,1,75.05,0.05,Central,Online,UPI,25.0,5.0,2024-01,2024,Thursday
ORD101698,2024-01-05,Sports,Tent,122.55,4,490.2,0.05,Central,Online,Credit Card,30.0,5.0,2024-01,2024,Friday
ORD104039,2024-01-05,Home & Kitchen,Vacuum,149.0,5,745.0,0.0,North,Online,Wallet,48.0,4.0,2024-01,2024,Friday
ORD103844,2024-01-05,Home & Kitchen,Air Fryer,75.65,2,151.3,0.15,North,In-Store,Wallet,72.0,5.0,2024-01,2024,Friday
ORD102154,2024-01-05,Sports,Bicycle,349.0,1,349.0,0.0,West,In-Store,Credit Card,44.0,5.0,2024-01,2024,Friday
ORD102106,2024-01-05,Sports,Yoga Mat,21.25,2,42.5,0.15,East,In-Store,Debit Card,34.0,4.0,2024-01,2024,Friday
ORD102194,2024-01-05,Apparel,Dress,52.25,1,52.25,0.05,East,Online,UPI,51.0,2.0,2024-01,2024,Friday
ORD101651,2024-01-05,Sports,Bicycle,349.0,1,349.0,0.0,West,Online,Cash,30.0,5.0,2024-01,2024,Friday
ORD100919,2024-01-06,Sports,Tent,122.55,1,122.55,0.05,South,Online,Debit Card,34.0,5.0,2024-01,2024,Saturday
ORD104663,2024-01-06,Beauty,Sunscreen,16.0,1,16.0,0.0,West,Online,Debit Card,44.0,5.0,2024-01,2024,Saturday
ORD102809,2024-01-06,Beauty,Moisturizer,22.0,4,88.0,0.0,East,In-Store,Credit Card,22.0,5.0,2024-01,2024,Saturday
ORD102977,2024-01-06,Beauty,Shampoo,12.0,1,12.0,0.0,South,Online,Credit Card,49.0,4.0,2024-01,2024,Saturday
ORD102762,2024-01-06,Beauty,Moisturizer,19.8,1,19.8,0.1,Central,Online,Credit Card,46.0,2.0,2024-01,2024,Saturday
ORD103970,2024-01-06,Home & Kitchen,Blender,31.2,1,31.2,0.2,South,Online,Cash,20.0,5.0,2024-01,2024,Saturday
ORD104449,2024-01-06,Beauty,Moisturizer,20.9,1,20.9,0.05,East,In-Store,UPI,18.0,5.0,2024-01,2024,Saturday
ORD101282,2024-01-06,Beauty,Shampoo,12.0,1,12.0,0.0,South,In-Store,UPI,28.0,5.0,2024-01,2024,Saturday
ORD101162,2024-01-07,Apparel,Dress,55.0,2,110.0,0.0,South,Online,Wallet,38.0,4.0,2024-01,2024,Sunday
ORD102291,2024-01-07,Beauty,Sunscreen,16.0,1,16.0,0.0,South,In-Store,Debit Card,47.0,3.0,2024-01,2024,Sunday
ORD102369,2024-01-07,Beauty,Moisturizer,22.0,1,22.0,0.0,East,In-Store,Credit Card,42.0,5.0,2024-01,2024,Sunday
ORD101421,2024-01-07,Sports,Tent,122.55,1,122.55,0.05,Central,Online,Debit Card,18.0,4.0,2024-01,2024,Sunday
ORD102590,2024-01-07,Beauty,Shampoo,11.4,2,22.8,0.05,South,Online,Credit Card,42.0,4.0,2024-01,2024,Sunday
ORD101994,2024-01-07,Sports,Tent,129.0,2,258.0,0.0,South,Online,Credit Card,34.0,5.0,2024-01,2024,Sunday
ORD102583,2024-01-07,Home & Kitchen,Blender,39.0,1,39.0,0.0,South,Online,Wallet,29.0,4.0,2024-01,2024,Sunday
ORD100713,2024-01-07,Sports,Running Shoes,75.05,1,75.05,0.05,South,In-Store,Debit Card,27.0,5.0,2024-01,2024,Sunday
ORD100229,2024-01-07,Home & Kitchen,Cookware Set,129.0,2,258.0,0.0,West,Online,Debit Card,43.0,4.0,2024-01,2024,Sunday
ORD101385,2024-01-07,Apparel,Jacket,75.65,1,75.65,0.15,North,Online,UPI,45.0,5.0,2024-01,2024,Sunday
ORD100615,2024-01-07,Apparel,Sneakers,61.75,3,185.25,0.05,South,Online,Debit Card,37.0,5.0,2024-01,2024,Sunday
ORD103555,2024-01-08,Apparel,T-Shirt,15.0,2,30.0,0.0,South,Online,Cash,25.0,2.0,2024-01,2024,Monday
ORD102561,2024-01-08,Electronics,Smartphone,664.05,1,664.05,0.05,East,Online,Debit Card,47.0,4.0,2024-01,2024,Monday
ORD103549,2024-01-08,Home & Kitchen,Vacuum,126.65,1,126.65,0.15,North,Online,Credit Card,19.0,5.0,2024-01,2024,Monday
ORD103545,2024-01-08,Home & Kitchen,Coffee Maker,56.05,5,280.25,0.05,Central,In-Store,Credit Card,46.0,4.0,2024-01,2024,Monday
ORD103407,2024-01-08,Apparel,Jeans,45.0,5,225.0,0.0,East,Online,Credit Card,41.0,4.0,2024-01,2024,Monday
ORD100216,2024-01-08,Home & Kitchen,Blender,39.0,3,117.0,0.0,North,Online,Credit Card,51.0,5.0,2024-01,2024,Monday
ORD102293,2024-01-08,Sports,Running Shoes,71.1,1,71.1,0.1,North,Online,Debit Card,21.0,5.0,2024-01,2024,Monday
ORD100611,2024-01-09,Beauty,Sunscreen,16.0,1,16.0,0.0,South,In-Store,Credit Card,37.0,5.0,2024-01,2024,Tuesday
ORD102015,2024-01-09,Beauty,Moisturizer,18.7,1,18.7,0.15,South,In-Store,Debit Card,18.0,3.0,2024-01,2024,Tuesday
ORD100388,2024-01-09,Electronics,Smartwatch,179.1,1,179.1,0.1,West,In-Store,Debit Card,36.0,3.0,2024-01,2024,Tuesday
ORD102972,2024-01-09,Beauty,Moisturizer,17.6,1,17.6,0.2,Central,Online,Cash,30.0,4.0,2024-01,2024,Tuesday
ORD100733,2024-01-09,Sports,Yoga Mat,22.5,1,22.5,0.1,Central,Online,UPI,39.0,4.0,2024-01,2024,Tuesday
ORD103420,2024-01-09,Electronics,Laptop,999.0,1,999.0,0.0,North,In-Store,Credit Card,33.0,5.0,2024-01,2024,Tuesday
ORD103858,2024-01-09,Electronics,Smartphone,699.0,1,699.0,0.0,North,In-Store,Credit Card,18.0,5.0,2024-01,2024,Tuesday
ORD104298,2024-01-09,Beauty,Sunscreen,16.0,1,16.0,0.0,East,Online,UPI,38.0,5.0,2024-01,2024,Tuesday
ORD103820,2024-01-09,Beauty,Lipstick,18.0,1,18.0,0.0,North,In-Store,Debit Card,27.0,3.0,2024-01,2024,Tuesday
ORD103267,2024-01-10,Home & Kitchen,Air Fryer,84.55,2,169.1,0.05,East,In-Store,UPI,20.0,4.0,2024-01,2024,Wednesday
ORD102936,2024-01-10,Sports,Running Shoes,79.0,1,79.0,0.0,Central,In-Store,UPI,37.0,5.0,2024-01,2024,Wednesday
ORD103244,2024-01-10,Home & Kitchen,Blender,37.05,1,37.05,0.05,South,In-Store,Wallet,20.0,2.0,2024-01,2024,Wednesday
ORD101082,2024-01-10,Electronics,Smartwatch,169.15,1,169.15,0.15,East,In-Store,UPI,55.0,5.0,2024-01,2024,Wednesday
ORD102366,2024-01-10,Apparel,Sneakers,65.0,1,65.0,0.0,East,Online,UPI,37.0,5.0,2024-01,2024,Wednesday
ORD104164,2024-01-10,Sports,Running Shoes,67.15,1,67.15,0.15,West,Online,Debit Card,18.0,5.0,2024-01,2024,Wednesday
ORD102682,2024-01-11,Beauty,Lipstick,18.0,1,18.0,0.0,East,In-Store,Credit Card,26.0,4.0,2024-01,2024,Thursday
ORD100814,2024-01-11,Electronics,Tablet,349.0,1,349.0,0.0,West,Online,Debit Card,34.0,4.0,2024-01,2024,Thursday
ORD103237,2024-01-11,Sports,Running Shoes,79.0,1,79.0,0.0,South,Online,Wallet,18.0,4.0,2024-01,2024,Thursday
ORD103787,2024-01-11,Sports,Yoga Mat,25.0,1,25.0,0.0,Central,Online,UPI,43.0,4.0,2024-01,2024,Thursday
ORD104380,2024-01-12,Apparel,Sneakers,65.0,2,130.0,0.0,Central,In-Store,UPI,41.0,5.0,2024-01,2024,Friday
ORD100776,2024-01-12,Home & Kitchen,Coffee Maker,59.0,2,118.0,0.0,West,In-Store,Cash,31.0,5.0,2024-01,2024,Friday
ORD100160,2024-01-12,Beauty,Shampoo,11.4,1,11.4,0.05,South,In-Store,Cash,25.0,2.0,2024-01,2024,Friday
ORD103095,2024-01-13,Apparel,Jacket,89.0,1,89.0,0.0,South,Online,Credit Card,18.0,5.0,2024-01,2024,Saturday
ORD102270,2024-01-13,Electronics,Smartphone,594.15,1,594.15,0.15,West,In-Store,UPI,47.0,3.0,2024-01,2024,Saturday
ORD104319,2024-01-13,Sports,Dumbbells,45.0,1,45.0,0.0,West,Online,Cash,37.0,3.0,2024-01,2024,Saturday
ORD101602,2024-01-13,Electronics,Smartphone,699.0,1,699.0,0.0,West,Online,Debit Card,22.0,5.0,2024-01,2024,Saturday
ORD104411,2024-01-13,Sports,Dumbbells,42.75,1,42.75,0.05,South,In-Store,Credit Card,22.0,5.0,2024-01,2024,Saturday
ORD100241,2024-01-13,Apparel,Jacket,84.55,3,253.65,0.05,South,Online,UPI,24.0,5.0,2024-01,2024,Saturday
ORD100895,2024-01-13,Beauty,Shampoo,11.4,2,22.8,0.05,Central,Online,Debit Card,47.0,3.0,2024-01,2024,Saturday
ORD101916,2024-01-13,Electronics,Tablet,349.0,1,349.0,0.0,West,Online,Credit Card,26.0,4.0,2024-01,2024,Saturday
ORD100914,2024-01-13,Home & Kitchen,Cookware Set,122.55,1,122.55,0.05,South,Online,Credit Card,59.0,3.0,2024-01,2024,Saturday
ORD101131,2024-01-14,Home & Kitchen,Air Fryer,89.0,1,89.0,0.0,South,Online,Credit Card,27.0,5.0,2024-01,2024,Sunday
ORD101643,2024-01-14,Sports,Bicycle,349.0,2,698.0,0.0,North,In-Store,UPI,18.0,5.0,2024-01,2024,Sunday
ORD102321,2024-01-14,Home & Kitchen,Vacuum,149.0,1,149.0,0.0,West,In-Store,Wallet,29.0,4.0,2024-01,2024,Sunday
ORD101260,2024-01-14,Apparel,Jeans,40.5,1,40.5,0.1,North,Online,Wallet,43.0,4.0,2024-01,2024,Sunday
ORD102735,2024-01-14,Sports,Bicycle,279.2,2,558.4,0.2,East,Online,Credit Card,44.0,4.0,2024-01,2024,Sunday
ORD100683,2024-01-14,Electronics,Smartphone,594.15,3,1782.45,0.15,South,Online,Debit Card,18.0,5.0,2024-01,2024,Sunday
ORD104690,2024-01-15,Electronics,Smartphone,699.0,1,699.0,0.0,South,Online,UPI,32.0,5.0,2024-01,2024,Monday
ORD101148,2024-01-15,Apparel,Sneakers,52.0,3,156.0,0.2,Central,In-Store,Debit Card,35.0,4.0,2024-01,2024,Monday
ORD100897,2024-01-15,Beauty,Sunscreen,16.0,1,16.0,0.0,North,Online,Credit Card,49.0,4.0,2024-01,2024,Monday
ORD104893,2024-01-15,Beauty,Moisturizer,22.0,1,22.0,0.0,East,Online,UPI,24.0,4.0,2024-01,2024,Monday
ORD103478,2024-01-15,Home & Kitchen,Coffee Maker,59.0,1,59.0,0.0,North,Online,Debit Card,18.0,3.0,2024-01,2024,Monday
ORD104638,2024-01-15,Home & Kitchen,Blender,33.15,2,66.3,0.15,East,In-Store,Cash,18.0,4.0,2024-01,2024,Monday
ORD100830,2024-01-15,Electronics,Tablet,349.0,1,349.0,0.0,West,Online,UPI,31.0,4.0,2024-01,2024,Monday
ORD104739,2024-01-16,Sports,Yoga Mat,25.0,2,50.0,0.0,East,Online,Debit Card,37.0,5.0,2024-01,2024,Tuesday
ORD102068,2024-01-16,Beauty,Lipstick,17.1,1,17.1,0.05,North,Online,Credit Card,22.0,3.0,2024-01,2024,Tuesday
ORD104823,2024-01-16,Home & Kitchen,Air Fryer,89.0,1,89.0,0.0,South,Online,Credit Card,36.0,3.0,2024-01,2024,Tuesday
ORD101187,2024-01-16,Home & Kitchen,Cookware Set,122.55,1,122.55,0.05,Central,Online,Credit Card,42.0,3.0,2024-01,2024,Tuesday
ORD100912,2024-01-16,Sports,Running Shoes,75.05,1,75.05,0.05,Central,Online,UPI,45.0,2.0,2024-01,2024,Tuesday
ORD101831,2024-01-16,Electronics,Laptop,999.0,1,999.0,0.0,Central,Online,Cash,37.0,5.0,2024-01,2024,Tuesday
ORD100523,2024-01-17,Beauty,Shampoo,11.4,2,22.8,0.05,West,Online,Debit Card,34.0,1.0,2024-01,2024,Wednesday
ORD104261,2024-01-17,Sports,Running Shoes,63.2,3,189.6,0.2,East,Online,Debit Card,18.0,5.0,2024-01,2024,Wednesday
ORD101776,2024-01-17,Home & Kitchen,Air Fryer,89.0,1,89.0,0.0,West,In-Store,Debit Card,48.0,4.0,2024-01,2024,Wednesday
ORD100884,2024-01-17,Beauty,Moisturizer,20.9,2,41.8,0.05,South,In-Store,Debit Card,18.0,4.0,2024-01,2024,Wednesday
ORD101299,2024-01-17,Home & Kitchen,Coffee Maker,50.15,2,100.3,0.15,South,In-Store,Credit Card,18.0,2.0,2024-01,2024,Wednesday
ORD103889,2024-01-17,Electronics,Smartphone,699.0,3,2097.0,0.0,Central,Online,Debit Card,33.0,5.0,2024-01,2024,Wednesday
ORD100761,2024-01-17,Apparel,Jeans,38.25,1,38.25,0.15,East,Online,Debit Card,35.0,4.0,2024-01,2024,Wednesday
ORD101569,2024-01-17,Beauty,Lipstick,18.0,1,18.0,0.0,South,Online,Credit Card,27.0,3.0,2024-01,2024,Wednesday
ORD100818,2024-01-18,Electronics,Smartwatch,199.0,2,398.0,0.0,Central,In-Store,Debit Card,27.0,4.0,2024-01,2024,Thursday
ORD102364,2024-01-18,Apparel,Jeans,40.5,1,40.5,0.1,North,Online,Credit Card,24.0,4.0,2024-01,2024,Thursday
ORD103347,2024-01-18,Sports,Yoga Mat,23.75,1,23.75,0.05,North,Online,UPI,29.0,5.0,2024-01,2024,Thursday
ORD103774,2024-01-18,Electronics,Smartphone,664.05,3,1992.15,0.05,North,Online,Credit Card,66.0,5.0,2024-01,2024,Thursday
ORD102051,2024-01-18,Home & Kitchen,Cookware Set,129.0,1,129.0,0.0,Central,Online,UPI,35.0,5.0,2024-01,2024,Thursday
ORD100783,2024-01-19,Electronics,Smartwatch,179.1,1,179.1,0.1,North,In-Store,Wallet,33.0,5.0,2024-01,2024,Friday
ORD103188,2024-01-19,Home & Kitchen,Cookware Set,122.55,2,245.1,0.05,North,Online,Cash,24.0,5.0,2024-01,2024,Friday
ORD104087,2024-01-19,Apparel,Sneakers,61.75,1,61.75,0.05,Central,In-Store,UPI,38.0,4.0,2024-01,2024,Friday
ORD101750,2024-01-19,Home & Kitchen,Cookware Set,103.2,3,309.6,0.2,East,In-Store,Credit Card,38.0,5.0,2024-01,2024,Friday
ORD101869,2024-01-19,Beauty,Shampoo,12.0,1,12.0,0.0,North,In-Store,Credit Card,34.0,3.0,2024-01,2024,Friday
ORD100729,2024-01-20,Home & Kitchen,Coffee Maker,53.1,4,212.4,0.1,North,In-Store,Credit Card,18.0,5.0,2024-01,2024,Saturday
ORD103795,2024-01-20,Sports,Yoga Mat,21.25,1,21.25,0.15,West,In-Store,Debit Card,26.0,1.0,2024-01,2024,Saturday
ORD102975,2024-01-20,Electronics,Smartphone,664.05,1,664.05,0.05,South,Online,Cash,18.0,4.0,2024-01,2024,Saturday
ORD104649,2024-01-20,Home & Kitchen,Coffee Maker,59.0,2,118.0,0.0,Central,Online,UPI,26.0,5.0,2024-01,2024,Saturday
ORD101224,2024-01-21,Electronics,Smartwatch,169.15,2,338.3,0.15,South,Online,UPI,23.0,2.0,2024-01,2024,Sunday
ORD100170,2024-01-21,Sports,Dumbbells,38.25,4,153.0,0.15,North,In-Store,Wallet,37.0,4.0,2024-01,2024,Sunday
ORD102151,2024-01-21,Electronics,Headphones,49.0,1,49.0,0.0,Central,In-Store,UPI,36.0,3.0,2024-01,2024,Sunday
ORD101251,2024-01-21,Beauty,Shampoo,12.0,2,24.0,0.0,South,In-Store,Cash,22.0,4.0,2024-01,2024,Sunday
ORD104213,2024-01-21,Apparel,Sneakers,58.5,1,58.5,0.1,Central,In-Store,UPI,40.0,3.0,2024-01,2024,Sunday
ORD102676,2024-01-21,Home & Kitchen,Vacuum,149.0,1,149.0,0.0,West,In-Store,Debit Card,44.0,2.0,2024-01,2024,Sunday
ORD101045,2024-01-21,Beauty,Perfume,61.75,1,61.75,0.05,Central,In-Store,UPI,36.0,3.0,2024-01,2024,Sunday
ORD101240,2024-01-21,Beauty,Sunscreen,16.0,5,80.0,0.0,East,In-Store,Debit Card,31.0,3.0,2024-01,2024,Sunday
ORD104956,2024-01-21,Apparel,Jeans,45.0,1,45.0,0.0,West,Online,Credit Card,22.0,4.0,2024-01,2024,Sunday
ORD103854,2024-01-21,Electronics,Smartphone,699.0,1,699.0,0.0,West,Online,Credit Card,31.0,4.0,2024-01,2024,Sunday
ORD103310,2024-01-22,Apparel,Sneakers,58.5,1,58.5,0.1,South,Online,UPI,24.0,3.0,2024-01,2024,Monday
ORD102997,2024-01-22,Beauty,Shampoo,11.4,1,11.4,0.05,Central,Online,Debit Card,22.0,4.0,2024-01,2024,Monday
ORD102203,2024-01-22,Beauty,Sunscreen,16.0,1,16.0,0.0,South,Online,Credit Card,23.0,4.0,2024-01,2024,Monday
ORD104499,2024-01-22,Home & Kitchen,Cookware Set,129.0,1,129.0,0.0,East,Online,UPI,36.0,4.0,2024-01,2024,Monday
ORD102889,2024-01-22,Apparel,Jeans,38.25,1,38.25,0.15,South,Online,Debit Card,57.0,4.0,2024-01,2024,Monday
ORD102083,2024-01-22,Electronics,Laptop,899.1,1,899.1,0.1,North,In-Store,UPI,31.0,5.0,2024-01,2024,Monday
ORD104141,2024-01-22,Electronics,Headphones,39.2,1,39.2,0.2,East,Online,UPI,35.0,3.0,2024-01,2024,Monday
ORD101958,2024-01-22,Apparel,Jeans,45.0,3,135.0,0.0,Central,Online,Credit Card,26.0,5.0,2024-01,2024,Monday
ORD102564,2024-01-22,Sports,Yoga Mat,21.25,1,21.25,0.15,North,Online,UPI,42.0,5.0,2024-01,2024,Monday
ORD103913,2024-01-22,Electronics,Headphones,49.0,1,49.0,0.0,Central,Online,Credit Card,44.0,4.0,2024-01,2024,Monday
ORD100977,2024-01-23,Beauty,Lipstick,17.1,1,17.1,0.05,North,Online,Credit Card,34.0,1.0,2024-01,2024,Tuesday
ORD104992,2024-01-23,Sports,Running Shoes,71.1,1,71.1,0.1,East,In-Store,UPI,46.0,5.0,2024-01,2024,Tuesday
ORD101760,2024-01-23,Sports,Tent,129.0,3,387.0,0.0,North,In-Store,Credit Card,46.0,5.0,2024-01,2024,Tuesday
ORD102930,2024-01-23,Sports,Dumbbells,45.0,1,45.0,0.0,West,Online,Wallet,27.0,5.0,2024-01,2024,Tuesday
ORD102340,2024-01-23,Apparel,Jacket,89.0,4,356.0,0.0,South,In-Store,UPI,43.0,4.0,2024-01,2024,Tuesday
ORD102001,2024-01-23,Electronics,Smartwatch,169.15,4,676.6,0.15,Central,Online,Debit Card,26.0,4.0,2024-01,2024,Tuesday
ORD103198,2024-01-23,Apparel,Sneakers,58.5,1,58.5,0.1,North,Online,UPI,32.0,4.0,2024-01,2024,Tuesday
ORD100697,2024-01-23,Home & Kitchen,Air Fryer,75.65,2,151.3,0.15,East,Online,UPI,18.0,5.0,2024-01,2024,Tuesday
ORD101429,2024-01-23,Electronics,Smartphone,664.05,1,664.05,0.05,South,Online,Credit Card,31.0,5.0,2024-01,2024,Tuesday
ORD101499,2024-01-23,Electronics,Smartwatch,179.1,1,179.1,0.1,South,Online,Wallet,57.0,5.0,2024-01,2024,Tuesday
ORD102076,2024-01-24,Sports,Running Shoes,71.1,2,142.2,0.1,West,In-Store,Debit Card,29.0,5.0,2024-01,2024,Wednesday
ORD102153,2024-01-24,Beauty,Sunscreen,15.2,1,15.2,0.05,East,Online,Wallet,31.0,4.0,2024-01,2024,Wednesday
ORD102882,2024-01-24,Apparel,Sneakers,55.25,1,55.25,0.15,South,In-Store,Debit Card,18.0,3.0,2024-01,2024,Wednesday
ORD101032,2024-01-24,Beauty,Shampoo,10.8,2,21.6,0.1,South,Online,Cash,59.0,3.0,2024-01,2024,Wednesday
ORD103179,2024-01-24,Apparel,T-Shirt,15.0,1,15.0,0.0,Central,In-Store,UPI,18.0,5.0,2024-01,2024,Wednesday
ORD101434,2024-01-24,Electronics,Headphones,49.0,2,98.0,0.0,Central,Online,Credit Card,33.0,4.0,2024-01,2024,Wednesday
ORD100863,2024-01-25,Apparel,Dress,52.25,2,104.5,0.05,South,Online,Credit Card,18.0,3.0,2024-01,2024,Thursday
ORD103428,2024-01-25,Beauty,Lipstick,17.1,1,17.1,0.05,South,In-Store,Cash,21.0,2.0,2024-01,2024,Thursday
ORD101155,2024-01-25,Sports,Tent,103.2,1,103.2,0.2,South,Online,Credit Card,26.0,5.0,2024-01,2024,Thursday
ORD100777,2024-01-25,Electronics,Laptop,799.2,2,1598.4,0.2,Central,In-Store,Debit Card,18.0,3.0,2024-01,2024,Thursday
ORD104878,2024-01-25,Sports,Tent,129.0,2,258.0,0.0,West,Online,Cash,50.0,4.0,2024-01,2024,Thursday
ORD104399,2024-01-25,Electronics,Laptop,999.0,1,999.0,0.0,East,In-Store,Cash,33.0,5.0,2024-01,2024,Thursday
ORD103927,2024-01-25,Electronics,Smartwatch,169.15,3,507.45,0.15,North,In-Store,UPI,32.0,4.0,2024-01,2024,Thursday
ORD103282,2024-01-25,Electronics,Smartphone,699.0,2,1398.0,0.0,Central,Online,Debit Card,38.0,1.0,2024-01,2024,Thursday
ORD104309,2024-01-26,Apparel,Jeans,38.25,4,153.0,0.15,South,In-Store,UPI,34.0,4.0,2024-01,2024,Friday
ORD102545,2024-01-26,Electronics,Laptop,849.15,1,849.15,0.15,West,In-Store,Credit Card,20.0,5.0,2024-01,2024,Friday
ORD101266,2024-01-26,Home & Kitchen,Vacuum,141.55,1,141.55,0.05,South,Online,UPI,18.0,4.0,2024-01,2024,Friday
ORD104390,2024-01-26,Home & Kitchen,Coffee Maker,59.0,2,118.0,0.0,East,In-Store,Debit Card,52.0,4.0,2024-01,2024,Friday
ORD102162,2024-01-26,Beauty,Shampoo,12.0,1,12.0,0.0,West,Online,Wallet,47.0,4.0,2024-01,2024,Friday
ORD101218,2024-01-26,Sports,Bicycle,331.55,1,331.55,0.05,East,Online,UPI,18.0,5.0,2024-01,2024,Friday
ORD103429,2024-01-26,Beauty,Moisturizer,19.8,2,39.6,0.1,North,In-Store,Debit Card,41.0,5.0,2024-01,2024,Friday
ORD102192,2024-01-26,Apparel,Jeans,45.0,1,45.0,0.0,West,In-Store,Debit Card,34.0,5.0,2024-01,2024,Friday
ORD100405,2024-01-26,Home & Kitchen,Coffee Maker,56.05,1,56.05,0.05,West,In-Store,Cash,25.0,5.0,2024-01,2024,Friday
ORD100497,2024-01-26,Apparel,Sneakers,65.0,2,130.0,0.0,Central,Online,Credit Card,25.0,5.0,2024-01,2024,Friday
ORD100264,2024-01-26,Home & Kitchen,Blender,39.0,1,39.0,0.0,Central,In-Store,UPI,52.0,4.0,2024-01,2024,Friday
ORD103144,2024-01-27,Apparel,Dress,55.0,1,55.0,0.0,North,Online,Credit Card,37.0,4.0,2024-01,2024,Saturday
ORD103284,2024-01-27,Apparel,Jacket,84.55,1,84.55,0.05,South,Online,Credit Card,18.0,4.0,2024-01,2024,Saturday
ORD103872,2024-01-27,Electronics,Headphones,46.55,1,46.55,0.05,East,In-Store,Credit Card,20.0,2.0,2024-01,2024,Saturday
ORD104354,2024-01-27,Home & Kitchen,Blender,37.05,5,185.25,0.05,West,In-Store,Debit Card,42.0,3.0,2024-01,2024,Saturday
ORD103514,2024-01-27,Apparel,Sneakers,52.0,2,104.0,0.2,Central,Online,UPI,34.0,5.0,2024-01,2024,Saturday
ORD104767,2024-01-27,Home & Kitchen,Blender,39.0,3,117.0,0.0,North,Online,Credit Card,34.0,3.0,2024-01,2024,Saturday
ORD103531,2024-01-27,Electronics,Smartwatch,159.2,1,159.2,0.2,North,Online,Credit Card,32.0,4.0,2024-01,2024,Saturday
ORD102916,2024-01-27,Electronics,Headphones,49.0,1,49.0,0.0,East,Online,Debit Card,47.0,2.0,2024-01,2024,Saturday
ORD101623,2024-01-27,Sports,Tent,129.0,2,258.0,0.0,South,Online,Wallet,46.0,5.0,2024-01,2024,Saturday
ORD103583,2024-01-28,Home & Kitchen,Vacuum,134.1,3,402.3,0.1,West,In-Store,Debit Card,22.0,4.0,2024-01,2024,Sunday
ORD102659,2024-01-28,Home & Kitchen,Cookware Set,129.0,3,387.0,0.0,Central,Online,Cash,38.0,5.0,2024-01,2024,Sunday
ORD103831,2024-01-28,Sports,Running Shoes,79.0,3,237.0,0.0,South,Online,Credit Card,40.0,4.0,2024-01,2024,Sunday
ORD103561,2024-01-28,Sports,Tent,103.2,2,206.4,0.2,South,Online,Credit Card,29.0,3.0,2024-01,2024,Sunday
ORD102529,2024-01-28,Sports,Yoga Mat,23.75,3,71.25,0.05,Central,Online,Cash,33.0,4.0,2024-01,2024,Sunday
ORD104457,2024-01-28,Sports,Yoga Mat,25.0,1,25.0,0.0,South,Online,Credit Card,39.0,5.0,2024-01,2024,Sunday
ORD102674,2024-01-28,Sports,Dumbbells,45.0,4,180.0,0.0,Central,Online,UPI,37.0,4.0,2024-01,2024,Sunday
ORD102149,2024-01-29,Beauty,Sunscreen,16.0,1,16.0,0.0,Central,Online,Debit Card,53.0,4.0,2024-01,2024,Monday
ORD104806,2024-01-29,Beauty,Perfume,61.75,1,61.75,0.05,Central,In-Store,Debit Card,46.0,3.0,2024-01,2024,Monday
ORD104427,2024-01-29,Sports,Dumbbells,40.5,1,40.5,0.1,West,Online,Credit Card,18.0,3.0,2024-01,2024,Monday
ORD100092,2024-01-29,Beauty,Perfume,58.5,1,58.5,0.1,West,In-Store,Credit Card,22.0,5.0,2024-01,2024,Monday
ORD104407,2024-01-29,Home & Kitchen,Blender,37.05,4,148.2,0.05,South,In-Store,Wallet,56.0,1.0,2024-01,2024,Monday
ORD102310,2024-01-29,Sports,Tent,122.55,1,122.55,0.05,East,In-Store,UPI,33.0,2.0,2024-01,2024,Monday
ORD101562,2024-01-29,Electronics,Headphones,49.0,1,49.0,0.0,South,Online,Credit Card,18.0,4.0,2024-01,2024,Monday
ORD103261,2024-01-29,Sports,Bicycle,349.0,1,349.0,0.0,East,Online,UPI,53.0,4.0,2024-01,2024,Monday
ORD100042,2024-01-29,Home & Kitchen,Vacuum,119.2,1,119.2,0.2,North,In-Store,Credit Card,36.0,4.0,2024-01,2024,Monday
ORD104313,2024-01-29,Apparel,T-Shirt,12.75,1,12.75,0.15,Central,Online,UPI,28.0,4.0,2024-01,2024,Monday
ORD102851,2024-01-30,Electronics,Smartphone,699.0,1,699.0,0.0,East,Online,Debit Card,41.0,2.0,2024-01,2024,Tuesday
ORD103033,2024-01-30,Beauty,Moisturizer,22.0,1,22.0,0.0,South,Online,Credit Card,18.0,3.0,2024-01,2024,Tuesday
ORD103384,2024-01-30,Sports,Bicycle,349.0,2,698.0,0.0,East,In-Store,Cash,38.0,1.0,2024-01,2024,Tuesday
ORD102923,2024-01-30,Apparel,Sneakers,55.25,1,55.25,0.15,West,In-Store,Wallet,60.0,5.0,2024-01,2024,Tuesday
ORD103319,2024-01-30,Home & Kitchen,Blender,39.0,1,39.0,0.0,West,Online,Credit Card,46.0,4.0,2024-01,2024,Tuesday
ORD101234,2024-01-31,Electronics,Headphones,44.1,1,44.1,0.1,North,Online,Credit Card,25.0,5.0,2024-01,2024,Wednesday
ORD102536,2024-01-31,Apparel,T-Shirt,13.5,3,40.5,0.1,Central,Online,Debit Card,32.0,3.0,2024-01,2024,Wednesday
ORD103019,2024-01-31,Electronics,Smartphone,664.05,5,3320.25,0.05,West,In-Store,Wallet,29.0,4.0,2024-01,2024,Wednesday
ORD104889,2024-01-31,Home & Kitchen,Cookware Set,122.55,3,367.65,0.05,West,Online,Debit Card,18.0,5.0,2024-01,2024,Wednesday
ORD101649,2024-01-31,Beauty,Lipstick,18.0,3,54.0,0.0,West,In-Store,Debit Card,45.0,2.0,2024-01,2024,Wednesday
ORD104142,2024-01-31,Apparel,Dress,55.0,1,55.0,0.0,South,In-Store,Credit Card,18.0,5.0,2024-01,2024,Wednesday
ORD102861,2024-01-31,Apparel,Jeans,42.75,1,42.75,0.05,South,Online,Credit Card,38.0,4.0,2024-01,2024,Wednesday
ORD100414,2024-01-31,Apparel,Jacket,84.55,1,84.55,0.05,South,Online,Debit Card,26.0,5.0,2024-01,2024,Wednesday
ORD101781,2024-01-31,Sports,Tent,109.65,1,109.65,0.15,North,Online,Wallet,34.0,4.0,2024-01,2024,Wednesday
ORD104469,2024-01-31,Apparel,Jeans,45.0,1,45.0,0.0,West,Online,UPI,18.0,1.0,2024-01,2024,Wednesday
ORD102544,2024-02-01,Home & Kitchen,Air Fryer,80.1,1,80.1,0.1,South,In-Store,Credit Card,18.0,4.0,2024-02,2024,Thursday
ORD102038,2024-02-01,Beauty,Perfume,65.0,2,130.0,0.0,West,Online,Wallet,28.0,5.0,2024-02,2024,Thursday
ORD104590,2024-02-01,Electronics,Headphones,49.0,1,49.0,0.0,West,Online,Credit Card,18.0,3.0,2024-02,2024,Thursday
ORD102955,2024-02-01,Beauty,Sunscreen,15.2,2,30.4,0.05,North,Online,UPI,46.0,5.0,2024-02,2024,Thursday
ORD101428,2024-02-01,Sports,Yoga Mat,25.0,1,25.0,0.0,Central,Online,Debit Card,37.0,5.0,2024-02,2024,Thursday
ORD101988,2024-02-01,Beauty,Lipstick,16.2,1,16.2,0.1,West,In-Store,UPI,52.0,5.0,2024-02,2024,Thursday
ORD100561,2024-02-01,Electronics,Smartphone,699.0,1,699.0,0.0,West,In-Store,Credit Card,37.0,4.0,2024-02,2024,Thursday
ORD104610,2024-02-02,Electronics,Laptop,999.0,1,999.0,0.0,North,Online,Credit Card,54.0,5.0,2024-02,2024,Friday
ORD103668,2024-02-02,Home & Kitchen,Vacuum,141.55,1,141.55,0.05,South,In-Store,Cash,19.0,4.0,2024-02,2024,Friday
ORD100572,2024-02-03,Apparel,Jeans,42.75,1,42.75,0.05,East,In-Store,Credit Card,22.0,5.0,2024-02,2024,Saturday
ORD102906,2024-02-03,Apparel,Jacket,80.1,1,80.1,0.1,South,Online,UPI,29.0,1.0,2024-02,2024,Saturday
ORD103331,2024-02-03,Apparel,Jacket,84.55,3,253.65,0.05,South,Online,Credit Card,20.0,5.0,2024-02,2024,Saturday
ORD101655,2024-02-03,Sports,Bicycle,331.55,1,331.55,0.05,North,In-Store,UPI,49.0,4.0,2024-02,2024,Saturday
ORD101462,2024-02-03,Home & Kitchen,Cookware Set,109.65,1,109.65,0.15,North,In-Store,Debit Card,23.0,3.0,2024-02,2024,Saturday
ORD104755,2024-02-04,Beauty,Sunscreen,16.0,1,16.0,0.0,Central,Online,Credit Card,46.0,4.0,2024-02,2024,Sunday
ORD103211,2024-02-04,Beauty,Sunscreen,16.0,1,16.0,0.0,East,Online,Credit Card,38.0,5.0,2024-02,2024,Sunday
ORD100837,2024-02-04,Sports,Dumbbells,45.0,3,135.0,0.0,East,Online,Debit Card,36.0,5.0,2024-02,2024,Sunday
ORD103306,2024-02-04,Home & Kitchen,Blender,39.0,2,78.0,0.0,North,In-Store,Debit Card,18.0,1.0,2024-02,2024,Sunday
ORD101581,2024-02-04,Beauty,Sunscreen,16.0,1,16.0,0.0,South,Online,UPI,52.0,5.0,2024-02,2024,Sunday
ORD104684,2024-02-04,Electronics,Tablet,349.0,1,349.0,0.0,North,In-Store,Credit Card,41.0,5.0,2024-02,2024,Sunday
ORD104079,2024-02-04,Home & Kitchen,Cookware Set,122.55,1,122.55,0.05,East,Online,Credit Card,23.0,3.0,2024-02,2024,Sunday
ORD100435,2024-02-04,Sports,Tent,129.0,1,129.0,0.0,East,Online,Credit Card,24.0,5.0,2024-02,2024,Sunday
ORD103837,2024-02-04,Home & Kitchen,Air Fryer,89.0,1,89.0,0.0,North,In-Store,Cash,35.0,4.0,2024-02,2024,Sunday
ORD103185,2024-02-05,Apparel,Jeans,45.0,1,45.0,0.0,West,Online,UPI,35.0,4.0,2024-02,2024,Monday
ORD100010,2024-02-05,Apparel,Dress,55.0,1,55.0,0.0,West,In-Store,Cash,44.0,5.0,2024-02,2024,Monday
ORD104451,2024-02-05,Electronics,Smartwatch,179.1,1,179.1,0.1,North,In-Store,Credit Card,32.0,4.0,2024-02,2024,Monday
ORD102101,2024-02-05,Electronics,Headphones,49.0,2,98.0,0.0,Central,In-Store,Cash,22.0,5.0,2024-02,2024,Monday
ORD104102,2024-02-05,Apparel,Jeans,45.0,2,90.0,0.0,Central,Online,Credit Card,27.0,5.0,2024-02,2024,Monday
ORD101311,2024-02-05,Beauty,Shampoo,12.0,1,12.0,0.0,North,Online,Debit Card,36.0,5.0,2024-02,2024,Monday
ORD104565,2024-02-05,Home & Kitchen,Vacuum,126.65,1,126.65,0.15,West,Online,Debit Card,33.0,4.0,2024-02,2024,Monday
ORD101829,2024-02-06,Beauty,Moisturizer,17.6,1,17.6,0.2,West,Online,Credit Card,48.0,4.0,2024-02,2024,Tuesday
ORD104386,2024-02-06,Home & Kitchen,Coffee Maker,50.15,1,50.15,0.15,Central,In-Store,Credit Card,28.0,4.0,2024-02,2024,Tuesday
ORD100591,2024-02-06,Home & Kitchen,Air Fryer,89.0,1,89.0,0.0,West,In-Store,Debit Card,36.0,3.0,2024-02,2024,Tuesday
ORD102925,2024-02-06,Apparel,Jeans,45.0,1,45.0,0.0,South,Online,Credit Card,33.0,4.0,2024-02,2024,Tuesday
ORD102865,2024-02-06,Home & Kitchen,Air Fryer,89.0,2,178.0,0.0,East,Online,Credit Card,22.0,3.0,2024-02,2024,Tuesday
ORD101966,2024-02-06,Apparel,Sneakers,61.75,2,123.5,0.05,North,In-Store,UPI,36.0,4.0,2024-02,2024,Tuesday
ORD103535,2024-02-06,Electronics,Headphones,41.65,1,41.65,0.15,South,Online,Debit Card,18.0,3.0,2024-02,2024,Tuesday
ORD100856,2024-02-06,Electronics,Tablet,349.0,1,349.0,0.0,North,In-Store,Debit Card,23.0,4.0,2024-02,2024,Tuesday
ORD102394,2024-02-07,Apparel,T-Shirt,15.0,1,15.0,0.0,West,Online,UPI,27.0,5.0,2024-02,2024,Wednesday
ORD103056,2024-02-07,Home & Kitchen,Cookware Set,116.1,1,116.1,0.1,West,In-Store,Debit Card,22.0,4.0,2024-02,2024,Wednesday
ORD102768,2024-02-07,Sports,Dumbbells,45.0,1,45.0,0.0,Central,In-Store,Debit Card,27.0,3.0,2024-02,2024,Wednesday
ORD101279,2024-02-07,Apparel,Sneakers,52.0,2,104.0,0.2,North,Online,Debit Card,34.0,5.0,2024-02,2024,Wednesday
ORD102238,2024-02-07,Apparel,T-Shirt,14.25,3,42.75,0.05,West,Online,UPI,33.0,5.0,2024-02,2024,Wednesday
ORD100184,2024-02-07,Sports,Dumbbells,45.0,2,90.0,0.0,West,Online,Cash,55.0,3.0,2024-02,2024,Wednesday
ORD102708,2024-02-08,Apparel,Sneakers,65.0,1,65.0,0.0,West,In-Store,UPI,26.0,5.0,2024-02,2024,Thursday
ORD101801,2024-02-08,Electronics,Laptop,999.0,1,999.0,0.0,South,Online,Credit Card,37.0,4.0,2024-02,2024,Thursday
ORD100971,2024-02-08,Sports,Running Shoes,75.05,3,225.15,0.05,Central,Online,Wallet,18.0,4.0,2024-02,2024,Thursday
ORD101108,2024-02-08,Sports,Dumbbells,42.75,1,42.75,0.05,East,In-Store,Debit Card,39.0,1.0,2024-02,2024,Thursday
ORD100147,2024-02-08,Beauty,Shampoo,12.0,1,12.0,0.0,North,Online,Credit Card,49.0,5.0,2024-02,2024,Thursday
ORD104084,2024-02-09,Home & Kitchen,Coffee Maker,59.0,2,118.0,0.0,Central,Online,UPI,23.0,5.0,2024-02,2024,Friday
ORD104636,2024-02-09,Apparel,Jacket,89.0,1,89.0,0.0,West,Online,Debit Card,18.0,4.0,2024-02,2024,Friday
ORD103796,2024-02-09,Apparel,Dress,46.75,1,46.75,0.15,East,In-Store,UPI,44.0,2.0,2024-02,2024,Friday
ORD101889,2024-02-09,Beauty,Perfume,61.75,1,61.75,0.05,West,In-Store,UPI,32.0,5.0,2024-02,2024,Friday
ORD100804,2024-02-09,Beauty,Sunscreen,16.0,1,16.0,0.0,Central,In-Store,Debit Card,31.0,5.0,2024-02,2024,Friday
ORD102368,2024-02-09,Home & Kitchen,Blender,35.1,1,35.1,0.1,North,Online,Cash,23.0,5.0,2024-02,2024,Friday
ORD101753,2024-02-09,Electronics,Laptop,999.0,3,2997.0,0.0,South,Online,UPI,54.0,4.0,2024-02,2024,Friday
ORD103971,2024-02-09,Electronics,Headphones,41.65,1,41.65,0.15,East,Online,Wallet,35.0,3.0,2024-02,2024,Friday
ORD102694,2024-02-10,Beauty,Perfume,65.0,1,65.0,0.0,Central,Online,Cash,60.0,4.0,2024-02,2024,Saturday
ORD101293,2024-02-10,Apparel,Jacket,80.1,1,80.1,0.1,Central,Online,Debit Card,41.0,5.0,2024-02,2024,Saturday
ORD103951,2024-02-10,Beauty,Shampoo,11.4,1,11.4,0.05,East,Online,Debit Card,28.0,3.0,2024-02,2024,Saturday
ORD103898,2024-02-10,Apparel,Jeans,38.25,1,38.25,0.15,Central,In-Store,Credit Card,23.0,5.0,2024-02,2024,Saturday
ORD103856,2024-02-10,Electronics,Smartwatch,179.1,1,179.1,0.1,South,Online,Credit Card,29.0,4.0,2024-02,2024,Saturday
ORD103823,2024-02-10,Beauty,Sunscreen,14.4,2,28.8,0.1,North,Online,Debit Card,34.0,4.0,2024-02,2024,Saturday
ORD100206,2024-02-10,Beauty,Shampoo,12.0,2,24.0,0.0,North,Online,Debit Card,43.0,5.0,2024-02,2024,Saturday
ORD100070,2024-02-11,Electronics,Tablet,331.55,1,331.55,0.05,East,In-Store,Debit Card,57.0,4.0,2024-02,2024,Sunday
ORD101041,2024-02-11,Electronics,Tablet,331.55,2,663.1,0.05,North,In-Store,Credit Card,18.0,4.0,2024-02,2024,Sunday
ORD100406,2024-02-11,Apparel,Jeans,45.0,1,45.0,0.0,West,Online,UPI,53.0,4.0,2024-02,2024,Sunday
ORD103608,2024-02-11,Apparel,Dress,55.0,1,55.0,0.0,Central,Online,UPI,35.0,4.0,2024-02,2024,Sunday
ORD100164,2024-02-12,Beauty,Sunscreen,15.2,1,15.2,0.05,East,Online,Credit Card,33.0,5.0,2024-02,2024,Monday
ORD102030,2024-02-12,Apparel,Jacket,80.1,1,80.1,0.1,North,Online,UPI,39.0,3.0,2024-02,2024,Monday
ORD100144,2024-02-12,Sports,Bicycle,314.1,2,628.2,0.1,East,Online,Cash,44.0,2.0,2024-02,2024,Monday
ORD102131,2024-02-12,Sports,Bicycle,349.0,1,349.0,0.0,North,In-Store,Cash,27.0,5.0,2024-02,2024,Monday
ORD101223,2024-02-12,Beauty,Perfume,65.0,1,65.0,0.0,North,In-Store,Wallet,42.0,4.0,2024-02,2024,Monday
ORD101477,2024-02-12,Apparel,Jacket,84.55,1,84.55,0.05,West,In-Store,Wallet,22.0,5.0,2024-02,2024,Monday
ORD104696,2024-02-13,Home & Kitchen,Cookware Set,129.0,1,129.0,0.0,North,In-Store,Credit Card,26.0,4.0,2024-02,2024,Tuesday
ORD104101,2024-02-13,Electronics,Laptop,999.0,3,2997.0,0.0,North,In-Store,Wallet,48.0,5.0,2024-02,2024,Tuesday
ORD101814,2024-02-13,Electronics,Tablet,349.0,2,698.0,0.0,North,Online,UPI,35.0,4.0,2024-02,2024,Tuesday
ORD101410,2024-02-13,Beauty,Perfume,65.0,1,65.0,0.0,West,Online,Debit Card,31.0,4.0,2024-02,2024,Tuesday
ORD104054,2024-02-13,Apparel,Sneakers,65.0,2,130.0,0.0,North,Online,Credit Card,49.0,5.0,2024-02,2024,Tuesday
ORD102482,2024-02-13,Electronics,Laptop,849.15,3,2547.45,0.15,North,In-Store,UPI,35.0,5.0,2024-02,2024,Tuesday
ORD102084,2024-02-13,Apparel,Jeans,40.5,2,81.0,0.1,East,In-Store,Credit Card,18.0,3.0,2024-02,2024,Tuesday
ORD101708,2024-02-14,Apparel,T-Shirt,13.5,1,13.5,0.1,East,In-Store,Credit Card,35.0,5.0,2024-02,2024,Wednesday
ORD101875,2024-02-14,Sports,Yoga Mat,25.0,1,25.0,0.0,North,In-Store,UPI,25.0,3.0,2024-02,2024,Wednesday
ORD104378,2024-02-14,Home & Kitchen,Vacuum,126.65,1,126.65,0.15,East,Online,Debit Card,51.0,5.0,2024-02,2024,Wednesday
ORD100466,2024-02-14,Apparel,Jeans,45.0,1,45.0,0.0,West,In-Store,UPI,43.0,3.0,2024-02,2024,Wednesday
ORD103685,2024-02-14,Electronics,Smartwatch,199.0,1,199.0,0.0,North,In-Store,Credit Card,44.0,4.0,2024-02,2024,Wednesday
ORD104273,2024-02-15,Apparel,Jacket,89.0,1,89.0,0.0,East,Online,UPI,31.0,5.0,2024-02,2024,Thursday
ORD103079,2024-02-15,Beauty,Perfume,61.75,1,61.75,0.05,Central,Online,Debit Card,29.0,4.0,2024-02,2024,Thursday
ORD101147,2024-02-15,Sports,Yoga Mat,25.0,1,25.0,0.0,South,Online,Cash,42.0,5.0,2024-02,2024,Thursday
ORD100857,2024-02-15,Apparel,Jeans,40.5,2,81.0,0.1,East,Online,UPI,36.0,5.0,2024-02,2024,Thursday
ORD104204,2024-02-15,Sports,Running Shoes,79.0,1,79.0,0.0,South,Online,Credit Card,18.0,5.0,2024-02,2024,Thursday
ORD101433,2024-02-15,Beauty,Moisturizer,20.9,2,41.8,0.05,West,In-Store,Cash,34.0,5.0,2024-02,2024,Thursday
ORD101507,2024-02-15,Sports,Dumbbells,45.0,1,45.0,0.0,West,In-Store,Debit Card,26.0,5.0,2024-02,2024,Thursday
ORD103700,2024-02-16,Apparel,Dress,52.25,1,52.25,0.05,East,Online,Wallet,42.0,5.0,2024-02,2024,Friday
ORD100985,2024-02-16,Beauty,Perfume,65.0,1,65.0,0.0,Central,In-Store,Credit Card,18.0,1.0,2024-02,2024,Friday
ORD104350,2024-02-16,Apparel,T-Shirt,15.0,2,30.0,0.0,Central,Online,Credit Card,35.0,5.0,2024-02,2024,Friday
ORD104029,2024-02-16,Sports,Dumbbells,45.0,1,45.0,0.0,East,In-Store,Debit Card,18.0,5.0,2024-02,2024,Friday
ORD103307,2024-02-16,Sports,Yoga Mat,25.0,2,50.0,0.0,West,In-Store,Wallet,56.0,4.0,2024-02,2024,Friday
ORD103394,2024-02-16,Beauty,Moisturizer,20.9,1,20.9,0.05,North,Online,UPI,27.0,5.0,2024-02,2024,Friday
ORD102933,2024-02-16,Home & Kitchen,Coffee Maker,47.2,3,141.6,0.2,Central,Online,UPI,18.0,5.0,2024-02,2024,Friday
ORD100346,2024-02-17,Electronics,Laptop,999.0,2,1998.0,0.0,East,In-Store,Credit Card,37.0,4.0,2024-02,2024,Saturday
ORD102302,2024-02-17,Electronics,Headphones,49.0,1,49.0,0.0,East,In-Store,Credit Card,40.0,5.0,2024-02,2024,Saturday
ORD103553,2024-02-17,Electronics,Smartwatch,189.05,1,189.05,0.05,East,Online,Wallet,44.0,5.0,2024-02,2024,Saturday
ORD103688,2024-02-17,Electronics,Smartphone,664.05,4,2656.2,0.05,North,Online,Debit Card,35.0,4.0,2024-02,2024,Saturday
ORD101628,2024-02-17,Beauty,Lipstick,16.2,1,16.2,0.1,Central,Online,Credit Card,31.0,4.0,2024-02,2024,Saturday
ORD103309,2024-02-17,Apparel,T-Shirt,14.25,3,42.75,0.05,East,In-Store,UPI,29.0,4.0,2024-02,2024,Saturday
ORD101164,2024-02-17,Electronics,Smartphone,699.0,1,699.0,0.0,East,In-Store,Wallet,48.0,5.0,2024-02,2024,Saturday
ORD103274,2024-02-17,Apparel,Sneakers,61.75,2,123.5,0.05,North,In-Store,UPI,35.0,5.0,2024-02,2024,Saturday
ORD104874,2024-02-17,Apparel,Jeans,38.25,1,38.25,0.15,Central,Online,Credit Card,28.0,4.0,2024-02,2024,Saturday
ORD100318,2024-02-18,Beauty,Moisturizer,22.0,1,22.0,0.0,West,In-Store,Debit Card,21.0,4.0,2024-02,2024,Sunday
ORD101101,2024-02-18,Beauty,Lipstick,16.2,1,16.2,0.1,West,In-Store,Debit Card,26.0,4.0,2024-02,2024,Sunday
ORD104646,2024-02-18,Apparel,Sneakers,61.75,1,61.75,0.05,West,Online,Debit Card,28.0,3.0,2024-02,2024,Sunday
ORD102846,2024-02-19,Sports,Yoga Mat,25.0,1,25.0,0.0,West,Online,Cash,37.0,1.0,2024-02,2024,Monday
ORD102348,2024-02-19,Apparel,Jeans,40.5,4,162.0,0.1,East,Online,Credit Card,36.0,5.0,2024-02,2024,Monday
ORD102146,2024-02-19,Apparel,Jacket,75.65,1,75.65,0.15,East,In-Store,Wallet,18.0,3.0,2024-02,2024,Monday
ORD102958,2024-02-19,Apparel,Dress,52.25,2,104.5,0.05,South,Online,Credit Card,31.0,5.0,2024-02,2024,Monday
ORD104892,2024-02-19,Beauty,Shampoo,12.0,2,24.0,0.0,Central,Online,Debit Card,42.0,3.0,2024-02,2024,Monday
ORD102269,2024-02-19,Home & Kitchen,Air Fryer,89.0,1,89.0,0.0,East,In-Store,Cash,32.0,5.0,2024-02,2024,Monday
ORD102414,2024-02-19,Beauty,Perfume,65.0,1,65.0,0.0,Central,Online,Credit Card,18.0,5.0,2024-02,2024,Monday
ORD101940,2024-02-20,Sports,Bicycle,349.0,1,349.0,0.0,North,Online,Credit Card,18.0,5.0,2024-02,2024,Tuesday
ORD101666,2024-02-20,Electronics,Smartphone,664.05,1,664.05,0.05,West,Online,Debit Card,27.0,5.0,2024-02,2024,Tuesday
ORD103877,2024-02-20,Sports,Yoga Mat,25.0,1,25.0,0.0,Central,Online,Debit Card,28.0,3.0,2024-02,2024,Tuesday
ORD100765,2024-02-20,Beauty,Lipstick,17.1,1,17.1,0.05,Central,In-Store,Credit Card,33.0,5.0,2024-02,2024,Tuesday
ORD104714,2024-02-20,Apparel,Sneakers,52.0,1,52.0,0.2,West,In-Store,UPI,26.0,3.0,2024-02,2024,Tuesday
ORD103949,2024-02-21,Home & Kitchen,Vacuum,126.65,1,126.65,0.15,North,In-Store,UPI,35.0,3.0,2024-02,2024,Wednesday
ORD101440,2024-02-21,Apparel,T-Shirt,14.25,2,28.5,0.05,Central,Online,Wallet,18.0,5.0,2024-02,2024,Wednesday
ORD104184,2024-02-21,Sports,Tent,129.0,1,129.0,0.0,South,Online,UPI,37.0,5.0,2024-02,2024,Wednesday
ORD101595,2024-02-21,Beauty,Lipstick,18.0,2,36.0,0.0,South,Online,Debit Card,43.0,5.0,2024-02,2024,Wednesday
ORD101817,2024-02-21,Beauty,Perfume,65.0,4,260.0,0.0,Central,Online,Debit Card,18.0,4.0,2024-02,2024,Wednesday
ORD100940,2024-02-21,Sports,Bicycle,314.1,1,314.1,0.1,West,Online,Debit Card,18.0,5.0,2024-02,2024,Wednesday
ORD104093,2024-02-21,Sports,Bicycle,331.55,2,663.1,0.05,South,In-Store,Credit Card,23.0,3.0,2024-02,2024,Wednesday
ORD103554,2024-02-21,Home & Kitchen,Coffee Maker,59.0,2,118.0,0.0,West,Online,UPI,34.0,4.0,2024-02,2024,Wednesday
ORD103063,2024-02-21,Sports,Dumbbells,42.75,1,42.75,0.05,South,In-Store,UPI,42.0,4.0,2024-02,2024,Wednesday
ORD100686,2024-02-21,Beauty,Moisturizer,22.0,1,22.0,0.0,South,Online,Cash,18.0,2.0,2024-02,2024,Wednesday
ORD103993,2024-02-21,Home & Kitchen,Cookware Set,129.0,1,129.0,0.0,East,In-Store,UPI,44.0,4.0,2024-02,2024,Wednesday
ORD104419,2024-02-22,Beauty,Perfume,58.5,3,175.5,0.1,West,Online,Credit Card,34.0,4.0,2024-02,2024,Thursday
ORD104421,2024-02-22,Electronics,Smartphone,699.0,1,699.0,0.0,Central,Online,Wallet,46.0,3.0,2024-02,2024,Thursday
ORD104548,2024-02-22,Apparel,T-Shirt,14.25,1,14.25,0.05,North,Online,Debit Card,37.0,4.0,2024-02,2024,Thursday
ORD100087,2024-02-22,Electronics,Smartphone,699.0,4,2796.0,0.0,West,Online,Cash,46.0,4.0,2024-02,2024,Thursday
ORD101885,2024-02-22,Sports,Bicycle,296.65,2,593.3,0.15,North,Online,Debit Card,36.0,5.0,2024-02,2024,Thursday
ORD102773,2024-02-22,Apparel,Sneakers,65.0,1,65.0,0.0,Central,Online,Cash,27.0,5.0,2024-02,2024,Thursday
ORD102671,2024-02-22,Home & Kitchen,Coffee Maker,56.05,1,56.05,0.05,Central,In-Store,Credit Card,29.0,5.0,2024-02,2024,Thursday
ORD104775,2024-02-23,Beauty,Shampoo,12.0,1,12.0,0.0,Central,Online,Cash,24.0,5.0,2024-02,2024,Friday
ORD100402,2024-02-23,Apparel,Dress,44.0,1,44.0,0.2,North,Online,Debit Card,32.0,5.0,2024-02,2024,Friday
ORD101784,2024-02-23,Sports,Running Shoes,67.15,1,67.15,0.15,West,Online,Credit Card,47.0,4.0,2024-02,2024,Friday
ORD102842,2024-02-23,Home & Kitchen,Blender,39.0,1,39.0,0.0,North,Online,Debit Card,33.0,4.0,2024-02,2024,Friday
ORD102752,2024-02-23,Beauty,Perfume,65.0,1,65.0,0.0,North,Online,Wallet,19.0,4.0,2024-02,2024,Friday
ORD101466,2024-02-23,Sports,Bicycle,296.65,1,296.65,0.15,North,Online,Debit Card,34.0,5.0,2024-02,2024,Friday
ORD101468,2024-02-23,Home & Kitchen,Vacuum,149.0,1,149.0,0.0,East,In-Store,Credit Card,36.0,3.0,2024-02,2024,Friday
ORD101613,2024-02-23,Home & Kitchen,Coffee Maker,59.0,2,118.0,0.0,East,In-Store,Credit Card,30.0,5.0,2024-02,2024,Friday
ORD102781,2024-02-24,Electronics,Tablet,314.1,1,314.1,0.1,West,Online,UPI,20.0,5.0,2024-02,2024,Saturday
ORD104468,2024-02-24,Electronics,Headphones,41.65,1,41.65,0.15,East,Online,Debit Card,31.0,4.0,2024-02,2024,Saturday
ORD102724,2024-02-24,Beauty,Perfume,58.5,1,58.5,0.1,West,In-Store,Credit Card,22.0,3.0,2024-02,2024,Saturday
ORD104240,2024-02-24,Beauty,Shampoo,12.0,3,36.0,0.0,West,In-Store,Debit Card,40.0,5.0,2024-02,2024,Saturday
ORD101315,2024-02-25,Apparel,Jeans,40.5,2,81.0,0.1,North,Online,Credit Card,59.0,4.0,2024-02,2024,Sunday
ORD100688,2024-02-25,Beauty,Sunscreen,14.4,1,14.4,0.1,South,In-Store,Credit Card,33.0,5.0,2024-02,2024,Sunday
ORD102812,2024-02-25,Beauty,Shampoo,10.2,1,10.2,0.15,Central,In-Store,Credit Card,34.0,5.0,2024-02,2024,Sunday
ORD102098,2024-02-25,Home & Kitchen,Blender,39.0,1,39.0,0.0,Central,Online,Wallet,28.0,5.0,2024-02,2024,Sunday
ORD103758,2024-02-25,Apparel,T-Shirt,15.0,1,15.0,0.0,East,Online,Debit Card,40.0,2.0,2024-02,2024,Sunday
ORD100748,2024-02-25,Beauty,Sunscreen,16.0,1,16.0,0.0,North,Online,Credit Card,32.0,5.0,2024-02,2024,Sunday
ORD100425,2024-02-25,Beauty,Perfume,65.0,1,65.0,0.0,West,Online,Credit Card,19.0,5.0,2024-02,2024,Sunday
ORD104904,2024-02-25,Electronics,Laptop,999.0,1,999.0,0.0,North,Online,Credit Card,47.0,5.0,2024-02,2024,Sunday
ORD101205,2024-02-26,Sports,Tent,129.0,1,129.0,0.0,Central,Online,Debit Card,22.0,4.0,2024-02,2024,Monday
ORD102478,2024-02-26,Home & Kitchen,Blender,39.0,1,39.0,0.0,East,Online,UPI,31.0,4.0,2024-02,2024,Monday
ORD103570,2024-02-26,Sports,Dumbbells,40.5,1,40.5,0.1,North,Online,Credit Card,30.0,4.0,2024-02,2024,Monday
ORD104959,2024-02-26,Sports,Tent,122.55,1,122.55,0.05,East,Online,UPI,24.0,5.0,2024-02,2024,Monday
ORD100639,2024-02-26,Electronics,Tablet,349.0,2,698.0,0.0,North,Online,Credit Card,32.0,5.0,2024-02,2024,Monday
ORD104817,2024-02-26,Electronics,Smartphone,594.15,1,594.15,0.15,South,In-Store,Credit Card,29.0,5.0,2024-02,2024,Monday
ORD102171,2024-02-26,Apparel,Sneakers,52.0,1,52.0,0.2,South,Online,UPI,41.0,5.0,2024-02,2024,Monday
ORD104250,2024-02-27,Electronics,Smartwatch,159.2,2,318.4,0.2,East,Online,UPI,33.0,5.0,2024-02,2024,Tuesday
ORD103305,2024-02-27,Sports,Running Shoes,79.0,1,79.0,0.0,South,Online,Credit Card,29.0,4.0,2024-02,2024,Tuesday
ORD100358,2024-02-27,Apparel,Sneakers,61.75,1,61.75,0.05,West,In-Store,Wallet,20.0,2.0,2024-02,2024,Tuesday
ORD102754,2024-02-27,Apparel,T-Shirt,15.0,1,15.0,0.0,West,In-Store,Credit Card,18.0,2.0,2024-02,2024,Tuesday
ORD104713,2024-02-27,Electronics,Laptop,799.2,1,799.2,0.2,North,In-Store,Wallet,25.0,5.0,2024-02,2024,Tuesday
ORD102491,2024-02-27,Sports,Running Shoes,79.0,1,79.0,0.0,East,In-Store,Debit Card,18.0,4.0,2024-02,2024,Tuesday
ORD103199,2024-02-27,Sports,Dumbbells,45.0,2,90.0,0.0,West,Online,Wallet,48.0,5.0,2024-02,2024,Tuesday
ORD103552,2024-02-28,Sports,Bicycle,349.0,2,698.0,0.0,Central,Online,Credit Card,32.0,3.0,2024-02,2024,Wednesday
ORD100457,2024-02-28,Apparel,Jacket,80.1,1,80.1,0.1,West,In-Store,Credit Card,47.0,3.0,2024-02,2024,Wednesday
ORD104943,2024-02-28,Sports,Tent,129.0,1,129.0,0.0,North,In-Store,Credit Card,54.0,4.0,2024-02,2024,Wednesday
ORD100716,2024-02-28,Sports,Running Shoes,79.0,1,79.0,0.0,South,Online,Debit Card,18.0,5.0,2024-02,2024,Wednesday
ORD102403,2024-02-28,Electronics,Smartphone,664.05,2,1328.1,0.05,South,Online,Cash,51.0,5.0,2024-02,2024,Wednesday
ORD100136,2024-02-28,Apparel,Dress,52.25,1,52.25,0.05,South,Online,Debit Card,18.0,4.0,2024-02,2024,Wednesday
ORD102494,2024-02-29,Apparel,Dress,46.75,1,46.75,0.15,West,Online,Credit Card,20.0,4.0,2024-02,2024,Thursday
ORD104591,2024-02-29,Apparel,T-Shirt,15.0,1,15.0,0.0,North,Online,Credit Card,27.0,5.0,2024-02,2024,Thursday
ORD103105,2024-02-29,Beauty,Shampoo,10.8,1,10.8,0.1,Central,In-Store,Credit Card,35.0,5.0,2024-02,2024,Thursday
ORD100150,2024-02-29,Apparel,Sneakers,61.75,1,61.75,0.05,West,Online,Debit Card,28.0,5.0,2024-02,2024,Thursday
ORD101323,2024-02-29,Apparel,Sneakers,65.0,1,65.0,0.0,East,Online,UPI,37.0,4.0,2024-02,2024,Thursday
ORD101788,2024-02-29,Electronics,Tablet,349.0,1,349.0,0.0,Central,In-Store,Credit Card,49.0,4.0,2024-02,2024,Thursday
ORD101365,2024-02-29,Home & Kitchen,Air Fryer,89.0,1,89.0,0.0,Central,In-Store,Wallet,38.0,4.0,2024-02,2024,Thursday
ORD104090,2024-03-01,Home & Kitchen,Coffee Maker,59.0,3,177.0,0.0,West,In-Store,Debit Card,34.0,5.0,2024-03,2024,Friday
ORD100771,2024-03-01,Sports,Running Shoes,75.05,1,75.05,0.05,Central,Online,Credit Card,18.0,3.0,2024-03,2024,Friday
ORD100930,2024-03-01,Sports,Dumbbells,40.5,2,81.0,0.1,East,Online,Credit Card,32.0,4.0,2024-03,2024,Friday
ORD104306,2024-03-01,Beauty,Sunscreen,14.4,1,14.4,0.1,Central,In-Store,UPI,39.0,4.0,2024-03,2024,Friday
ORD102009,2024-03-02,Home & Kitchen,Vacuum,119.2,2,238.4,0.2,East,Online,Debit Card,37.0,4.0,2024-03,2024,Saturday
ORD101383,2024-03-02,Sports,Running Shoes,75.05,1,75.05,0.05,East,In-Store,Debit Card,31.0,5.0,2024-03,2024,Saturday
ORD100988,2024-03-02,Home & Kitchen,Vacuum,134.1,1,134.1,0.1,West,Online,Credit Card,47.0,5.0,2024-03,2024,Saturday
ORD102785,2024-03-03,Home & Kitchen,Vacuum,119.2,1,119.2,0.2,West,Online,Credit Card,33.0,5.0,2024-03,2024,Sunday
ORD103190,2024-03-03,Electronics,Smartwatch,199.0,1,199.0,0.0,North,In-Store,Cash,18.0,4.0,2024-03,2024,Sunday
ORD102456,2024-03-03,Beauty,Moisturizer,22.0,4,88.0,0.0,East,Online,UPI,42.0,4.0,2024-03,2024,Sunday
ORD101688,2024-03-03,Apparel,Jeans,45.0,1,45.0,0.0,West,Online,UPI,18.0,4.0,2024-03,2024,Sunday
ORD102326,2024-03-04,Electronics,Smartphone,664.05,1,664.05,0.05,West,Online,Debit Card,18.0,3.0,2024-03,2024,Monday
ORD101881,2024-03-04,Beauty,Shampoo,9.6,2,19.2,0.2,West,Online,Debit Card,50.0,5.0,2024-03,2024,Monday
ORD101975,2024-03-04,Home & Kitchen,Coffee Maker,56.05,1,56.05,0.05,South,In-Store,Credit Card,48.0,5.0,2024-03,2024,Monday
ORD104676,2024-03-04,Apparel,Jacket,71.2,1,71.2,0.2,Central,In-Store,Credit Card,37.0,4.0,2024-03,2024,Monday
ORD103299,2024-03-04,Apparel,Dress,52.25,1,52.25,0.05,East,Online,Cash,32.0,5.0,2024-03,2024,Monday
ORD102875,2024-03-04,Home & Kitchen,Air Fryer,89.0,1,89.0,0.0,East,Online,Cash,29.0,5.0,2024-03,2024,Monday
ORD104911,2024-03-05,Home & Kitchen,Coffee Maker,53.1,1,53.1,0.1,South,In-Store,Cash,19.0,5.0,2024-03,2024,Tuesday
ORD102722,2024-03-05,Home & Kitchen,Cookware Set,122.55,1,122.55,0.05,Central,In-Store,Debit Card,36.0,5.0,2024-03,2024,Tuesday
ORD100006,2024-03-05,Sports,Tent,103.2,2,206.4,0.2,West,Online,Credit Card,41.0,5.0,2024-03,2024,Tuesday
ORD101308,2024-03-05,Electronics,Smartphone,699.0,2,1398.0,0.0,South,Online,Cash,24.0,5.0,2024-03,2024,Tuesday
ORD104723,2024-03-05,Sports,Bicycle,296.65,2,593.3,0.15,Central,In-Store,Credit Card,36.0,5.0,2024-03,2024,Tuesday
ORD104826,2024-03-05,Apparel,Jeans,45.0,2,90.0,0.0,Central,Online,Credit Card,38.0,2.0,2024-03,2024,Tuesday
ORD103424,2024-03-05,Beauty,Sunscreen,16.0,1,16.0,0.0,South,Online,Credit Card,40.0,4.0,2024-03,2024,Tuesday
ORD100612,2024-03-05,Electronics,Tablet,349.0,1,349.0,0.0,South,In-Store,Credit Card,43.0,3.0,2024-03,2024,Tuesday
ORD101388,2024-03-05,Home & Kitchen,Blender,37.05,2,74.1,0.05,East,Online,Credit Card,18.0,4.0,2024-03,2024,Tuesday
ORD103721,2024-03-05,Beauty,Shampoo,10.8,2,21.6,0.1,North,Online,Cash,25.0,4.0,2024-03,2024,Tuesday
ORD103644,2024-03-05,Beauty,Sunscreen,16.0,2,32.0,0.0,East,Online,Credit Card,43.0,3.0,2024-03,2024,Tuesday
ORD100168,2024-03-05,Home & Kitchen,Vacuum,149.0,1,149.0,0.0,Central,Online,Credit Card,32.0,4.0,2024-03,2024,Tuesday
ORD103492,2024-03-05,Home & Kitchen,Blender,39.0,1,39.0,0.0,South,In-Store,Credit Card,31.0,5.0,2024-03,2024,Tuesday
ORD101303,2024-03-06,Beauty,Sunscreen,15.2,2,30.4,0.05,Central,In-Store,Credit Card,33.0,3.0,2024-03,2024,Wednesday
ORD101093,2024-03-06,Sports,Tent,116.1,1,116.1,0.1,North,In-Store,Credit Card,18.0,4.0,2024-03,2024,Wednesday
ORD101404,2024-03-06,Beauty,Sunscreen,16.0,2,32.0,0.0,Central,In-Store,Debit Card,38.0,5.0,2024-03,2024,Wednesday
ORD102053,2024-03-06,Sports,Tent,129.0,1,129.0,0.0,South,Online,Wallet,30.0,4.0,2024-03,2024,Wednesday
ORD100637,2024-03-06,Apparel,T-Shirt,12.75,1,12.75,0.15,North,Online,Credit Card,31.0,3.0,2024-03,2024,Wednesday
ORD102133,2024-03-06,Electronics,Smartwatch,199.0,1,199.0,0.0,West,In-Store,Debit Card,32.0,4.0,2024-03,2024,Wednesday
ORD102741,2024-03-06,Home & Kitchen,Cookware Set,129.0,2,258.0,0.0,West,In-Store,Credit Card,24.0,2.0,2024-03,2024,Wednesday
ORD100676,2024-03-06,Electronics,Laptop,899.1,1,899.1,0.1,North,In-Store,Credit Card,21.0,3.0,2024-03,2024,Wednesday
ORD104706,2024-03-06,Beauty,Perfume,65.0,3,195.0,0.0,North,In-Store,UPI,39.0,2.0,2024-03,2024,Wednesday
ORD101496,2024-03-07,Electronics,Headphones,46.55,2,93.1,0.05,North,Online,Debit Card,40.0,5.0,2024-03,2024,Thursday
ORD103245,2024-03-07,Apparel,Sneakers,55.25,1,55.25,0.15,East,Online,UPI,41.0,3.0,2024-03,2024,Thursday
ORD104476,2024-03-07,Electronics,Smartphone,699.0,2,1398.0,0.0,South,Online,UPI,33.0,4.0,2024-03,2024,Thursday
ORD100717,2024-03-07,Apparel,Sneakers,65.0,1,65.0,0.0,Central,Online,UPI,35.0,3.0,2024-03,2024,Thursday
ORD103446,2024-03-07,Sports,Running Shoes,67.15,1,67.15,0.15,Central,Online,UPI,34.0,3.0,2024-03,2024,Thursday
ORD103885,2024-03-08,Electronics,Smartwatch,199.0,2,398.0,0.0,East,Online,Debit Card,42.0,5.0,2024-03,2024,Friday
ORD100663,2024-03-08,Apparel,Jeans,42.75,1,42.75,0.05,South,Online,Debit Card,44.0,5.0,2024-03,2024,Friday
ORD101589,2024-03-08,Beauty,Perfume,65.0,1,65.0,0.0,South,Online,UPI,34.0,3.0,2024-03,2024,Friday
ORD104517,2024-03-08,Apparel,Sneakers,65.0,1,65.0,0.0,Central,Online,Wallet,30.0,5.0,2024-03,2024,Friday
ORD102552,2024-03-08,Electronics,Laptop,999.0,5,4995.0,0.0,West,In-Store,Credit Card,34.0,5.0,2024-03,2024,Friday
ORD103605,2024-03-08,Home & Kitchen,Cookware Set,109.65,1,109.65,0.15,South,In-Store,Wallet,32.0,2.0,2024-03,2024,Friday
ORD103765,2024-03-08,Apparel,Sneakers,55.25,2,110.5,0.15,West,Online,UPI,29.0,3.0,2024-03,2024,Friday
ORD102609,2024-03-08,Apparel,Jeans,42.75,1,42.75,0.05,West,In-Store,Credit Card,26.0,3.0,2024-03,2024,Friday
ORD103089,2024-03-08,Electronics,Laptop,999.0,1,999.0,0.0,East,Online,Debit Card,46.0,5.0,2024-03,2024,Friday
ORD104193,2024-03-08,Sports,Dumbbells,40.5,1,40.5,0.1,Central,Online,Wallet,23.0,4.0,2024-03,2024,Friday
ORD103088,2024-03-08,Beauty,Perfume,61.75,1,61.75,0.05,North,Online,Cash,32.0,3.0,2024-03,2024,Friday
ORD104113,2024-03-09,Beauty,Lipstick,18.0,1,18.0,0.0,North,Online,Credit Card,21.0,5.0,2024-03,2024,Saturday
ORD102527,2024-03-09,Home & Kitchen,Air Fryer,89.0,1,89.0,0.0,Central,Online,UPI,22.0,2.0,2024-03,2024,Saturday
ORD100872,2024-03-09,Electronics,Laptop,899.1,3,2697.3,0.1,North,Online,Credit Card,31.0,3.0,2024-03,2024,Saturday
ORD100307,2024-03-09,Beauty,Perfume,65.0,1,65.0,0.0,North,Online,Debit Card,38.0,5.0,2024-03,2024,Saturday
ORD101667,2024-03-09,Apparel,Sneakers,65.0,1,65.0,0.0,South,Online,Cash,27.0,5.0,2024-03,2024,Saturday
ORD104031,2024-03-09,Sports,Yoga Mat,25.0,1,25.0,0.0,Central,In-Store,Credit Card,46.0,5.0,2024-03,2024,Saturday
ORD104849,2024-03-09,Home & Kitchen,Vacuum,149.0,1,149.0,0.0,East,Online,Debit Card,33.0,5.0,2024-03,2024,Saturday
ORD100557,2024-03-09,Home & Kitchen,Coffee Maker,59.0,1,59.0,0.0,West,Online,Credit Card,24.0,5.0,2024-03,2024,Saturday
ORD100531,2024-03-10,Sports,Dumbbells,45.0,2,90.0,0.0,South,Online,Debit Card,34.0,3.0,2024-03,2024,Sunday
ORD102266,2024-03-10,Sports,Bicycle,331.55,1,331.55,0.05,Central,Online,Wallet,37.0,3.0,2024-03,2024,Sunday
ORD104811,2024-03-10,Sports,Tent,122.55,2,245.1,0.05,East,Online,Debit Card,18.0,5.0,2024-03,2024,Sunday
ORD104049,2024-03-10,Home & Kitchen,Coffee Maker,56.05,1,56.05,0.05,South,Online,Debit Card,35.0,5.0,2024-03,2024,Sunday
ORD100364,2024-03-10,Electronics,Smartphone,699.0,1,699.0,0.0,West,Online,Credit Card,34.0,5.0,2024-03,2024,Sunday
ORD102827,2024-03-10,Apparel,Dress,55.0,2,110.0,0.0,West,In-Store,Credit Card,33.0,3.0,2024-03,2024,Sunday
ORD104975,2024-03-11,Home & Kitchen,Air Fryer,89.0,2,178.0,0.0,West,Online,Credit Card,40.0,1.0,2024-03,2024,Monday
ORD100314,2024-03-11,Home & Kitchen,Blender,35.1,2,70.2,0.1,South,Online,Debit Card,33.0,4.0,2024-03,2024,Monday
ORD104669,2024-03-11,Electronics,Tablet,279.2,3,837.6,0.2,West,Online,Wallet,54.0,4.0,2024-03,2024,Monday
ORD103375,2024-03-11,Beauty,Lipstick,18.0,1,18.0,0.0,West,Online,Debit Card,21.0,4.0,2024-03,2024,Monday
ORD101025,2024-03-11,Electronics,Smartwatch,199.0,1,199.0,0.0,Central,Online,Credit Card,38.0,4.0,2024-03,2024,Monday
ORD101795,2024-03-11,Beauty,Shampoo,10.8,1,10.8,0.1,North,Online,Debit Card,34.0,5.0,2024-03,2024,Monday
ORD103645,2024-03-11,Home & Kitchen,Vacuum,149.0,1,149.0,0.0,Central,In-Store,Wallet,22.0,5.0,2024-03,2024,Monday
ORD102637,2024-03-11,Beauty,Moisturizer,22.0,1,22.0,0.0,Central,Online,Debit Card,64.0,4.0,2024-03,2024,Monday
ORD104722,2024-03-11,Beauty,Shampoo,12.0,1,12.0,0.0,East,Online,Credit Card,42.0,4.0,2024-03,2024,Monday
ORD102031,2024-03-11,Beauty,Lipstick,15.3,1,15.3,0.15,West,Online,Credit Card,54.0,5.0,2024-03,2024,Monday
ORD104392,2024-03-11,Sports,Running Shoes,79.0,5,395.0,0.0,North,Online,Credit Card,32.0,4.0,2024-03,2024,Monday
ORD101274,2024-03-12,Sports,Dumbbells,45.0,2,90.0,0.0,West,In-Store,Credit Card,24.0,3.0,2024-03,2024,Tuesday
ORD101887,2024-03-12,Beauty,Moisturizer,20.9,1,20.9,0.05,West,Online,Wallet,27.0,4.0,2024-03,2024,Tuesday
ORD103613,2024-03-12,Electronics,Laptop,949.05,4,3796.2,0.05,South,In-Store,Credit Card,37.0,5.0,2024-03,2024,Tuesday
ORD104221,2024-03-12,Beauty,Lipstick,18.0,1,18.0,0.0,East,Online,Debit Card,52.0,4.0,2024-03,2024,Tuesday
ORD101002,2024-03-12,Home & Kitchen,Air Fryer,89.0,1,89.0,0.0,West,Online,Cash,24.0,5.0,2024-03,2024,Tuesday
ORD103639,2024-03-12,Beauty,Shampoo,10.2,2,20.4,0.15,Central,Online,Wallet,29.0,5.0,2024-03,2024,Tuesday
ORD102017,2024-03-12,Electronics,Smartwatch,199.0,1,199.0,0.0,Central,In-Store,Credit Card,18.0,4.0,2024-03,2024,Tuesday
ORD103666,2024-03-12,Home & Kitchen,Blender,39.0,1,39.0,0.0,Central,Online,Wallet,50.0,4.0,2024-03,2024,Tuesday
ORD104408,2024-03-12,Home & Kitchen,Blender,39.0,2,78.0,0.0,East,Online,Credit Card,24.0,4.0,2024-03,2024,Tuesday
ORD103681,2024-03-12,Beauty,Lipstick,18.0,1,18.0,0.0,South,In-Store,UPI,55.0,4.0,2024-03,2024,Tuesday
ORD103168,2024-03-12,Apparel,T-Shirt,13.5,1,13.5,0.1,West,In-Store,Credit Card,37.0,4.0,2024-03,2024,Tuesday
ORD104651,2024-03-13,Electronics,Smartwatch,189.05,1,189.05,0.05,Central,Online,Credit Card,32.0,3.0,2024-03,2024,Wednesday
ORD100545,2024-03-13,Electronics,Headphones,46.55,1,46.55,0.05,South,Online,Credit Card,26.0,5.0,2024-03,2024,Wednesday
ORD104698,2024-03-13,Sports,Dumbbells,45.0,3,135.0,0.0,East,In-Store,UPI,43.0,5.0,2024-03,2024,Wednesday
ORD103397,2024-03-13,Beauty,Lipstick,18.0,1,18.0,0.0,East,Online,UPI,42.0,5.0,2024-03,2024,Wednesday
ORD100285,2024-03-13,Electronics,Tablet,349.0,2,698.0,0.0,Central,In-Store,UPI,45.0,5.0,2024-03,2024,Wednesday
ORD104241,2024-03-13,Electronics,Laptop,799.2,4,3196.8,0.2,South,Online,Wallet,42.0,5.0,2024-03,2024,Wednesday
ORD104948,2024-03-13,Beauty,Sunscreen,16.0,2,32.0,0.0,South,Online,Debit Card,28.0,4.0,2024-03,2024,Wednesday
ORD102208,2024-03-14,Sports,Bicycle,349.0,1,349.0,0.0,South,Online,Credit Card,29.0,4.0,2024-03,2024,Thursday
ORD103266,2024-03-14,Beauty,Sunscreen,16.0,1,16.0,0.0,South,Online,Wallet,29.0,3.0,2024-03,2024,Thursday
ORD102742,2024-03-14,Apparel,Jacket,80.1,1,80.1,0.1,East,Online,Credit Card,45.0,3.0,2024-03,2024,Thursday
ORD101638,2024-03-14,Home & Kitchen,Air Fryer,84.55,1,84.55,0.05,North,In-Store,UPI,31.0,5.0,2024-03,2024,Thursday
ORD100331,2024-03-14,Apparel,Jeans,45.0,1,45.0,0.0,East,In-Store,Debit Card,34.0,4.0,2024-03,2024,Thursday
ORD104133,2024-03-14,Electronics,Headphones,49.0,2,98.0,0.0,East,In-Store,Credit Card,40.0,5.0,2024-03,2024,Thursday
ORD102943,2024-03-15,Beauty,Shampoo,9.6,1,9.6,0.2,East,Online,Credit Card,47.0,5.0,2024-03,2024,Friday
ORD100188,2024-03-15,Apparel,Sneakers,52.0,1,52.0,0.2,West,Online,Credit Card,27.0,4.0,2024-03,2024,Friday
ORD100779,2024-03-15,Home & Kitchen,Air Fryer,80.1,2,160.2,0.1,North,Online,UPI,31.0,4.0,2024-03,2024,Friday
ORD104835,2024-03-15,Electronics,Laptop,899.1,1,899.1,0.1,North,Online,UPI,49.0,5.0,2024-03,2024,Friday
ORD102723,2024-03-15,Home & Kitchen,Vacuum,141.55,5,707.75,0.05,East,Online,Credit Card,31.0,5.0,2024-03,2024,Friday
ORD103366,2024-03-15,Home & Kitchen,Air Fryer,89.0,1,89.0,0.0,North,Online,Credit Card,27.0,3.0,2024-03,2024,Friday
ORD100631,2024-03-15,Home & Kitchen,Blender,39.0,1,39.0,0.0,South,In-Store,UPI,34.0,5.0,2024-03,2024,Friday
ORD100693,2024-03-16,Sports,Running Shoes,79.0,2,158.0,0.0,East,Online,Wallet,30.0,5.0,2024-03,2024,Saturday
ORD101419,2024-03-16,Sports,Tent,129.0,1,129.0,0.0,North,Online,UPI,41.0,3.0,2024-03,2024,Saturday
ORD102202,2024-03-16,Apparel,Jeans,45.0,1,45.0,0.0,East,In-Store,Wallet,24.0,2.0,2024-03,2024,Saturday
ORD100518,2024-03-16,Apparel,Dress,55.0,1,55.0,0.0,North,Online,Credit Card,28.0,4.0,2024-03,2024,Saturday
ORD103233,2024-03-16,Home & Kitchen,Cookware Set,122.55,1,122.55,0.05,South,Online,Wallet,42.0,4.0,2024-03,2024,Saturday
ORD101286,2024-03-16,Apparel,Jeans,45.0,1,45.0,0.0,West,Online,Debit Card,27.0,4.0,2024-03,2024,Saturday
ORD104116,2024-03-16,Home & Kitchen,Vacuum,134.1,1,134.1,0.1,South,Online,Debit Card,36.0,2.0,2024-03,2024,Saturday
ORD103034,2024-03-17,Sports,Tent,116.1,2,232.2,0.1,South,Online,UPI,48.0,1.0,2024-03,2024,Sunday
ORD103882,2024-03-17,Beauty,Perfume,65.0,2,130.0,0.0,Central,Online,Credit Card,35.0,5.0,2024-03,2024,Sunday
ORD102695,2024-03-17,Beauty,Moisturizer,19.8,2,39.6,0.1,West,In-Store,Wallet,32.0,4.0,2024-03,2024,Sunday
ORD102168,2024-03-17,Sports,Yoga Mat,21.25,3,63.75,0.15,North,Online,Credit Card,23.0,4.0,2024-03,2024,Sunday
ORD101091,2024-03-17,Beauty,Perfume,55.25,1,55.25,0.15,Central,Online,Debit Card,24.0,3.0,2024-03,2024,Sunday
ORD101358,2024-03-17,Electronics,Tablet,349.0,1,349.0,0.0,West,Online,Debit Card,34.0,3.0,2024-03,2024,Sunday
ORD104602,2024-03-17,Home & Kitchen,Blender,37.05,2,74.1,0.05,West,In-Store,Debit Card,18.0,4.0,2024-03,2024,Sunday
ORD103687,2024-03-18,Beauty,Lipstick,16.2,1,16.2,0.1,South,In-Store,Wallet,25.0,4.0,2024-03,2024,Monday
ORD101947,2024-03-18,Beauty,Shampoo,12.0,1,12.0,0.0,North,Online,Debit Card,36.0,5.0,2024-03,2024,Monday
ORD100439,2024-03-19,Sports,Bicycle,296.65,2,593.3,0.15,West,In-Store,UPI,18.0,4.0,2024-03,2024,Tuesday
ORD101289,2024-03-19,Sports,Tent,116.1,1,116.1,0.1,East,Online,Debit Card,18.0,1.0,2024-03,2024,Tuesday
ORD102152,2024-03-19,Sports,Running Shoes,79.0,2,158.0,0.0,East,Online,Debit Card,46.0,5.0,2024-03,2024,Tuesday
ORD102770,2024-03-19,Home & Kitchen,Blender,39.0,1,39.0,0.0,South,In-Store,Credit Card,34.0,4.0,2024-03,2024,Tuesday
ORD103288,2024-03-19,Apparel,Dress,55.0,3,165.0,0.0,West,In-Store,Credit Card,30.0,4.0,2024-03,2024,Tuesday
ORD103476,2024-03-19,Sports,Tent,129.0,2,258.0,0.0,Central,In-Store,Credit Card,28.0,4.0,2024-03,2024,Tuesday
ORD104027,2024-03-19,Sports,Yoga Mat,25.0,1,25.0,0.0,Central,Online,Debit Card,22.0,5.0,2024-03,2024,Tuesday
ORD103470,2024-03-19,Sports,Running Shoes,67.15,1,67.15,0.15,East,In-Store,Credit Card,29.0,5.0,2024-03,2024,Tuesday
ORD102622,2024-03-20,Home & Kitchen,Air Fryer,75.65,1,75.65,0.15,East,Online,Credit Card,32.0,4.0,2024-03,2024,Wednesday
ORD103660,2024-03-20,Home & Kitchen,Vacuum,149.0,1,149.0,0.0,West,Online,Debit Card,28.0,4.0,2024-03,2024,Wednesday
ORD102164,2024-03-20,Apparel,Jeans,42.75,1,42.75,0.05,Central,Online,Wallet,18.0,5.0,2024-03,2024,Wednesday
ORD101866,2024-03-20,Beauty,Lipstick,16.2,1,16.2,0.1,South,Online,Cash,35.0,4.0,2024-03,2024,Wednesday
ORD102910,2024-03-20,Sports,Tent,122.55,1,122.55,0.05,Central,Online,Cash,31.0,4.0,2024-03,2024,Wednesday
ORD104095,2024-03-20,Beauty,Moisturizer,19.8,2,39.6,0.1,West,Online,Credit Card,49.0,3.0,2024-03,2024,Wednesday
ORD102839,2024-03-21,Sports,Yoga Mat,25.0,1,25.0,0.0,South,Online,UPI,18.0,4.0,2024-03,2024,Thursday
ORD103419,2024-03-21,Apparel,Dress,55.0,1,55.0,0.0,South,Online,Debit Card,25.0,4.0,2024-03,2024,Thursday
ORD103791,2024-03-21,Home & Kitchen,Cookware Set,109.65,2,219.3,0.15,North,Online,UPI,33.0,3.0,2024-03,2024,Thursday
ORD102259,2024-03-21,Beauty,Lipstick,16.2,3,48.6,0.1,East,In-Store,Credit Card,43.0,4.0,2024-03,2024,Thursday
ORD104040,2024-03-21,Electronics,Laptop,949.05,1,949.05,0.05,South,Online,Debit Card,53.0,4.0,2024-03,2024,Thursday
ORD103815,2024-03-21,Beauty,Moisturizer,19.8,1,19.8,0.1,West,Online,Debit Card,34.0,4.0,2024-03,2024,Thursday
ORD103225,2024-03-21,Beauty,Shampoo,9.6,1,9.6,0.2,South,In-Store,Wallet,20.0,2.0,2024-03,2024,Thursday
ORD100194,2024-03-22,Home & Kitchen,Vacuum,141.55,1,141.55,0.05,North,Online,Wallet,18.0,3.0,2024-03,2024,Friday
ORD103725,2024-03-22,Sports,Yoga Mat,25.0,1,25.0,0.0,Central,Online,Wallet,18.0,4.0,2024-03,2024,Friday
ORD100646,2024-03-22,Beauty,Lipstick,18.0,1,18.0,0.0,West,Online,Credit Card,18.0,4.0,2024-03,2024,Friday
ORD103684,2024-03-22,Electronics,Smartwatch,199.0,4,796.0,0.0,South,In-Store,Cash,33.0,5.0,2024-03,2024,Friday
ORD101038,2024-03-22,Electronics,Smartwatch,199.0,1,199.0,0.0,West,In-Store,UPI,18.0,4.0,2024-03,2024,Friday
ORD103376,2024-03-22,Apparel,Dress,55.0,1,55.0,0.0,West,In-Store,Debit Card,48.0,5.0,2024-03,2024,Friday
ORD100293,2024-03-22,Electronics,Tablet,349.0,1,349.0,0.0,East,Online,Debit Card,22.0,5.0,2024-03,2024,Friday
ORD104393,2024-03-22,Home & Kitchen,Vacuum,149.0,2,298.0,0.0,Central,In-Store,Credit Card,28.0,4.0,2024-03,2024,Friday
ORD103053,2024-03-22,Sports,Tent,129.0,1,129.0,0.0,East,Online,Debit Card,57.0,4.0,2024-03,2024,Friday
ORD100240,2024-03-22,Apparel,Dress,49.5,2,99.0,0.1,West,In-Store,Debit Card,21.0,4.0,2024-03,2024,Friday
ORD102442,2024-03-23,Sports,Bicycle,296.65,1,296.65,0.15,East,Online,Credit Card,22.0,5.0,2024-03,2024,Saturday
ORD103900,2024-03-23,Apparel,Jeans,45.0,1,45.0,0.0,West,Online,Credit Card,33.0,4.0,2024-03,2024,Saturday
ORD101937,2024-03-23,Beauty,Sunscreen,14.4,1,14.4,0.1,Central,In-Store,Debit Card,36.0,4.0,2024-03,2024,Saturday
ORD101423,2024-03-23,Apparel,T-Shirt,15.0,2,30.0,0.0,West,In-Store,Credit Card,18.0,5.0,2024-03,2024,Saturday
ORD101053,2024-03-23,Sports,Running Shoes,75.05,1,75.05,0.05,West,Online,Debit Card,41.0,4.0,2024-03,2024,Saturday
ORD102683,2024-03-23,Sports,Yoga Mat,22.5,1,22.5,0.1,North,In-Store,Debit Card,27.0,2.0,2024-03,2024,Saturday
ORD101780,2024-03-23,Apparel,Jeans,45.0,1,45.0,0.0,East,In-Store,Credit Card,19.0,3.0,2024-03,2024,Saturday
ORD101065,2024-03-23,Apparel,Dress,52.25,1,52.25,0.05,South,Online,Credit Card,40.0,4.0,2024-03,2024,Saturday
ORD102992,2024-03-23,Apparel,T-Shirt,15.0,1,15.0,0.0,West,Online,UPI,52.0,5.0,2024-03,2024,Saturday
ORD101961,2024-03-23,Apparel,Sneakers,61.75,1,61.75,0.05,South,Online,Credit Card,42.0,5.0,2024-03,2024,Saturday
ORD103207,2024-03-24,Apparel,Sneakers,65.0,1,65.0,0.0,West,Online,Debit Card,18.0,5.0,2024-03,2024,Sunday
ORD101034,2024-03-24,Beauty,Perfume,65.0,1,65.0,0.0,North,Online,Debit Card,31.0,3.0,2024-03,2024,Sunday
ORD103593,2024-03-24,Home & Kitchen,Vacuum,149.0,3,447.0,0.0,South,In-Store,Credit Card,34.0,4.0,2024-03,2024,Sunday
ORD102244,2024-03-24,Home & Kitchen,Cookware Set,109.65,1,109.65,0.15,North,Online,Credit Card,18.0,2.0,2024-03,2024,Sunday
ORD100482,2024-03-24,Apparel,Jacket,80.1,2,160.2,0.1,East,Online,Cash,43.0,3.0,2024-03,2024,Sunday
ORD103541,2024-03-24,Home & Kitchen,Air Fryer,89.0,4,356.0,0.0,East,Online,Credit Card,31.0,5.0,2024-03,2024,Sunday
ORD103016,2024-03-24,Apparel,Jacket,89.0,4,356.0,0.0,Central,Online,UPI,18.0,3.0,2024-03,2024,Sunday
ORD100485,2024-03-25,Home & Kitchen,Air Fryer,75.65,1,75.65,0.15,East,In-Store,UPI,33.0,4.0,2024-03,2024,Monday
ORD100578,2024-03-25,Sports,Yoga Mat,25.0,1,25.0,0.0,South,Online,Debit Card,42.0,5.0,2024-03,2024,Monday
ORD103521,2024-03-25,Sports,Running Shoes,75.05,2,150.1,0.05,Central,Online,Credit Card,35.0,4.0,2024-03,2024,Monday
ORD104897,2024-03-25,Beauty,Shampoo,12.0,2,24.0,0.0,North,In-Store,UPI,18.0,2.0,2024-03,2024,Monday
ORD103171,2024-03-25,Beauty,Perfume,65.0,1,65.0,0.0,West,Online,Debit Card,47.0,1.0,2024-03,2024,Monday
ORD104294,2024-03-25,Beauty,Lipstick,18.0,1,18.0,0.0,Central,In-Store,Wallet,32.0,3.0,2024-03,2024,Monday
ORD100143,2024-03-25,Electronics,Laptop,949.05,1,949.05,0.05,Central,In-Store,Credit Card,21.0,3.0,2024-03,2024,Monday
ORD102837,2024-03-25,Home & Kitchen,Cookware Set,129.0,1,129.0,0.0,North,In-Store,UPI,29.0,5.0,2024-03,2024,Monday
ORD101752,2024-03-25,Home & Kitchen,Cookware Set,129.0,2,258.0,0.0,East,In-Store,Wallet,25.0,5.0,2024-03,2024,Monday
ORD102207,2024-03-25,Home & Kitchen,Coffee Maker,53.1,1,53.1,0.1,East,Online,Cash,34.0,5.0,2024-03,2024,Monday
ORD100098,2024-03-26,Home & Kitchen,Vacuum,149.0,2,298.0,0.0,North,Online,Credit Card,50.0,5.0,2024-03,2024,Tuesday
ORD101125,2024-03-26,Electronics,Laptop,849.15,1,849.15,0.15,South,In-Store,Credit Card,36.0,5.0,2024-03,2024,Tuesday
ORD100342,2024-03-26,Beauty,Sunscreen,16.0,1,16.0,0.0,South,In-Store,UPI,21.0,4.0,2024-03,2024,Tuesday
ORD102884,2024-03-26,Electronics,Smartphone,699.0,1,699.0,0.0,North,Online,UPI,32.0,4.0,2024-03,2024,Tuesday
ORD100795,2024-03-26,Sports,Bicycle,349.0,1,349.0,0.0,South,Online,Credit Card,22.0,5.0,2024-03,2024,Tuesday
ORD100778,2024-03-26,Sports,Yoga Mat,21.25,1,21.25,0.15,West,In-Store,Credit Card,18.0,4.0,2024-03,2024,Tuesday
ORD103522,2024-03-26,Sports,Yoga Mat,20.0,5,100.0,0.2,South,In-Store,UPI,26.0,4.0,2024-03,2024,Tuesday
ORD101731,2024-03-26,Beauty,Shampoo,12.0,5,60.0,0.0,North,Online,Debit Card,28.0,5.0,2024-03,2024,Tuesday
ORD104368,2024-03-26,Sports,Dumbbells,45.0,1,45.0,0.0,East,Online,Debit Card,26.0,4.0,2024-03,2024,Tuesday
ORD101066,2024-03-27,Home & Kitchen,Coffee Maker,56.05,1,56.05,0.05,West,Online,Cash,24.0,5.0,2024-03,2024,Wednesday
ORD102628,2024-03-27,Sports,Tent,129.0,1,129.0,0.0,South,In-Store,UPI,38.0,3.0,2024-03,2024,Wednesday
ORD104078,2024-03-27,Apparel,T-Shirt,14.25,1,14.25,0.05,West,In-Store,Credit Card,35.0,4.0,2024-03,2024,Wednesday
ORD102087,2024-03-27,Apparel,T-Shirt,15.0,1,15.0,0.0,South,Online,UPI,59.0,5.0,2024-03,2024,Wednesday
ORD104015,2024-03-27,Sports,Running Shoes,71.1,1,71.1,0.1,South,In-Store,Debit Card,24.0,4.0,2024-03,2024,Wednesday
ORD103938,2024-03-27,Sports,Yoga Mat,23.75,1,23.75,0.05,South,Online,Credit Card,23.0,5.0,2024-03,2024,Wednesday
ORD100083,2024-03-27,Home & Kitchen,Cookware Set,129.0,2,258.0,0.0,Central,Online,Debit Card,40.0,4.0,2024-03,2024,Wednesday
ORD101954,2024-03-27,Beauty,Sunscreen,16.0,2,32.0,0.0,North,In-Store,UPI,19.0,3.0,2024-03,2024,Wednesday
ORD102273,2024-03-27,Apparel,Jeans,42.75,1,42.75,0.05,North,Online,UPI,44.0,1.0,2024-03,2024,Wednesday
ORD100495,2024-03-28,Sports,Dumbbells,45.0,1,45.0,0.0,West,In-Store,Credit Card,35.0,4.0,2024-03,2024,Thursday
ORD103128,2024-03-28,Beauty,Sunscreen,15.2,5,76.0,0.05,North,Online,Cash,32.0,2.0,2024-03,2024,Thursday
ORD102013,2024-03-28,Sports,Tent,103.2,1,103.2,0.2,North,Online,Credit Card,19.0,4.0,2024-03,2024,Thursday
ORD104880,2024-03-28,Electronics,Laptop,999.0,1,999.0,0.0,North,Online,Debit Card,49.0,5.0,2024-03,2024,Thursday
ORD103986,2024-03-28,Apparel,Jeans,42.75,1,42.75,0.05,North,Online,Debit Card,18.0,3.0,2024-03,2024,Thursday
ORD102189,2024-03-28,Sports,Running Shoes,75.05,2,150.1,0.05,Central,Online,Wallet,30.0,5.0,2024-03,2024,Thursday
ORD102572,2024-03-28,Beauty,Shampoo,12.0,2,24.0,0.0,South,Online,Credit Card,18.0,4.0,2024-03,2024,Thursday
ORD103777,2024-03-29,Electronics,Headphones,44.1,1,44.1,0.1,North,In-Store,Debit Card,25.0,5.0,2024-03,2024,Friday
ORD101337,2024-03-29,Electronics,Headphones,41.65,2,83.3,0.15,North,Online,Credit Card,23.0,5.0,2024-03,2024,Friday
ORD100097,2024-03-29,Electronics,Smartphone,664.05,1,664.05,0.05,South,Online,UPI,46.0,5.0,2024-03,2024,Friday
ORD102513,2024-03-29,Apparel,Dress,55.0,1,55.0,0.0,East,In-Store,Credit Card,40.0,2.0,2024-03,2024,Friday
ORD100890,2024-03-29,Electronics,Tablet,296.65,1,296.65,0.15,West,In-Store,Debit Card,40.0,4.0,2024-03,2024,Friday
ORD101313,2024-03-29,Electronics,Smartwatch,199.0,1,199.0,0.0,South,Online,Debit Card,29.0,4.0,2024-03,2024,Friday
ORD100344,2024-03-29,Electronics,Tablet,331.55,5,1657.75,0.05,North,In-Store,Credit Card,48.0,5.0,2024-03,2024,Friday
ORD101572,2024-03-30,Beauty,Moisturizer,18.7,1,18.7,0.15,West,Online,Debit Card,18.0,5.0,2024-03,2024,Saturday
ORD101400,2024-03-30,Electronics,Tablet,331.55,1,331.55,0.05,North,Online,UPI,31.0,5.0,2024-03,2024,Saturday
ORD100036,2024-03-30,Apparel,T-Shirt,15.0,2,30.0,0.0,South,Online,Debit Card,21.0,5.0,2024-03,2024,Saturday
ORD102660,2024-03-30,Beauty,Perfume,61.75,2,123.5,0.05,South,In-Store,Debit Card,38.0,3.0,2024-03,2024,Saturday
ORD104255,2024-03-30,Apparel,Sneakers,61.75,1,61.75,0.05,Central,Online,Debit Card,37.0,4.0,2024-03,2024,Saturday
ORD103131,2024-03-30,Electronics,Laptop,949.05,4,3796.2,0.05,North,Online,Credit Card,20.0,5.0,2024-03,2024,Saturday
ORD102692,2024-03-30,Apparel,Jeans,40.5,2,81.0,0.1,North,In-Store,Credit Card,35.0,5.0,2024-03,2024,Saturday
ORD100744,2024-03-30,Apparel,Dress,55.0,1,55.0,0.0,North,Online,Credit Card,55.0,5.0,2024-03,2024,Saturday
ORD103469,2024-03-31,Home & Kitchen,Vacuum,149.0,4,596.0,0.0,Central,In-Store,Credit Card,32.0,5.0,2024-03,2024,Sunday
ORD102619,2024-03-31,Sports,Running Shoes,79.0,1,79.0,0.0,South,In-Store,UPI,41.0,5.0,2024-03,2024,Sunday
ORD104194,2024-03-31,Electronics,Headphones,46.55,1,46.55,0.05,Central,Online,Debit Card,25.0,3.0,2024-03,2024,Sunday
ORD101791,2024-04-01,Beauty,Lipstick,18.0,1,18.0,0.0,East,In-Store,Wallet,18.0,4.0,2024-04,2024,Monday
ORD103905,2024-04-01,Home & Kitchen,Vacuum,134.1,1,134.1,0.1,West,Online,Credit Card,37.0,5.0,2024-04,2024,Monday
ORD103489,2024-04-01,Sports,Yoga Mat,25.0,1,25.0,0.0,South,Online,Credit Card,37.0,4.0,2024-04,2024,Monday
ORD103030,2024-04-01,Home & Kitchen,Vacuum,141.55,2,283.1,0.05,East,Online,UPI,32.0,2.0,2024-04,2024,Monday
ORD101004,2024-04-01,Beauty,Lipstick,15.3,1,15.3,0.15,West,In-Store,Debit Card,34.0,5.0,2024-04,2024,Monday
ORD102274,2024-04-02,Beauty,Shampoo,12.0,1,12.0,0.0,South,In-Store,UPI,24.0,4.0,2024-04,2024,Tuesday
ORD103044,2024-04-02,Sports,Bicycle,314.1,2,628.2,0.1,South,Online,Debit Card,43.0,5.0,2024-04,2024,Tuesday
ORD100882,2024-04-02,Beauty,Shampoo,11.4,1,11.4,0.05,North,In-Store,Debit Card,54.0,4.0,2024-04,2024,Tuesday
ORD100525,2024-04-02,Sports,Bicycle,349.0,1,349.0,0.0,South,Online,Credit Card,39.0,3.0,2024-04,2024,Tuesday
ORD101672,2024-04-03,Home & Kitchen,Coffee Maker,56.05,1,56.05,0.05,North,In-Store,Credit Card,18.0,4.0,2024-04,2024,Wednesday
ORD102398,2024-04-03,Home & Kitchen,Air Fryer,89.0,1,89.0,0.0,North,Online,Credit Card,54.0,5.0,2024-04,2024,Wednesday
ORD100336,2024-04-03,Beauty,Shampoo,11.4,2,22.8,0.05,South,In-Store,Debit Card,18.0,2.0,2024-04,2024,Wednesday
ORD102058,2024-04-03,Electronics,Laptop,999.0,1,999.0,0.0,West,In-Store,UPI,21.0,3.0,2024-04,2024,Wednesday
ORD104417,2024-04-03,Electronics,Tablet,314.1,1,314.1,0.1,North,Online,Credit Card,27.0,4.0,2024-04,2024,Wednesday
ORD102408,2024-04-03,Sports,Running Shoes,71.1,2,142.2,0.1,South,Online,Debit Card,23.0,2.0,2024-04,2024,Wednesday
ORD103510,2024-04-03,Apparel,Jeans,45.0,1,45.0,0.0,South,In-Store,Wallet,22.0,5.0,2024-04,2024,Wednesday
ORD103174,2024-04-03,Sports,Yoga Mat,21.25,1,21.25,0.15,West,Online,Debit Card,41.0,4.0,2024-04,2024,Wednesday
ORD100768,2024-04-04,Apparel,Jeans,36.0,1,36.0,0.2,West,Online,Credit Card,62.0,2.0,2024-04,2024,Thursday
ORD102007,2024-04-04,Beauty,Shampoo,11.4,1,11.4,0.05,Central,In-Store,Credit Card,18.0,4.0,2024-04,2024,Thursday
ORD104267,2024-04-04,Electronics,Tablet,296.65,5,1483.25,0.15,South,In-Store,Debit Card,32.0,4.0,2024-04,2024,Thursday
ORD100821,2024-04-04,Beauty,Perfume,52.0,1,52.0,0.2,East,In-Store,Credit Card,36.0,4.0,2024-04,2024,Thursday
ORD103912,2024-04-04,Apparel,Sneakers,61.75,1,61.75,0.05,Central,Online,Debit Card,53.0,4.0,2024-04,2024,Thursday
ORD101334,2024-04-04,Home & Kitchen,Air Fryer,89.0,2,178.0,0.0,South,Online,Credit Card,25.0,5.0,2024-04,2024,Thursday
ORD102666,2024-04-04,Home & Kitchen,Air Fryer,89.0,2,178.0,0.0,East,In-Store,UPI,18.0,5.0,2024-04,2024,Thursday
ORD104867,2024-04-04,Apparel,Jacket,89.0,1,89.0,0.0,East,Online,Debit Card,18.0,3.0,2024-04,2024,Thursday
ORD102315,2024-04-04,Apparel,Dress,55.0,1,55.0,0.0,South,Online,Debit Card,18.0,2.0,2024-04,2024,Thursday
ORD103811,2024-04-05,Electronics,Tablet,349.0,1,349.0,0.0,Central,In-Store,Credit Card,57.0,5.0,2024-04,2024,Friday
ORD101395,2024-04-05,Sports,Tent,116.1,1,116.1,0.1,South,In-Store,Cash,24.0,5.0,2024-04,2024,Friday
ORD102453,2024-04-05,Beauty,Shampoo,11.4,1,11.4,0.05,North,In-Store,Credit Card,32.0,3.0,2024-04,2024,Friday
ORD102526,2024-04-05,Apparel,Sneakers,61.75,1,61.75,0.05,North,In-Store,Cash,27.0,5.0,2024-04,2024,Friday
ORD104374,2024-04-05,Home & Kitchen,Air Fryer,84.55,1,84.55,0.05,East,Online,Credit Card,23.0,5.0,2024-04,2024,Friday
ORD104996,2024-04-05,Apparel,Dress,46.75,1,46.75,0.15,North,Online,Debit Card,33.0,5.0,2024-04,2024,Friday
ORD101302,2024-04-06,Beauty,Sunscreen,16.0,1,16.0,0.0,North,Online,Wallet,38.0,5.0,2024-04,2024,Saturday
ORD100859,2024-04-06,Electronics,Headphones,46.55,1,46.55,0.05,West,Online,Debit Card,28.0,3.0,2024-04,2024,Saturday
ORD103776,2024-04-06,Home & Kitchen,Air Fryer,84.55,5,422.75,0.05,Central,Online,Debit Card,51.0,4.0,2024-04,2024,Saturday
ORD103058,2024-04-06,Beauty,Lipstick,15.3,1,15.3,0.15,North,Online,UPI,26.0,3.0,2024-04,2024,Saturday
ORD102800,2024-04-06,Home & Kitchen,Coffee Maker,59.0,1,59.0,0.0,Central,Online,Credit Card,60.0,2.0,2024-04,2024,Saturday
ORD104675,2024-04-06,Electronics,Tablet,279.2,3,837.6,0.2,Central,In-Store,UPI,50.0,5.0,2024-04,2024,Saturday
ORD104293,2024-04-06,Home & Kitchen,Coffee Maker,53.1,2,106.2,0.1,Central,Online,Cash,26.0,5.0,2024-04,2024,Saturday
ORD103071,2024-04-06,Apparel,Jeans,45.0,1,45.0,0.0,North,Online,Credit Card,42.0,4.0,2024-04,2024,Saturday
ORD101789,2024-04-07,Apparel,T-Shirt,12.75,1,12.75,0.15,East,Online,Credit Card,18.0,5.0,2024-04,2024,Sunday
ORD104784,2024-04-07,Home & Kitchen,Blender,33.15,1,33.15,0.15,East,In-Store,Wallet,22.0,5.0,2024-04,2024,Sunday
ORD103364,2024-04-07,Beauty,Sunscreen,14.4,1,14.4,0.1,West,In-Store,Wallet,44.0,4.0,2024-04,2024,Sunday
ORD101418,2024-04-07,Home & Kitchen,Coffee Maker,56.05,3,168.15,0.05,East,In-Store,Credit Card,30.0,4.0,2024-04,2024,Sunday
ORD103300,2024-04-07,Sports,Dumbbells,45.0,2,90.0,0.0,East,Online,Credit Card,34.0,5.0,2024-04,2024,Sunday
ORD101481,2024-04-07,Apparel,Jacket,89.0,1,89.0,0.0,West,Online,Wallet,33.0,5.0,2024-04,2024,Sunday
ORD103042,2024-04-08,Home & Kitchen,Cookware Set,122.55,1,122.55,0.05,South,In-Store,UPI,31.0,2.0,2024-04,2024,Monday
ORD100787,2024-04-08,Apparel,Sneakers,55.25,1,55.25,0.15,East,In-Store,Credit Card,33.0,4.0,2024-04,2024,Monday
ORD103304,2024-04-08,Electronics,Laptop,899.1,1,899.1,0.1,West,Online,UPI,29.0,5.0,2024-04,2024,Monday
ORD100165,2024-04-08,Electronics,Laptop,999.0,1,999.0,0.0,East,Online,UPI,18.0,5.0,2024-04,2024,Monday
ORD103569,2024-04-09,Sports,Bicycle,349.0,1,349.0,0.0,South,Online,Credit Card,34.0,3.0,2024-04,2024,Tuesday
ORD100296,2024-04-09,Electronics,Laptop,949.05,2,1898.1,0.05,North,Online,Debit Card,18.0,5.0,2024-04,2024,Tuesday
ORD102838,2024-04-09,Apparel,Jacket,89.0,1,89.0,0.0,South,In-Store,Credit Card,59.0,5.0,2024-04,2024,Tuesday
ORD104034,2024-04-09,Beauty,Sunscreen,16.0,2,32.0,0.0,West,In-Store,Credit Card,42.0,5.0,2024-04,2024,Tuesday
ORD101331,2024-04-09,Sports,Bicycle,279.2,5,1396.0,0.2,North,Online,Credit Card,23.0,5.0,2024-04,2024,Tuesday
ORD101922,2024-04-09,Electronics,Tablet,349.0,5,1745.0,0.0,South,Online,Credit Card,24.0,4.0,2024-04,2024,Tuesday
ORD100166,2024-04-10,Beauty,Moisturizer,22.0,1,22.0,0.0,West,Online,Debit Card,18.0,4.0,2024-04,2024,Wednesday
ORD100416,2024-04-10,Beauty,Perfume,61.75,3,185.25,0.05,North,In-Store,Credit Card,40.0,4.0,2024-04,2024,Wednesday
ORD100433,2024-04-10,Electronics,Smartwatch,199.0,1,199.0,0.0,North,Online,Credit Card,18.0,4.0,2024-04,2024,Wednesday
ORD103203,2024-04-10,Home & Kitchen,Cookware Set,129.0,2,258.0,0.0,North,Online,UPI,32.0,4.0,2024-04,2024,Wednesday
ORD104418,2024-04-10,Sports,Tent,129.0,1,129.0,0.0,South,In-Store,Cash,30.0,5.0,2024-04,2024,Wednesday
ORD102716,2024-04-11,Home & Kitchen,Coffee Maker,59.0,2,118.0,0.0,South,Online,Credit Card,35.0,4.0,2024-04,2024,Thursday
ORD104579,2024-04-11,Apparel,Sneakers,61.75,5,308.75,0.05,North,Online,UPI,43.0,4.0,2024-04,2024,Thursday
ORD100239,2024-04-11,Home & Kitchen,Cookware Set,129.0,2,258.0,0.0,East,Online,Debit Card,34.0,4.0,2024-04,2024,Thursday
ORD101851,2024-04-11,Beauty,Sunscreen,14.4,1,14.4,0.1,North,Online,UPI,24.0,3.0,2024-04,2024,Thursday
ORD101861,2024-04-11,Sports,Tent,122.55,1,122.55,0.05,South,In-Store,UPI,41.0,4.0,2024-04,2024,Thursday
ORD100265,2024-04-11,Electronics,Smartwatch,179.1,1,179.1,0.1,North,In-Store,UPI,21.0,5.0,2024-04,2024,Thursday
ORD101242,2024-04-11,Apparel,Dress,55.0,2,110.0,0.0,Central,Online,Credit Card,35.0,5.0,2024-04,2024,Thursday
ORD103294,2024-04-11,Apparel,Jacket,71.2,2,142.4,0.2,West,In-Store,Credit Card,49.0,4.0,2024-04,2024,Thursday
ORD102416,2024-04-12,Apparel,Jeans,45.0,1,45.0,0.0,Central,Online,Credit Card,28.0,5.0,2024-04,2024,Friday
ORD104373,2024-04-12,Sports,Yoga Mat,25.0,1,25.0,0.0,East,Online,UPI,39.0,5.0,2024-04,2024,Friday
ORD102954,2024-04-12,Home & Kitchen,Air Fryer,89.0,1,89.0,0.0,Central,Online,Debit Card,29.0,3.0,2024-04,2024,Friday
ORD100375,2024-04-12,Beauty,Perfume,65.0,1,65.0,0.0,South,Online,Credit Card,20.0,5.0,2024-04,2024,Friday
ORD101368,2024-04-12,Electronics,Smartphone,664.05,2,1328.1,0.05,West,In-Store,Wallet,18.0,4.0,2024-04,2024,Friday
ORD104189,2024-04-12,Electronics,Smartwatch,199.0,2,398.0,0.0,West,Online,Credit Card,48.0,5.0,2024-04,2024,Friday
ORD103967,2024-04-12,Beauty,Lipstick,18.0,1,18.0,0.0,North,Online,Credit Card,30.0,4.0,2024-04,2024,Friday
ORD103729,2024-04-12,Home & Kitchen,Cookware Set,129.0,1,129.0,0.0,Central,In-Store,UPI,46.0,5.0,2024-04,2024,Friday
ORD101437,2024-04-13,Home & Kitchen,Cookware Set,109.65,1,109.65,0.15,South,Online,Debit Card,37.0,4.0,2024-04,2024,Saturday
ORD101982,2024-04-13,Beauty,Shampoo,11.4,1,11.4,0.05,Central,In-Store,Debit Card,18.0,4.0,2024-04,2024,Saturday
ORD100284,2024-04-13,Electronics,Smartphone,629.1,1,629.1,0.1,North,Online,Credit Card,28.0,2.0,2024-04,2024,Saturday
ORD101839,2024-04-13,Apparel,Jacket,80.1,1,80.1,0.1,Central,Online,Credit Card,48.0,4.0,2024-04,2024,Saturday
ORD104925,2024-04-13,Beauty,Moisturizer,22.0,1,22.0,0.0,South,Online,Wallet,18.0,3.0,2024-04,2024,Saturday
ORD102766,2024-04-13,Apparel,Dress,55.0,1,55.0,0.0,West,Online,Debit Card,23.0,4.0,2024-04,2024,Saturday
ORD100656,2024-04-13,Beauty,Perfume,65.0,1,65.0,0.0,South,Online,Debit Card,41.0,4.0,2024-04,2024,Saturday
ORD103517,2024-04-14,Beauty,Shampoo,11.4,1,11.4,0.05,East,In-Store,Wallet,35.0,4.0,2024-04,2024,Sunday
ORD101120,2024-04-14,Sports,Yoga Mat,25.0,1,25.0,0.0,West,Online,Credit Card,18.0,5.0,2024-04,2024,Sunday
ORD104596,2024-04-14,Home & Kitchen,Coffee Maker,59.0,1,59.0,0.0,East,Online,Credit Card,35.0,5.0,2024-04,2024,Sunday
ORD103658,2024-04-14,Apparel,T-Shirt,15.0,1,15.0,0.0,South,Online,UPI,53.0,4.0,2024-04,2024,Sunday
ORD100502,2024-04-14,Electronics,Smartphone,699.0,1,699.0,0.0,Central,Online,Credit Card,23.0,5.0,2024-04,2024,Sunday
ORD104997,2024-04-14,Home & Kitchen,Air Fryer,75.65,1,75.65,0.15,Central,Online,Debit Card,21.0,4.0,2024-04,2024,Sunday
ORD102582,2024-04-14,Home & Kitchen,Coffee Maker,56.05,2,112.1,0.05,West,In-Store,Credit Card,18.0,5.0,2024-04,2024,Sunday
ORD100568,2024-04-15,Beauty,Sunscreen,16.0,1,16.0,0.0,Central,Online,Cash,26.0,4.0,2024-04,2024,Monday
ORD102128,2024-04-15,Electronics,Headphones,46.55,1,46.55,0.05,Central,In-Store,Credit Card,18.0,5.0,2024-04,2024,Monday
ORD103501,2024-04-15,Home & Kitchen,Vacuum,149.0,2,298.0,0.0,West,Online,Debit Card,36.0,5.0,2024-04,2024,Monday
ORD104545,2024-04-15,Apparel,Jeans,45.0,1,45.0,0.0,West,In-Store,Credit Card,18.0,4.0,2024-04,2024,Monday
ORD102730,2024-04-15,Electronics,Headphones,41.65,2,83.3,0.15,South,Online,Credit Card,31.0,4.0,2024-04,2024,Monday
ORD103108,2024-04-15,Electronics,Laptop,999.0,1,999.0,0.0,Central,Online,Credit Card,49.0,4.0,2024-04,2024,Monday
ORD102560,2024-04-16,Electronics,Smartwatch,199.0,1,199.0,0.0,North,Online,Wallet,30.0,5.0,2024-04,2024,Tuesday
ORD101505,2024-04-16,Sports,Dumbbells,40.5,2,81.0,0.1,Central,In-Store,Debit Card,36.0,3.0,2024-04,2024,Tuesday
ORD101204,2024-04-16,Sports,Running Shoes,63.2,2,126.4,0.2,West,Online,Wallet,36.0,5.0,2024-04,2024,Tuesday
ORD101124,2024-04-16,Sports,Yoga Mat,22.5,1,22.5,0.1,East,In-Store,Wallet,36.0,5.0,2024-04,2024,Tuesday
ORD101263,2024-04-16,Home & Kitchen,Air Fryer,84.55,1,84.55,0.05,East,Online,Credit Card,47.0,3.0,2024-04,2024,Tuesday
ORD101767,2024-04-16,Electronics,Smartwatch,189.05,2,378.1,0.05,Central,Online,Credit Card,42.0,5.0,2024-04,2024,Tuesday
ORD102178,2024-04-16,Beauty,Shampoo,10.2,2,20.4,0.15,North,Online,Credit Card,44.0,1.0,2024-04,2024,Tuesday
ORD104677,2024-04-16,Electronics,Smartwatch,199.0,1,199.0,0.0,North,In-Store,Credit Card,39.0,4.0,2024-04,2024,Tuesday
ORD102771,2024-04-17,Apparel,Dress,55.0,1,55.0,0.0,West,Online,Credit Card,25.0,5.0,2024-04,2024,Wednesday
ORD104931,2024-04-17,Sports,Bicycle,349.0,5,1745.0,0.0,North,Online,Debit Card,34.0,4.0,2024-04,2024,Wednesday
ORD102319,2024-04-17,Sports,Yoga Mat,25.0,2,50.0,0.0,Central,Online,Credit Card,34.0,5.0,2024-04,2024,Wednesday
ORD103217,2024-04-17,Sports,Running Shoes,75.05,1,75.05,0.05,North,Online,Debit Card,32.0,3.0,2024-04,2024,Wednesday
ORD104909,2024-04-18,Apparel,Jacket,89.0,1,89.0,0.0,Central,In-Store,Debit Card,44.0,5.0,2024-04,2024,Thursday
ORD100222,2024-04-18,Sports,Tent,129.0,2,258.0,0.0,West,In-Store,Credit Card,28.0,4.0,2024-04,2024,Thursday
ORD104521,2024-04-18,Home & Kitchen,Vacuum,134.1,3,402.3,0.1,North,Online,Wallet,32.0,5.0,2024-04,2024,Thursday
ORD101808,2024-04-18,Home & Kitchen,Coffee Maker,56.05,1,56.05,0.05,South,In-Store,Cash,18.0,5.0,2024-04,2024,Thursday
ORD102655,2024-04-19,Apparel,Jeans,36.0,2,72.0,0.2,South,In-Store,UPI,52.0,4.0,2024-04,2024,Friday
ORD103011,2024-04-19,Beauty,Sunscreen,16.0,1,16.0,0.0,Central,In-Store,Credit Card,50.0,5.0,2024-04,2024,Friday
ORD101987,2024-04-19,Home & Kitchen,Vacuum,141.55,1,141.55,0.05,South,In-Store,Credit Card,30.0,5.0,2024-04,2024,Friday
ORD100341,2024-04-19,Beauty,Perfume,65.0,1,65.0,0.0,South,Online,Debit Card,34.0,5.0,2024-04,2024,Friday
ORD104122,2024-04-19,Beauty,Perfume,65.0,1,65.0,0.0,South,Online,Credit Card,21.0,5.0,2024-04,2024,Friday
ORD104094,2024-04-19,Electronics,Headphones,49.0,1,49.0,0.0,South,In-Store,UPI,32.0,5.0,2024-04,2024,Friday
ORD104836,2024-04-20,Apparel,Jeans,40.5,1,40.5,0.1,Central,Online,Wallet,32.0,4.0,2024-04,2024,Saturday
ORD103743,2024-04-20,Home & Kitchen,Cookware Set,129.0,1,129.0,0.0,South,Online,Cash,18.0,5.0,2024-04,2024,Saturday
ORD102858,2024-04-20,Beauty,Shampoo,10.2,1,10.2,0.15,South,Online,Credit Card,24.0,4.0,2024-04,2024,Saturday
ORD103204,2024-04-20,Home & Kitchen,Air Fryer,89.0,1,89.0,0.0,Central,In-Store,Debit Card,33.0,3.0,2024-04,2024,Saturday
ORD100236,2024-04-20,Apparel,Dress,55.0,1,55.0,0.0,North,In-Store,Credit Card,46.0,4.0,2024-04,2024,Saturday
ORD103001,2024-04-20,Home & Kitchen,Air Fryer,89.0,2,178.0,0.0,North,Online,Credit Card,18.0,4.0,2024-04,2024,Saturday
ORD102498,2024-04-20,Home & Kitchen,Coffee Maker,50.15,2,100.3,0.15,East,Online,Credit Card,43.0,1.0,2024-04,2024,Saturday
ORD103926,2024-04-20,Beauty,Moisturizer,22.0,2,44.0,0.0,East,Online,Debit Card,44.0,5.0,2024-04,2024,Saturday
ORD102649,2024-04-20,Apparel,Jeans,40.5,1,40.5,0.1,West,In-Store,Wallet,22.0,5.0,2024-04,2024,Saturday
ORD101097,2024-04-21,Apparel,T-Shirt,13.5,1,13.5,0.1,South,Online,Credit Card,27.0,4.0,2024-04,2024,Sunday
ORD104063,2024-04-21,Home & Kitchen,Vacuum,149.0,1,149.0,0.0,West,Online,UPI,38.0,4.0,2024-04,2024,Sunday
ORD100447,2024-04-21,Apparel,Jacket,75.65,1,75.65,0.15,North,Online,Credit Card,32.0,5.0,2024-04,2024,Sunday
ORD101577,2024-04-21,Beauty,Moisturizer,22.0,1,22.0,0.0,Central,Online,Cash,54.0,5.0,2024-04,2024,Sunday
ORD101213,2024-04-21,Apparel,Sneakers,61.75,1,61.75,0.05,East,In-Store,Credit Card,36.0,5.0,2024-04,2024,Sunday
ORD101398,2024-04-21,Sports,Bicycle,349.0,1,349.0,0.0,North,In-Store,Debit Card,25.0,4.0,2024-04,2024,Sunday
ORD101348,2024-04-21,Apparel,Jacket,71.2,1,71.2,0.2,West,Online,Debit Card,45.0,4.0,2024-04,2024,Sunday
ORD100343,2024-04-21,Home & Kitchen,Coffee Maker,59.0,1,59.0,0.0,South,In-Store,Credit Card,38.0,4.0,2024-04,2024,Sunday
ORD100013,2024-04-22,Electronics,Smartwatch,159.2,4,636.8,0.2,South,In-Store,Credit Card,27.0,5.0,2024-04,2024,Monday
ORD101134,2024-04-22,Beauty,Perfume,65.0,1,65.0,0.0,South,Online,Debit Card,32.0,3.0,2024-04,2024,Monday
ORD100082,2024-04-22,Home & Kitchen,Cookware Set,129.0,2,258.0,0.0,West,Online,Cash,32.0,4.0,2024-04,2024,Monday
ORD100379,2024-04-22,Electronics,Smartphone,594.15,1,594.15,0.15,East,In-Store,Debit Card,29.0,4.0,2024-04,2024,Monday
ORD100960,2024-04-22,Sports,Tent,122.55,1,122.55,0.05,West,In-Store,UPI,25.0,4.0,2024-04,2024,Monday
ORD102306,2024-04-22,Apparel,Dress,49.5,2,99.0,0.1,Central,In-Store,UPI,19.0,4.0,2024-04,2024,Monday
ORD104100,2024-04-22,Sports,Running Shoes,79.0,1,79.0,0.0,West,Online,Credit Card,42.0,5.0,2024-04,2024,Monday
ORD101742,2024-04-22,Beauty,Lipstick,17.1,2,34.2,0.05,North,Online,Wallet,30.0,2.0,2024-04,2024,Monday
ORD103415,2024-04-23,Sports,Running Shoes,71.1,1,71.1,0.1,North,In-Store,Credit Card,49.0,3.0,2024-04,2024,Tuesday
ORD102672,2024-04-23,Home & Kitchen,Cookware Set,129.0,1,129.0,0.0,South,Online,Credit Card,25.0,2.0,2024-04,2024,Tuesday
ORD102174,2024-04-23,Electronics,Tablet,331.55,4,1326.2,0.05,Central,In-Store,Credit Card,32.0,3.0,2024-04,2024,Tuesday
ORD101379,2024-04-23,Home & Kitchen,Cookware Set,129.0,1,129.0,0.0,Central,Online,Credit Card,33.0,5.0,2024-04,2024,Tuesday
ORD100900,2024-04-23,Home & Kitchen,Cookware Set,122.55,1,122.55,0.05,Central,Online,UPI,33.0,4.0,2024-04,2024,Tuesday
ORD101680,2024-04-23,Electronics,Laptop,899.1,1,899.1,0.1,Central,In-Store,Credit Card,24.0,1.0,2024-04,2024,Tuesday
ORD102371,2024-04-24,Electronics,Headphones,46.55,3,139.65,0.05,East,Online,Credit Card,26.0,5.0,2024-04,2024,Wednesday
ORD103297,2024-04-24,Sports,Bicycle,349.0,1,349.0,0.0,West,In-Store,Wallet,18.0,4.0,2024-04,2024,Wednesday
ORD100088,2024-04-24,Electronics,Smartphone,699.0,1,699.0,0.0,Central,Online,Credit Card,21.0,3.0,2024-04,2024,Wednesday
ORD102080,2024-04-24,Electronics,Tablet,349.0,1,349.0,0.0,West,Online,Credit Card,51.0,5.0,2024-04,2024,Wednesday
ORD104699,2024-04-24,Sports,Dumbbells,45.0,1,45.0,0.0,South,Online,UPI,51.0,5.0,2024-04,2024,Wednesday
ORD100845,2024-04-24,Home & Kitchen,Vacuum,141.55,1,141.55,0.05,East,Online,Wallet,52.0,5.0,2024-04,2024,Wednesday
ORD103542,2024-04-24,Electronics,Headphones,41.65,1,41.65,0.15,Central,Online,Debit Card,43.0,4.0,2024-04,2024,Wednesday
ORD104834,2024-04-24,Home & Kitchen,Vacuum,141.55,4,566.2,0.05,West,Online,Cash,27.0,4.0,2024-04,2024,Wednesday
ORD101186,2024-04-24,Sports,Yoga Mat,25.0,1,25.0,0.0,East,In-Store,UPI,30.0,5.0,2024-04,2024,Wednesday
ORD103800,2024-04-25,Electronics,Smartphone,699.0,1,699.0,0.0,West,Online,Debit Card,48.0,4.0,2024-04,2024,Thursday
ORD101745,2024-04-25,Home & Kitchen,Air Fryer,84.55,2,169.1,0.05,Central,In-Store,Cash,29.0,5.0,2024-04,2024,Thursday
ORD100951,2024-04-25,Apparel,Dress,52.25,2,104.5,0.05,South,Online,Cash,18.0,3.0,2024-04,2024,Thursday
ORD101392,2024-04-25,Apparel,T-Shirt,15.0,1,15.0,0.0,West,In-Store,Cash,45.0,4.0,2024-04,2024,Thursday
ORD103232,2024-04-26,Home & Kitchen,Coffee Maker,56.05,1,56.05,0.05,West,In-Store,UPI,38.0,3.0,2024-04,2024,Friday
ORD103739,2024-04-26,Apparel,Dress,52.25,1,52.25,0.05,Central,In-Store,UPI,43.0,5.0,2024-04,2024,Friday
ORD103904,2024-04-26,Electronics,Smartphone,594.15,1,594.15,0.15,East,In-Store,Wallet,18.0,5.0,2024-04,2024,Friday
ORD102731,2024-04-26,Sports,Running Shoes,79.0,2,158.0,0.0,Central,Online,Wallet,18.0,4.0,2024-04,2024,Friday
ORD100440,2024-04-26,Apparel,T-Shirt,15.0,1,15.0,0.0,Central,Online,Debit Card,42.0,2.0,2024-04,2024,Friday
ORD104202,2024-04-26,Apparel,Jeans,45.0,1,45.0,0.0,West,In-Store,Credit Card,45.0,2.0,2024-04,2024,Friday
ORD102423,2024-04-26,Beauty,Sunscreen,16.0,1,16.0,0.0,South,Online,Cash,25.0,5.0,2024-04,2024,Friday
ORD101504,2024-04-27,Apparel,T-Shirt,13.5,3,40.5,0.1,North,Online,UPI,18.0,5.0,2024-04,2024,Saturday
ORD100408,2024-04-27,Electronics,Tablet,349.0,2,698.0,0.0,East,In-Store,UPI,22.0,4.0,2024-04,2024,Saturday
ORD100257,2024-04-27,Electronics,Headphones,46.55,1,46.55,0.05,Central,In-Store,Credit Card,41.0,5.0,2024-04,2024,Saturday
ORD103380,2024-04-27,Home & Kitchen,Cookware Set,122.55,2,245.1,0.05,North,Online,Debit Card,39.0,4.0,2024-04,2024,Saturday
ORD100312,2024-04-27,Apparel,Jacket,80.1,1,80.1,0.1,East,Online,Debit Card,50.0,5.0,2024-04,2024,Saturday
ORD102380,2024-04-27,Apparel,Jeans,36.0,4,144.0,0.2,West,In-Store,Credit Card,39.0,4.0,2024-04,2024,Saturday
ORD102332,2024-04-27,Home & Kitchen,Vacuum,141.55,1,141.55,0.05,Central,Online,Credit Card,29.0,4.0,2024-04,2024,Saturday
ORD101171,2024-04-28,Electronics,Headphones,49.0,2,98.0,0.0,West,In-Store,Debit Card,26.0,5.0,2024-04,2024,Sunday
ORD101816,2024-04-28,Beauty,Sunscreen,16.0,1,16.0,0.0,Central,In-Store,UPI,34.0,5.0,2024-04,2024,Sunday
ORD101439,2024-04-28,Home & Kitchen,Vacuum,134.1,1,134.1,0.1,East,In-Store,UPI,40.0,4.0,2024-04,2024,Sunday
ORD102717,2024-04-28,Home & Kitchen,Blender,39.0,1,39.0,0.0,West,Online,UPI,39.0,3.0,2024-04,2024,Sunday
ORD100259,2024-04-28,Home & Kitchen,Blender,39.0,1,39.0,0.0,West,In-Store,Credit Card,38.0,1.0,2024-04,2024,Sunday
ORD104291,2024-04-28,Beauty,Perfume,65.0,1,65.0,0.0,East,Online,Debit Card,25.0,5.0,2024-04,2024,Sunday
ORD100945,2024-04-28,Electronics,Smartwatch,169.15,1,169.15,0.15,Central,In-Store,Credit Card,36.0,5.0,2024-04,2024,Sunday
ORD102220,2024-04-29,Apparel,Jacket,89.0,1,89.0,0.0,East,In-Store,Debit Card,29.0,5.0,2024-04,2024,Monday
ORD101444,2024-04-29,Beauty,Moisturizer,22.0,1,22.0,0.0,South,In-Store,Debit Card,36.0,4.0,2024-04,2024,Monday
ORD100489,2024-04-29,Apparel,Jeans,45.0,1,45.0,0.0,North,Online,Debit Card,27.0,4.0,2024-04,2024,Monday
ORD103430,2024-04-29,Sports,Bicycle,349.0,2,698.0,0.0,Central,Online,Credit Card,21.0,3.0,2024-04,2024,Monday
ORD103617,2024-04-29,Sports,Tent,129.0,2,258.0,0.0,West,In-Store,Debit Card,19.0,3.0,2024-04,2024,Monday
ORD103343,2024-04-29,Home & Kitchen,Coffee Maker,56.05,1,56.05,0.05,East,In-Store,Credit Card,29.0,5.0,2024-04,2024,Monday
ORD104733,2024-04-30,Home & Kitchen,Blender,35.1,1,35.1,0.1,West,Online,Cash,64.0,5.0,2024-04,2024,Tuesday
ORD101201,2024-04-30,Home & Kitchen,Air Fryer,89.0,1,89.0,0.0,North,Online,Cash,55.0,5.0,2024-04,2024,Tuesday
ORD104994,2024-04-30,Home & Kitchen,Coffee Maker,59.0,5,295.0,0.0,North,In-Store,Cash,29.0,5.0,2024-04,2024,Tuesday
ORD102344,2024-04-30,Apparel,Sneakers,65.0,1,65.0,0.0,East,In-Store,Debit Card,18.0,5.0,2024-04,2024,Tuesday
ORD100756,2024-04-30,Apparel,Dress,55.0,1,55.0,0.0,South,In-Store,Credit Card,58.0,3.0,2024-04,2024,Tuesday
ORD100725,2024-04-30,Home & Kitchen,Vacuum,141.55,4,566.2,0.05,West,Online,Cash,20.0,4.0,2024-04,2024,Tuesday
ORD100306,2024-04-30,Electronics,Laptop,849.15,1,849.15,0.15,Central,Online,Credit Card,43.0,5.0,2024-04,2024,Tuesday
ORD100177,2024-05-01,Sports,Running Shoes,67.15,1,67.15,0.15,South,In-Store,Credit Card,30.0,5.0,2024-05,2024,Wednesday
ORD101294,2024-05-01,Sports,Tent,109.65,1,109.65,0.15,South,Online,Credit Card,27.0,5.0,2024-05,2024,Wednesday
ORD103184,2024-05-01,Sports,Tent,122.55,1,122.55,0.05,Central,In-Store,Wallet,38.0,4.0,2024-05,2024,Wednesday
ORD103677,2024-05-01,Home & Kitchen,Coffee Maker,53.1,1,53.1,0.1,North,Online,Debit Card,28.0,3.0,2024-05,2024,Wednesday
ORD104595,2024-05-02,Electronics,Smartphone,699.0,1,699.0,0.0,North,Online,Cash,27.0,5.0,2024-05,2024,Thursday
ORD103703,2024-05-02,Beauty,Moisturizer,22.0,1,22.0,0.0,East,Online,Credit Card,18.0,4.0,2024-05,2024,Thursday
ORD104621,2024-05-02,Apparel,Dress,55.0,1,55.0,0.0,West,In-Store,Credit Card,42.0,3.0,2024-05,2024,Thursday
ORD101736,2024-05-02,Home & Kitchen,Vacuum,149.0,1,149.0,0.0,Central,Online,Credit Card,31.0,3.0,2024-05,2024,Thursday
ORD101010,2024-05-02,Sports,Bicycle,279.2,2,558.4,0.2,Central,In-Store,Debit Card,34.0,4.0,2024-05,2024,Thursday
ORD104818,2024-05-02,Beauty,Lipstick,18.0,1,18.0,0.0,Central,In-Store,Credit Card,23.0,5.0,2024-05,2024,Thursday
ORD101960,2024-05-02,Home & Kitchen,Air Fryer,75.65,1,75.65,0.15,East,Online,Credit Card,29.0,5.0,2024-05,2024,Thursday
ORD103122,2024-05-03,Apparel,T-Shirt,13.5,1,13.5,0.1,West,Online,UPI,31.0,3.0,2024-05,2024,Friday
ORD104048,2024-05-03,Sports,Dumbbells,40.5,2,81.0,0.1,Central,Online,Debit Card,42.0,3.0,2024-05,2024,Friday
ORD100208,2024-05-03,Electronics,Smartwatch,179.1,1,179.1,0.1,East,In-Store,Debit Card,21.0,2.0,2024-05,2024,Friday
ORD104938,2024-05-03,Home & Kitchen,Cookware Set,122.55,1,122.55,0.05,West,In-Store,Debit Card,50.0,2.0,2024-05,2024,Friday
ORD100109,2024-05-03,Apparel,Jeans,45.0,2,90.0,0.0,South,Online,Wallet,47.0,3.0,2024-05,2024,Friday
ORD104278,2024-05-03,Beauty,Moisturizer,22.0,3,66.0,0.0,West,Online,Debit Card,48.0,4.0,2024-05,2024,Friday
ORD102727,2024-05-03,Beauty,Lipstick,17.1,3,51.3,0.05,East,In-Store,Credit Card,44.0,3.0,2024-05,2024,Friday
ORD100016,2024-05-03,Electronics,Headphones,49.0,1,49.0,0.0,West,Online,Credit Card,44.0,4.0,2024-05,2024,Friday
ORD102806,2024-05-03,Apparel,Sneakers,65.0,2,130.0,0.0,East,Online,Debit Card,52.0,5.0,2024-05,2024,Friday
ORD100886,2024-05-04,Electronics,Tablet,349.0,1,349.0,0.0,West,Online,Credit Card,53.0,4.0,2024-05,2024,Saturday
ORD103576,2024-05-04,Apparel,Jacket,89.0,2,178.0,0.0,West,Online,Credit Card,24.0,5.0,2024-05,2024,Saturday
ORD103594,2024-05-04,Sports,Dumbbells,42.75,1,42.75,0.05,North,In-Store,Credit Card,26.0,3.0,2024-05,2024,Saturday
ORD102062,2024-05-04,Beauty,Lipstick,17.1,1,17.1,0.05,North,In-Store,Credit Card,32.0,3.0,2024-05,2024,Saturday
ORD103031,2024-05-05,Sports,Bicycle,314.1,1,314.1,0.1,North,Online,UPI,54.0,1.0,2024-05,2024,Sunday
ORD102157,2024-05-05,Electronics,Smartphone,629.1,1,629.1,0.1,West,Online,UPI,28.0,5.0,2024-05,2024,Sunday
ORD102691,2024-05-05,Sports,Dumbbells,42.75,2,85.5,0.05,East,Online,Debit Card,40.0,3.0,2024-05,2024,Sunday
ORD103136,2024-05-05,Home & Kitchen,Air Fryer,89.0,1,89.0,0.0,East,In-Store,UPI,53.0,4.0,2024-05,2024,Sunday
ORD103868,2024-05-05,Apparel,T-Shirt,15.0,2,30.0,0.0,West,In-Store,Wallet,29.0,4.0,2024-05,2024,Sunday
ORD100763,2024-05-06,Apparel,Dress,55.0,1,55.0,0.0,North,In-Store,Credit Card,18.0,5.0,2024-05,2024,Monday
ORD103028,2024-05-06,Home & Kitchen,Cookware Set,129.0,1,129.0,0.0,North,In-Store,UPI,18.0,5.0,2024-05,2024,Monday
ORD101049,2024-05-06,Sports,Running Shoes,79.0,4,316.0,0.0,South,Online,Wallet,35.0,4.0,2024-05,2024,Monday
ORD100126,2024-05-06,Home & Kitchen,Coffee Maker,59.0,1,59.0,0.0,South,Online,Credit Card,21.0,5.0,2024-05,2024,Monday
ORD104627,2024-05-06,Apparel,Sneakers,58.5,2,117.0,0.1,North,In-Store,Credit Card,26.0,2.0,2024-05,2024,Monday
ORD102455,2024-05-06,Apparel,Jacket,89.0,1,89.0,0.0,North,Online,Credit Card,36.0,2.0,2024-05,2024,Monday
ORD102303,2024-05-06,Home & Kitchen,Coffee Maker,59.0,1,59.0,0.0,Central,Online,Debit Card,34.0,4.0,2024-05,2024,Monday
ORD101939,2024-05-07,Beauty,Shampoo,10.2,1,10.2,0.15,East,Online,Credit Card,19.0,5.0,2024-05,2024,Tuesday
ORD103693,2024-05-07,Electronics,Tablet,349.0,1,349.0,0.0,North,In-Store,UPI,50.0,4.0,2024-05,2024,Tuesday
ORD104287,2024-05-07,Sports,Dumbbells,38.25,1,38.25,0.15,North,Online,Credit Card,36.0,4.0,2024-05,2024,Tuesday
ORD100180,2024-05-07,Beauty,Moisturizer,22.0,1,22.0,0.0,North,In-Store,Cash,23.0,5.0,2024-05,2024,Tuesday
ORD103298,2024-05-08,Sports,Tent,116.1,1,116.1,0.1,East,In-Store,Debit Card,25.0,3.0,2024-05,2024,Wednesday
ORD101181,2024-05-08,Electronics,Laptop,949.05,2,1898.1,0.05,North,Online,Debit Card,45.0,3.0,2024-05,2024,Wednesday
ORD103744,2024-05-08,Sports,Dumbbells,40.5,3,121.5,0.1,North,Online,Credit Card,37.0,3.0,2024-05,2024,Wednesday
ORD102193,2024-05-08,Home & Kitchen,Vacuum,149.0,2,298.0,0.0,West,In-Store,Debit Card,18.0,1.0,2024-05,2024,Wednesday
ORD100488,2024-05-08,Beauty,Moisturizer,19.8,2,39.6,0.1,West,In-Store,Credit Card,35.0,2.0,2024-05,2024,Wednesday
ORD104860,2024-05-08,Electronics,Laptop,849.15,1,849.15,0.15,West,Online,Debit Card,45.0,4.0,2024-05,2024,Wednesday
ORD101264,2024-05-08,Electronics,Smartphone,699.0,1,699.0,0.0,North,In-Store,Debit Card,29.0,4.0,2024-05,2024,Wednesday
ORD102706,2024-05-08,Electronics,Tablet,349.0,5,1745.0,0.0,Central,Online,Credit Card,40.0,5.0,2024-05,2024,Wednesday
ORD100202,2024-05-08,Electronics,Smartwatch,169.15,2,338.3,0.15,East,Online,UPI,38.0,4.0,2024-05,2024,Wednesday
ORD104206,2024-05-09,Electronics,Laptop,949.05,1,949.05,0.05,South,In-Store,Wallet,24.0,4.0,2024-05,2024,Thursday
ORD104170,2024-05-09,Home & Kitchen,Air Fryer,75.65,1,75.65,0.15,North,Online,Credit Card,57.0,3.0,2024-05,2024,Thursday
ORD101558,2024-05-09,Electronics,Headphones,41.65,1,41.65,0.15,West,Online,Credit Card,39.0,5.0,2024-05,2024,Thursday
ORD100467,2024-05-09,Sports,Tent,129.0,5,645.0,0.0,Central,Online,UPI,39.0,3.0,2024-05,2024,Thursday
ORD101786,2024-05-09,Apparel,Sneakers,65.0,2,130.0,0.0,West,In-Store,Wallet,40.0,5.0,2024-05,2024,Thursday
ORD101633,2024-05-09,Beauty,Moisturizer,22.0,3,66.0,0.0,South,In-Store,UPI,21.0,5.0,2024-05,2024,Thursday
ORD100649,2024-05-09,Home & Kitchen,Air Fryer,84.55,2,169.1,0.05,West,Online,Debit Card,48.0,5.0,2024-05,2024,Thursday
ORD101366,2024-05-09,Electronics,Tablet,314.1,1,314.1,0.1,North,Online,Credit Card,18.0,5.0,2024-05,2024,Thursday
ORD103851,2024-05-09,Beauty,Perfume,65.0,1,65.0,0.0,South,In-Store,Debit Card,28.0,3.0,2024-05,2024,Thursday
ORD100472,2024-05-09,Electronics,Tablet,349.0,2,698.0,0.0,West,In-Store,Credit Card,37.0,5.0,2024-05,2024,Thursday
ORD100132,2024-05-09,Electronics,Smartwatch,199.0,1,199.0,0.0,North,Online,Cash,34.0,4.0,2024-05,2024,Thursday
ORD101408,2024-05-10,Sports,Yoga Mat,25.0,1,25.0,0.0,East,In-Store,Credit Card,29.0,2.0,2024-05,2024,Friday
ORD101103,2024-05-10,Beauty,Shampoo,12.0,1,12.0,0.0,North,In-Store,Debit Card,45.0,5.0,2024-05,2024,Friday
ORD104611,2024-05-10,Apparel,T-Shirt,15.0,1,15.0,0.0,East,Online,Credit Card,44.0,5.0,2024-05,2024,Friday
ORD103353,2024-05-10,Apparel,Sneakers,65.0,2,130.0,0.0,West,In-Store,UPI,46.0,3.0,2024-05,2024,Friday
ORD104744,2024-05-10,Sports,Running Shoes,75.05,4,300.2,0.05,South,Online,UPI,30.0,4.0,2024-05,2024,Friday
ORD104497,2024-05-10,Beauty,Shampoo,12.0,2,24.0,0.0,Central,In-Store,Debit Card,20.0,5.0,2024-05,2024,Friday
ORD101179,2024-05-10,Home & Kitchen,Air Fryer,89.0,1,89.0,0.0,Central,Online,Credit Card,35.0,4.0,2024-05,2024,Friday
ORD102041,2024-05-11,Sports,Dumbbells,40.5,2,81.0,0.1,West,In-Store,Credit Card,40.0,5.0,2024-05,2024,Saturday
ORD100916,2024-05-11,Beauty,Moisturizer,22.0,1,22.0,0.0,East,In-Store,Credit Card,28.0,5.0,2024-05,2024,Saturday
ORD102658,2024-05-11,Electronics,Laptop,999.0,1,999.0,0.0,South,In-Store,Wallet,40.0,4.0,2024-05,2024,Saturday
ORD104972,2024-05-11,Electronics,Smartwatch,179.1,1,179.1,0.1,South,In-Store,Debit Card,32.0,5.0,2024-05,2024,Saturday
ORD101215,2024-05-12,Apparel,Jacket,84.55,1,84.55,0.05,Central,Online,Credit Card,37.0,3.0,2024-05,2024,Sunday
ORD103167,2024-05-12,Apparel,Jacket,89.0,2,178.0,0.0,North,In-Store,Debit Card,38.0,4.0,2024-05,2024,Sunday
ORD100055,2024-05-12,Apparel,T-Shirt,15.0,2,30.0,0.0,North,Online,Debit Card,50.0,5.0,2024-05,2024,Sunday
ORD100076,2024-05-12,Beauty,Lipstick,18.0,2,36.0,0.0,North,Online,UPI,53.0,5.0,2024-05,2024,Sunday
ORD103373,2024-05-12,Electronics,Smartphone,664.05,1,664.05,0.05,East,In-Store,Credit Card,49.0,4.0,2024-05,2024,Sunday
ORD100573,2024-05-12,Beauty,Lipstick,18.0,2,36.0,0.0,Central,In-Store,Credit Card,36.0,4.0,2024-05,2024,Sunday
ORD103712,2024-05-12,Electronics,Headphones,46.55,1,46.55,0.05,Central,Online,UPI,26.0,4.0,2024-05,2024,Sunday
ORD104850,2024-05-13,Electronics,Smartphone,699.0,2,1398.0,0.0,Central,Online,Credit Card,56.0,4.0,2024-05,2024,Monday
ORD101812,2024-05-13,Electronics,Laptop,799.2,4,3196.8,0.2,Central,In-Store,Debit Card,30.0,5.0,2024-05,2024,Monday
ORD101720,2024-05-13,Beauty,Lipstick,18.0,2,36.0,0.0,East,Online,Credit Card,30.0,5.0,2024-05,2024,Monday
ORD104372,2024-05-13,Beauty,Sunscreen,16.0,1,16.0,0.0,South,In-Store,Credit Card,36.0,5.0,2024-05,2024,Monday
ORD101314,2024-05-13,Home & Kitchen,Blender,39.0,3,117.0,0.0,North,Online,UPI,50.0,5.0,2024-05,2024,Monday
ORD104492,2024-05-13,Sports,Tent,129.0,1,129.0,0.0,Central,Online,UPI,18.0,4.0,2024-05,2024,Monday
ORD101416,2024-05-13,Apparel,Jeans,40.5,1,40.5,0.1,South,In-Store,UPI,20.0,3.0,2024-05,2024,Monday
ORD102488,2024-05-13,Home & Kitchen,Blender,39.0,1,39.0,0.0,Central,In-Store,Debit Card,42.0,5.0,2024-05,2024,Monday
ORD100588,2024-05-13,Electronics,Headphones,49.0,2,98.0,0.0,North,In-Store,Credit Card,51.0,4.0,2024-05,2024,Monday
ORD104865,2024-05-14,Apparel,Sneakers,65.0,1,65.0,0.0,North,Online,Credit Card,26.0,3.0,2024-05,2024,Tuesday
ORD100522,2024-05-14,Electronics,Headphones,49.0,1,49.0,0.0,South,Online,UPI,52.0,4.0,2024-05,2024,Tuesday
ORD103529,2024-05-14,Electronics,Headphones,44.1,2,88.2,0.1,North,Online,Credit Card,42.0,3.0,2024-05,2024,Tuesday
ORD100816,2024-05-14,Electronics,Smartphone,699.0,2,1398.0,0.0,Central,In-Store,Credit Card,18.0,5.0,2024-05,2024,Tuesday
ORD102035,2024-05-14,Home & Kitchen,Air Fryer,89.0,1,89.0,0.0,East,In-Store,Credit Card,38.0,5.0,2024-05,2024,Tuesday
ORD103421,2024-05-15,Electronics,Smartwatch,199.0,1,199.0,0.0,North,In-Store,Debit Card,43.0,4.0,2024-05,2024,Wednesday
ORD102593,2024-05-15,Electronics,Smartwatch,159.2,1,159.2,0.2,Central,Online,Credit Card,19.0,4.0,2024-05,2024,Wednesday
ORD102690,2024-05-15,Electronics,Smartphone,629.1,2,1258.2,0.1,West,In-Store,Credit Card,61.0,4.0,2024-05,2024,Wednesday
ORD104099,2024-05-15,Electronics,Headphones,39.2,2,78.4,0.2,East,Online,Debit Card,54.0,3.0,2024-05,2024,Wednesday
ORD103991,2024-05-16,Electronics,Smartphone,699.0,2,1398.0,0.0,Central,In-Store,Credit Card,41.0,5.0,2024-05,2024,Thursday
ORD102026,2024-05-16,Electronics,Laptop,999.0,1,999.0,0.0,West,Online,Credit Card,39.0,4.0,2024-05,2024,Thursday
ORD101976,2024-05-16,Sports,Bicycle,349.0,2,698.0,0.0,South,In-Store,Debit Card,31.0,5.0,2024-05,2024,Thursday
ORD101974,2024-05-16,Beauty,Moisturizer,18.7,3,56.1,0.15,North,Online,Cash,18.0,3.0,2024-05,2024,Thursday
ORD101292,2024-05-16,Home & Kitchen,Coffee Maker,59.0,2,118.0,0.0,North,Online,UPI,31.0,4.0,2024-05,2024,Thursday
ORD104613,2024-05-16,Beauty,Moisturizer,22.0,1,22.0,0.0,South,In-Store,Credit Card,39.0,5.0,2024-05,2024,Thursday
ORD104942,2024-05-16,Electronics,Smartwatch,179.1,1,179.1,0.1,Central,In-Store,Debit Card,35.0,4.0,2024-05,2024,Thursday
ORD100271,2024-05-16,Sports,Bicycle,349.0,1,349.0,0.0,West,Online,UPI,39.0,3.0,2024-05,2024,Thursday
ORD101792,2024-05-16,Home & Kitchen,Blender,33.15,1,33.15,0.15,North,Online,Wallet,53.0,4.0,2024-05,2024,Thursday
ORD100648,2024-05-17,Apparel,Sneakers,58.5,1,58.5,0.1,South,In-Store,Debit Card,43.0,4.0,2024-05,2024,Friday
ORD103414,2024-05-17,Home & Kitchen,Vacuum,141.55,2,283.1,0.05,West,In-Store,Credit Card,60.0,5.0,2024-05,2024,Friday
ORD100657,2024-05-17,Sports,Bicycle,296.65,2,593.3,0.15,North,Online,Cash,18.0,4.0,2024-05,2024,Friday
ORD104012,2024-05-17,Beauty,Shampoo,11.4,1,11.4,0.05,South,In-Store,Credit Card,28.0,5.0,2024-05,2024,Friday
ORD102836,2024-05-18,Beauty,Lipstick,17.1,1,17.1,0.05,South,Online,UPI,18.0,4.0,2024-05,2024,Saturday
ORD102869,2024-05-18,Beauty,Moisturizer,19.8,1,19.8,0.1,Central,Online,Cash,57.0,4.0,2024-05,2024,Saturday
ORD102718,2024-05-18,Beauty,Shampoo,12.0,1,12.0,0.0,West,In-Store,Debit Card,28.0,5.0,2024-05,2024,Saturday
ORD100493,2024-05-19,Apparel,T-Shirt,15.0,1,15.0,0.0,North,Online,Credit Card,59.0,2.0,2024-05,2024,Sunday
ORD102383,2024-05-19,Home & Kitchen,Vacuum,149.0,1,149.0,0.0,Central,Online,Credit Card,18.0,4.0,2024-05,2024,Sunday
ORD102747,2024-05-19,Apparel,Dress,55.0,1,55.0,0.0,West,In-Store,Wallet,33.0,4.0,2024-05,2024,Sunday
ORD100362,2024-05-19,Home & Kitchen,Cookware Set,129.0,1,129.0,0.0,North,In-Store,Wallet,46.0,5.0,2024-05,2024,Sunday
ORD102450,2024-05-19,Beauty,Moisturizer,22.0,1,22.0,0.0,East,Online,Debit Card,31.0,5.0,2024-05,2024,Sunday
ORD100290,2024-05-19,Sports,Running Shoes,67.15,1,67.15,0.15,West,Online,Credit Card,25.0,4.0,2024-05,2024,Sunday
ORD104821,2024-05-20,Home & Kitchen,Blender,39.0,3,117.0,0.0,West,In-Store,Debit Card,43.0,4.0,2024-05,2024,Monday
ORD101852,2024-05-20,Home & Kitchen,Vacuum,141.55,4,566.2,0.05,West,In-Store,Wallet,37.0,4.0,2024-05,2024,Monday
ORD100864,2024-05-20,Beauty,Perfume,58.5,1,58.5,0.1,South,In-Store,Credit Card,31.0,4.0,2024-05,2024,Monday
ORD104327,2024-05-20,Electronics,Smartwatch,159.2,2,318.4,0.2,Central,In-Store,Debit Card,18.0,5.0,2024-05,2024,Monday
ORD101828,2024-05-20,Apparel,Dress,52.25,2,104.5,0.05,East,Online,Wallet,44.0,3.0,2024-05,2024,Monday
ORD103942,2024-05-20,Apparel,Dress,46.75,2,93.5,0.15,West,Online,UPI,36.0,2.0,2024-05,2024,Monday
ORD104965,2024-05-20,Sports,Bicycle,279.2,1,279.2,0.2,Central,In-Store,Credit Card,33.0,5.0,2024-05,2024,Monday
ORD103080,2024-05-20,Apparel,Jacket,89.0,1,89.0,0.0,South,Online,Cash,26.0,4.0,2024-05,2024,Monday
ORD102336,2024-05-20,Beauty,Sunscreen,14.4,1,14.4,0.1,South,Online,Wallet,58.0,4.0,2024-05,2024,Monday
ORD101798,2024-05-21,Sports,Dumbbells,45.0,1,45.0,0.0,East,In-Store,Credit Card,38.0,5.0,2024-05,2024,Tuesday
ORD104342,2024-05-21,Beauty,Moisturizer,20.9,1,20.9,0.05,South,In-Store,Credit Card,36.0,4.0,2024-05,2024,Tuesday
ORD103881,2024-05-21,Beauty,Moisturizer,22.0,1,22.0,0.0,North,Online,Debit Card,27.0,2.0,2024-05,2024,Tuesday
ORD101013,2024-05-21,Electronics,Tablet,279.2,3,837.6,0.2,East,Online,Debit Card,18.0,4.0,2024-05,2024,Tuesday
ORD100722,2024-05-21,Electronics,Headphones,49.0,1,49.0,0.0,North,In-Store,Cash,21.0,4.0,2024-05,2024,Tuesday
ORD104004,2024-05-21,Electronics,Tablet,349.0,4,1396.0,0.0,Central,Online,Wallet,34.0,5.0,2024-05,2024,Tuesday
ORD103842,2024-05-21,Apparel,T-Shirt,15.0,1,15.0,0.0,South,Online,Credit Card,39.0,1.0,2024-05,2024,Tuesday
ORD103504,2024-05-21,Apparel,Jeans,42.75,1,42.75,0.05,Central,Online,UPI,29.0,4.0,2024-05,2024,Tuesday
ORD101104,2024-05-22,Apparel,Sneakers,61.75,1,61.75,0.05,North,Online,Debit Card,31.0,2.0,2024-05,2024,Wednesday
ORD102126,2024-05-22,Sports,Running Shoes,67.15,1,67.15,0.15,Central,Online,UPI,40.0,4.0,2024-05,2024,Wednesday
ORD101191,2024-05-22,Apparel,Jeans,45.0,1,45.0,0.0,West,In-Store,UPI,48.0,4.0,2024-05,2024,Wednesday
ORD104875,2024-05-22,Apparel,Jeans,45.0,3,135.0,0.0,East,Online,Debit Card,43.0,3.0,2024-05,2024,Wednesday
ORD101895,2024-05-22,Apparel,Sneakers,65.0,1,65.0,0.0,Central,Online,Wallet,33.0,4.0,2024-05,2024,Wednesday
ORD101705,2024-05-22,Electronics,Tablet,331.55,2,663.1,0.05,East,In-Store,Cash,55.0,4.0,2024-05,2024,Wednesday
ORD104752,2024-05-22,Electronics,Smartphone,699.0,2,1398.0,0.0,East,Online,Credit Card,39.0,5.0,2024-05,2024,Wednesday
ORD103821,2024-05-22,Beauty,Moisturizer,22.0,1,22.0,0.0,North,In-Store,Credit Card,30.0,5.0,2024-05,2024,Wednesday
ORD100569,2024-05-23,Home & Kitchen,Vacuum,141.55,1,141.55,0.05,North,Online,Wallet,57.0,5.0,2024-05,2024,Thursday
ORD103387,2024-05-23,Apparel,Dress,55.0,1,55.0,0.0,North,Online,UPI,26.0,4.0,2024-05,2024,Thursday
ORD102329,2024-05-23,Electronics,Smartphone,664.05,1,664.05,0.05,North,Online,UPI,31.0,4.0,2024-05,2024,Thursday
ORD100390,2024-05-23,Home & Kitchen,Cookware Set,109.65,2,219.3,0.15,North,Online,Credit Card,40.0,4.0,2024-05,2024,Thursday
ORD104127,2024-05-23,Home & Kitchen,Cookware Set,129.0,1,129.0,0.0,West,Online,Debit Card,31.0,4.0,2024-05,2024,Thursday
ORD101237,2024-05-24,Sports,Bicycle,296.65,1,296.65,0.15,North,Online,UPI,31.0,4.0,2024-05,2024,Friday
ORD100510,2024-05-24,Electronics,Headphones,49.0,1,49.0,0.0,West,Online,Debit Card,32.0,4.0,2024-05,2024,Friday
ORD104051,2024-05-24,Apparel,Dress,55.0,1,55.0,0.0,Central,Online,Credit Card,25.0,1.0,2024-05,2024,Friday
ORD103519,2024-05-24,Electronics,Headphones,49.0,2,98.0,0.0,North,Online,UPI,18.0,4.0,2024-05,2024,Friday
ORD102646,2024-05-24,Home & Kitchen,Air Fryer,89.0,1,89.0,0.0,West,Online,UPI,36.0,4.0,2024-05,2024,Friday
ORD100507,2024-05-24,Sports,Tent,116.1,2,232.2,0.1,Central,Online,Credit Card,35.0,4.0,2024-05,2024,Friday
ORD100373,2024-05-24,Sports,Tent,129.0,1,129.0,0.0,Central,Online,Debit Card,29.0,4.0,2024-05,2024,Friday
ORD103458,2024-05-25,Apparel,Jeans,42.75,2,85.5,0.05,South,Online,Debit Card,21.0,5.0,2024-05,2024,Saturday
ORD100927,2024-05-25,Beauty,Shampoo,10.8,1,10.8,0.1,South,In-Store,Debit Card,31.0,4.0,2024-05,2024,Saturday
ORD101756,2024-05-25,Beauty,Sunscreen,16.0,1,16.0,0.0,South,Online,Cash,33.0,5.0,2024-05,2024,Saturday
ORD102496,2024-05-25,Beauty,Perfume,61.75,2,123.5,0.05,Central,In-Store,Credit Card,46.0,3.0,2024-05,2024,Saturday
ORD100049,2024-05-25,Electronics,Headphones,39.2,1,39.2,0.2,South,Online,Wallet,46.0,5.0,2024-05,2024,Saturday
ORD101689,2024-05-26,Electronics,Smartwatch,199.0,5,995.0,0.0,West,In-Store,Credit Card,40.0,4.0,2024-05,2024,Sunday
ORD100662,2024-05-26,Sports,Dumbbells,42.75,1,42.75,0.05,West,Online,Debit Card,45.0,4.0,2024-05,2024,Sunday
ORD101198,2024-05-26,Apparel,T-Shirt,15.0,1,15.0,0.0,West,Online,Debit Card,32.0,5.0,2024-05,2024,Sunday
ORD101015,2024-05-26,Beauty,Moisturizer,22.0,1,22.0,0.0,Central,Online,Cash,41.0,1.0,2024-05,2024,Sunday
ORD101909,2024-05-26,Beauty,Shampoo,11.4,2,22.8,0.05,North,Online,Credit Card,49.0,4.0,2024-05,2024,Sunday
ORD104220,2024-05-26,Electronics,Tablet,331.55,3,994.65,0.05,East,Online,Debit Card,29.0,3.0,2024-05,2024,Sunday
ORD101765,2024-05-26,Apparel,Sneakers,55.25,1,55.25,0.15,South,In-Store,Debit Card,27.0,3.0,2024-05,2024,Sunday
ORD101488,2024-05-26,Home & Kitchen,Coffee Maker,59.0,1,59.0,0.0,Central,Online,UPI,34.0,3.0,2024-05,2024,Sunday
ORD100605,2024-05-26,Home & Kitchen,Cookware Set,109.65,2,219.3,0.15,North,In-Store,Debit Card,41.0,4.0,2024-05,2024,Sunday
ORD100193,2024-05-27,Home & Kitchen,Coffee Maker,50.15,1,50.15,0.15,South,Online,Credit Card,20.0,5.0,2024-05,2024,Monday
ORD104228,2024-05-27,Apparel,T-Shirt,15.0,1,15.0,0.0,East,Online,Debit Card,26.0,3.0,2024-05,2024,Monday
ORD104838,2024-05-27,Beauty,Sunscreen,16.0,1,16.0,0.0,West,Online,Debit Card,42.0,4.0,2024-05,2024,Monday
ORD102215,2024-05-27,Electronics,Tablet,349.0,1,349.0,0.0,Central,Online,Credit Card,28.0,4.0,2024-05,2024,Monday
ORD101080,2024-05-28,Apparel,T-Shirt,14.25,1,14.25,0.05,South,Online,UPI,40.0,2.0,2024-05,2024,Tuesday
ORD100542,2024-05-28,Sports,Running Shoes,71.1,1,71.1,0.1,East,Online,Wallet,25.0,5.0,2024-05,2024,Tuesday
ORD104618,2024-05-28,Electronics,Tablet,349.0,1,349.0,0.0,South,Online,Credit Card,27.0,2.0,2024-05,2024,Tuesday
ORD104139,2024-05-28,Home & Kitchen,Blender,37.05,3,111.15,0.05,South,Online,UPI,28.0,4.0,2024-05,2024,Tuesday
ORD104176,2024-05-29,Apparel,Jeans,40.5,2,81.0,0.1,East,In-Store,Credit Card,27.0,3.0,2024-05,2024,Wednesday
ORD103460,2024-05-29,Beauty,Perfume,65.0,1,65.0,0.0,West,In-Store,Debit Card,30.0,5.0,2024-05,2024,Wednesday
ORD104178,2024-05-29,Home & Kitchen,Blender,39.0,1,39.0,0.0,Central,Online,Credit Card,22.0,4.0,2024-05,2024,Wednesday
ORD101017,2024-05-29,Home & Kitchen,Vacuum,141.55,2,283.1,0.05,West,Online,UPI,47.0,4.0,2024-05,2024,Wednesday
ORD103713,2024-05-30,Apparel,Jeans,45.0,1,45.0,0.0,West,In-Store,Credit Card,32.0,5.0,2024-05,2024,Thursday
ORD101918,2024-05-30,Home & Kitchen,Air Fryer,89.0,2,178.0,0.0,South,Online,Wallet,36.0,4.0,2024-05,2024,Thursday
ORD103336,2024-05-30,Beauty,Lipstick,15.3,1,15.3,0.15,East,In-Store,Credit Card,19.0,5.0,2024-05,2024,Thursday
ORD103292,2024-05-30,Electronics,Smartphone,629.1,1,629.1,0.1,South,In-Store,Debit Card,53.0,5.0,2024-05,2024,Thursday
ORD104363,2024-05-30,Electronics,Tablet,349.0,2,698.0,0.0,West,In-Store,Debit Card,25.0,4.0,2024-05,2024,Thursday
ORD103863,2024-05-30,Apparel,Dress,52.25,1,52.25,0.05,West,Online,Debit Card,41.0,2.0,2024-05,2024,Thursday
ORD104022,2024-05-30,Sports,Running Shoes,79.0,2,158.0,0.0,North,Online,Credit Card,50.0,2.0,2024-05,2024,Thursday
ORD101079,2024-05-30,Home & Kitchen,Air Fryer,89.0,2,178.0,0.0,Central,In-Store,Credit Card,23.0,3.0,2024-05,2024,Thursday
ORD100137,2024-05-30,Beauty,Lipstick,18.0,1,18.0,0.0,South,Online,UPI,40.0,5.0,2024-05,2024,Thursday
ORD104285,2024-05-31,Home & Kitchen,Cookware Set,122.55,1,122.55,0.05,South,Online,Debit Card,38.0,5.0,2024-05,2024,Friday
ORD101454,2024-05-31,Apparel,Dress,52.25,1,52.25,0.05,East,Online,Credit Card,51.0,5.0,2024-05,2024,Friday
ORD103399,2024-05-31,Electronics,Smartphone,699.0,1,699.0,0.0,South,Online,Credit Card,24.0,4.0,2024-05,2024,Friday
ORD102782,2024-05-31,Electronics,Smartwatch,199.0,1,199.0,0.0,East,In-Store,Credit Card,48.0,5.0,2024-05,2024,Friday
ORD100019,2024-05-31,Apparel,Sneakers,61.75,1,61.75,0.05,West,In-Store,UPI,23.0,1.0,2024-05,2024,Friday
ORD102885,2024-05-31,Sports,Dumbbells,45.0,3,135.0,0.0,North,Online,UPI,31.0,3.0,2024-05,2024,Friday
ORD101193,2024-05-31,Beauty,Sunscreen,15.2,1,15.2,0.05,East,Online,Wallet,56.0,5.0,2024-05,2024,Friday
ORD101520,2024-06-01,Sports,Running Shoes,67.15,1,67.15,0.15,East,Online,Credit Card,33.0,4.0,2024-06,2024,Saturday
ORD102596,2024-06-01,Sports,Bicycle,349.0,2,698.0,0.0,Central,Online,Credit Card,28.0,4.0,2024-06,2024,Saturday
ORD101453,2024-06-01,Sports,Tent,129.0,1,129.0,0.0,East,Online,Cash,27.0,3.0,2024-06,2024,Saturday
ORD100020,2024-06-01,Electronics,Laptop,999.0,1,999.0,0.0,East,In-Store,Credit Card,22.0,4.0,2024-06,2024,Saturday
ORD102439,2024-06-01,Apparel,Sneakers,65.0,4,260.0,0.0,Central,In-Store,Debit Card,24.0,5.0,2024-06,2024,Saturday
ORD102905,2024-06-01,Beauty,Moisturizer,20.9,1,20.9,0.05,West,Online,Debit Card,20.0,4.0,2024-06,2024,Saturday
ORD101575,2024-06-02,Home & Kitchen,Cookware Set,116.1,1,116.1,0.1,North,Online,Credit Card,22.0,4.0,2024-06,2024,Sunday
ORD102894,2024-06-02,Apparel,Dress,52.25,4,209.0,0.05,West,In-Store,Debit Card,44.0,5.0,2024-06,2024,Sunday
ORD100730,2024-06-02,Apparel,Jacket,84.55,1,84.55,0.05,Central,Online,Credit Card,72.0,5.0,2024-06,2024,Sunday
ORD103316,2024-06-02,Sports,Dumbbells,45.0,1,45.0,0.0,North,Online,UPI,18.0,5.0,2024-06,2024,Sunday
ORD103548,2024-06-02,Apparel,Jeans,45.0,2,90.0,0.0,South,Online,Wallet,27.0,4.0,2024-06,2024,Sunday
ORD100198,2024-06-02,Sports,Bicycle,314.1,2,628.2,0.1,Central,In-Store,Credit Card,52.0,4.0,2024-06,2024,Sunday
ORD100475,2024-06-02,Electronics,Smartphone,559.2,1,559.2,0.2,Central,Online,Wallet,24.0,4.0,2024-06,2024,Sunday
ORD104998,2024-06-02,Home & Kitchen,Air Fryer,89.0,1,89.0,0.0,East,In-Store,UPI,18.0,5.0,2024-06,2024,Sunday
ORD100269,2024-06-02,Apparel,Jeans,40.5,2,81.0,0.1,Central,In-Store,Wallet,39.0,4.0,2024-06,2024,Sunday
ORD101561,2024-06-03,Home & Kitchen,Cookware Set,129.0,1,129.0,0.0,West,Online,Debit Card,36.0,4.0,2024-06,2024,Monday
ORD104318,2024-06-03,Apparel,Sneakers,65.0,1,65.0,0.0,West,Online,Credit Card,38.0,5.0,2024-06,2024,Monday
ORD102808,2024-06-03,Apparel,T-Shirt,15.0,2,30.0,0.0,Central,In-Store,Cash,27.0,4.0,2024-06,2024,Monday
ORD100333,2024-06-03,Sports,Dumbbells,38.25,1,38.25,0.15,East,Online,Debit Card,42.0,5.0,2024-06,2024,Monday
ORD104968,2024-06-03,Beauty,Moisturizer,19.8,1,19.8,0.1,Central,In-Store,UPI,39.0,5.0,2024-06,2024,Monday
ORD103957,2024-06-03,Home & Kitchen,Vacuum,126.65,1,126.65,0.15,East,In-Store,Debit Card,24.0,4.0,2024-06,2024,Monday
ORD102548,2024-06-03,Sports,Bicycle,314.1,2,628.2,0.1,North,Online,Debit Card,52.0,5.0,2024-06,2024,Monday
ORD101316,2024-06-04,Apparel,Sneakers,61.75,2,123.5,0.05,Central,Online,Debit Card,18.0,4.0,2024-06,2024,Tuesday
ORD101135,2024-06-04,Apparel,T-Shirt,14.25,1,14.25,0.05,Central,Online,Credit Card,31.0,4.0,2024-06,2024,Tuesday
ORD101648,2024-06-04,Sports,Yoga Mat,25.0,1,25.0,0.0,West,Online,Debit Card,62.0,4.0,2024-06,2024,Tuesday
ORD104244,2024-06-04,Apparel,T-Shirt,14.25,1,14.25,0.05,North,Online,UPI,34.0,3.0,2024-06,2024,Tuesday
ORD100146,2024-06-04,Apparel,Dress,52.25,1,52.25,0.05,South,Online,Wallet,35.0,3.0,2024-06,2024,Tuesday
ORD100666,2024-06-04,Home & Kitchen,Air Fryer,80.1,1,80.1,0.1,West,Online,Wallet,22.0,4.0,2024-06,2024,Tuesday
ORD104786,2024-06-04,Electronics,Laptop,999.0,1,999.0,0.0,Central,Online,Credit Card,41.0,4.0,2024-06,2024,Tuesday
ORD102677,2024-06-04,Electronics,Smartwatch,159.2,2,318.4,0.2,South,Online,UPI,56.0,5.0,2024-06,2024,Tuesday
ORD104827,2024-06-04,Electronics,Laptop,949.05,4,3796.2,0.05,North,Online,UPI,36.0,3.0,2024-06,2024,Tuesday
ORD104620,2024-06-04,Sports,Tent,116.1,2,232.2,0.1,East,Online,UPI,54.0,4.0,2024-06,2024,Tuesday
ORD104490,2024-06-04,Home & Kitchen,Coffee Maker,53.1,1,53.1,0.1,West,In-Store,Credit Card,39.0,3.0,2024-06,2024,Tuesday
ORD104906,2024-06-05,Electronics,Laptop,999.0,1,999.0,0.0,South,Online,Credit Card,32.0,5.0,2024-06,2024,Wednesday
ORD102054,2024-06-05,Sports,Bicycle,314.1,1,314.1,0.1,Central,In-Store,UPI,36.0,5.0,2024-06,2024,Wednesday
ORD103269,2024-06-05,Home & Kitchen,Vacuum,149.0,1,149.0,0.0,South,In-Store,Credit Card,41.0,3.0,2024-06,2024,Wednesday
ORD104570,2024-06-05,Home & Kitchen,Cookware Set,109.65,2,219.3,0.15,East,In-Store,Cash,18.0,5.0,2024-06,2024,Wednesday
ORD102464,2024-06-05,Beauty,Perfume,65.0,1,65.0,0.0,South,In-Store,Credit Card,53.0,3.0,2024-06,2024,Wednesday
ORD102212,2024-06-05,Sports,Tent,109.65,1,109.65,0.15,Central,In-Store,Credit Card,55.0,5.0,2024-06,2024,Wednesday
ORD102938,2024-06-05,Beauty,Moisturizer,20.9,2,41.8,0.05,East,Online,UPI,18.0,2.0,2024-06,2024,Wednesday
ORD103116,2024-06-06,Apparel,T-Shirt,15.0,1,15.0,0.0,East,Online,UPI,30.0,5.0,2024-06,2024,Thursday
ORD104625,2024-06-06,Electronics,Headphones,49.0,1,49.0,0.0,North,In-Store,UPI,29.0,3.0,2024-06,2024,Thursday
ORD104212,2024-06-06,Beauty,Shampoo,9.6,3,28.8,0.2,West,In-Store,Credit Card,29.0,5.0,2024-06,2024,Thursday
ORD104932,2024-06-06,Sports,Tent,129.0,1,129.0,0.0,North,In-Store,Debit Card,31.0,4.0,2024-06,2024,Thursday
ORD101246,2024-06-07,Electronics,Tablet,331.55,1,331.55,0.05,East,Online,Cash,18.0,3.0,2024-06,2024,Friday
ORD100847,2024-06-07,Sports,Bicycle,349.0,1,349.0,0.0,Central,In-Store,Credit Card,52.0,4.0,2024-06,2024,Friday
ORD103708,2024-06-07,Home & Kitchen,Cookware Set,122.55,1,122.55,0.05,Central,Online,Wallet,51.0,4.0,2024-06,2024,Friday
ORD100073,2024-06-07,Electronics,Tablet,314.1,1,314.1,0.1,Central,Online,Debit Card,38.0,4.0,2024-06,2024,Friday
ORD103123,2024-06-07,Sports,Tent,129.0,3,387.0,0.0,North,In-Store,Debit Card,22.0,4.0,2024-06,2024,Friday
ORD103437,2024-06-07,Beauty,Shampoo,12.0,1,12.0,0.0,West,Online,Debit Card,18.0,5.0,2024-06,2024,Friday
ORD104703,2024-06-07,Beauty,Sunscreen,16.0,1,16.0,0.0,South,Online,Wallet,31.0,4.0,2024-06,2024,Friday
ORD102460,2024-06-07,Apparel,T-Shirt,15.0,1,15.0,0.0,North,In-Store,Cash,38.0,3.0,2024-06,2024,Friday
ORD102833,2024-06-07,Home & Kitchen,Blender,39.0,2,78.0,0.0,West,Online,Credit Card,18.0,5.0,2024-06,2024,Friday
ORD104650,2024-06-08,Electronics,Headphones,41.65,1,41.65,0.15,North,In-Store,UPI,26.0,5.0,2024-06,2024,Saturday
ORD102558,2024-06-08,Sports,Tent,116.1,1,116.1,0.1,North,Online,UPI,35.0,5.0,2024-06,2024,Saturday
ORD102257,2024-06-08,Apparel,Sneakers,65.0,1,65.0,0.0,North,Online,Credit Card,18.0,5.0,2024-06,2024,Saturday
ORD100175,2024-06-08,Sports,Tent,116.1,2,232.2,0.1,East,Online,Credit Card,45.0,4.0,2024-06,2024,Saturday
ORD102465,2024-06-08,Home & Kitchen,Vacuum,126.65,3,379.95,0.15,North,Online,Credit Card,36.0,4.0,2024-06,2024,Saturday
ORD104891,2024-06-08,Home & Kitchen,Coffee Maker,56.05,1,56.05,0.05,East,Online,Wallet,30.0,4.0,2024-06,2024,Saturday
ORD103652,2024-06-08,Home & Kitchen,Vacuum,134.1,1,134.1,0.1,South,Online,Wallet,49.0,4.0,2024-06,2024,Saturday
ORD101178,2024-06-08,Electronics,Headphones,49.0,3,147.0,0.0,East,Online,Credit Card,52.0,5.0,2024-06,2024,Saturday
ORD101587,2024-06-09,Apparel,Sneakers,65.0,1,65.0,0.0,North,Online,Credit Card,40.0,3.0,2024-06,2024,Sunday
ORD101452,2024-06-09,Apparel,Dress,49.5,1,49.5,0.1,North,Online,Credit Card,34.0,4.0,2024-06,2024,Sunday
ORD102401,2024-06-09,Electronics,Smartphone,699.0,1,699.0,0.0,East,Online,Debit Card,21.0,5.0,2024-06,2024,Sunday
ORD104045,2024-06-09,Electronics,Smartwatch,169.15,1,169.15,0.15,North,Online,Credit Card,31.0,4.0,2024-06,2024,Sunday
ORD101886,2024-06-09,Electronics,Tablet,349.0,1,349.0,0.0,South,Online,Cash,28.0,4.0,2024-06,2024,Sunday
ORD104855,2024-06-09,Home & Kitchen,Air Fryer,89.0,2,178.0,0.0,East,In-Store,Cash,50.0,4.0,2024-06,2024,Sunday
ORD104192,2024-06-09,Electronics,Headphones,46.55,2,93.1,0.05,Central,Online,Cash,18.0,4.0,2024-06,2024,Sunday
ORD101735,2024-06-10,Home & Kitchen,Vacuum,141.55,1,141.55,0.05,West,Online,Wallet,40.0,1.0,2024-06,2024,Monday
ORD103200,2024-06-10,Sports,Dumbbells,45.0,4,180.0,0.0,Central,In-Store,UPI,31.0,5.0,2024-06,2024,Monday
ORD102004,2024-06-10,Electronics,Smartwatch,199.0,1,199.0,0.0,Central,Online,Credit Card,40.0,4.0,2024-06,2024,Monday
ORD103822,2024-06-10,Home & Kitchen,Coffee Maker,56.05,1,56.05,0.05,West,Online,Cash,38.0,5.0,2024-06,2024,Monday
ORD101625,2024-06-10,Sports,Tent,129.0,2,258.0,0.0,Central,Online,Cash,25.0,3.0,2024-06,2024,Monday
ORD101711,2024-06-10,Sports,Tent,129.0,2,258.0,0.0,East,Online,Credit Card,39.0,4.0,2024-06,2024,Monday
ORD103661,2024-06-10,Sports,Running Shoes,71.1,4,284.4,0.1,East,Online,UPI,18.0,5.0,2024-06,2024,Monday
ORD101278,2024-06-11,Sports,Tent,122.55,4,490.2,0.05,North,Online,Credit Card,48.0,3.0,2024-06,2024,Tuesday
ORD101230,2024-06-11,Sports,Tent,129.0,3,387.0,0.0,North,In-Store,UPI,40.0,4.0,2024-06,2024,Tuesday
ORD100762,2024-06-11,Electronics,Headphones,44.1,1,44.1,0.1,Central,In-Store,Debit Card,18.0,4.0,2024-06,2024,Tuesday
ORD101393,2024-06-12,Home & Kitchen,Air Fryer,89.0,1,89.0,0.0,East,Online,Cash,48.0,4.0,2024-06,2024,Wednesday
ORD100958,2024-06-12,Sports,Tent,129.0,1,129.0,0.0,Central,In-Store,Credit Card,47.0,4.0,2024-06,2024,Wednesday
ORD102261,2024-06-12,Electronics,Laptop,999.0,1,999.0,0.0,Central,In-Store,UPI,19.0,5.0,2024-06,2024,Wednesday
ORD102262,2024-06-12,Home & Kitchen,Cookware Set,129.0,1,129.0,0.0,East,Online,Credit Card,42.0,5.0,2024-06,2024,Wednesday
ORD102950,2024-06-12,Beauty,Lipstick,16.2,2,32.4,0.1,Central,In-Store,Debit Card,34.0,4.0,2024-06,2024,Wednesday
ORD104673,2024-06-12,Beauty,Perfume,65.0,1,65.0,0.0,South,Online,Credit Card,35.0,4.0,2024-06,2024,Wednesday
ORD104351,2024-06-12,Apparel,Dress,52.25,1,52.25,0.05,West,In-Store,Credit Card,35.0,1.0,2024-06,2024,Wednesday
ORD103950,2024-06-12,Home & Kitchen,Air Fryer,89.0,2,178.0,0.0,East,Online,Credit Card,35.0,3.0,2024-06,2024,Wednesday
ORD100820,2024-06-12,Home & Kitchen,Cookware Set,116.1,3,348.3,0.1,Central,In-Store,Credit Card,18.0,4.0,2024-06,2024,Wednesday
ORD100298,2024-06-12,Electronics,Headphones,39.2,1,39.2,0.2,Central,Online,UPI,41.0,4.0,2024-06,2024,Wednesday
ORD100538,2024-06-12,Home & Kitchen,Coffee Maker,56.05,2,112.1,0.05,East,Online,Credit Card,43.0,4.0,2024-06,2024,Wednesday
ORD104526,2024-06-12,Electronics,Smartphone,699.0,1,699.0,0.0,West,Online,Credit Card,28.0,5.0,2024-06,2024,Wednesday
ORD100162,2024-06-12,Sports,Yoga Mat,25.0,1,25.0,0.0,Central,Online,Wallet,40.0,3.0,2024-06,2024,Wednesday
ORD103369,2024-06-13,Electronics,Tablet,314.1,2,628.2,0.1,South,In-Store,Credit Card,48.0,2.0,2024-06,2024,Thursday
ORD101710,2024-06-13,Sports,Yoga Mat,25.0,1,25.0,0.0,West,Online,Credit Card,29.0,4.0,2024-06,2024,Thursday
ORD102624,2024-06-13,Beauty,Sunscreen,14.4,3,43.2,0.1,East,Online,Cash,28.0,5.0,2024-06,2024,Thursday
ORD104626,2024-06-13,Beauty,Sunscreen,16.0,1,16.0,0.0,East,In-Store,Credit Card,19.0,4.0,2024-06,2024,Thursday
ORD102064,2024-06-13,Apparel,Jeans,40.5,1,40.5,0.1,South,In-Store,Debit Card,31.0,5.0,2024-06,2024,Thursday
ORD103857,2024-06-13,Apparel,Dress,49.5,1,49.5,0.1,East,Online,Debit Card,30.0,4.0,2024-06,2024,Thursday
ORD104575,2024-06-13,Electronics,Smartphone,629.1,1,629.1,0.1,West,In-Store,Debit Card,48.0,5.0,2024-06,2024,Thursday
ORD102337,2024-06-14,Apparel,T-Shirt,15.0,1,15.0,0.0,East,In-Store,UPI,49.0,3.0,2024-06,2024,Friday
ORD100124,2024-06-14,Home & Kitchen,Air Fryer,89.0,2,178.0,0.0,South,Online,UPI,36.0,5.0,2024-06,2024,Friday
ORD101115,2024-06-14,Home & Kitchen,Air Fryer,89.0,2,178.0,0.0,West,Online,Cash,19.0,5.0,2024-06,2024,Friday
ORD104583,2024-06-14,Sports,Dumbbells,45.0,2,90.0,0.0,East,Online,Debit Card,29.0,5.0,2024-06,2024,Friday
ORD100255,2024-06-14,Electronics,Headphones,49.0,2,98.0,0.0,Central,Online,Debit Card,50.0,5.0,2024-06,2024,Friday
ORD102474,2024-06-14,Home & Kitchen,Cookware Set,129.0,4,516.0,0.0,East,Online,Credit Card,18.0,4.0,2024-06,2024,Friday
ORD100881,2024-06-15,Beauty,Perfume,65.0,1,65.0,0.0,North,In-Store,Debit Card,50.0,4.0,2024-06,2024,Saturday
ORD103841,2024-06-15,Beauty,Perfume,61.75,1,61.75,0.05,Central,Online,Debit Card,30.0,5.0,2024-06,2024,Saturday
ORD103551,2024-06-15,Sports,Tent,129.0,1,129.0,0.0,West,Online,Credit Card,18.0,4.0,2024-06,2024,Saturday
ORD103698,2024-06-15,Home & Kitchen,Coffee Maker,59.0,1,59.0,0.0,East,Online,Cash,22.0,5.0,2024-06,2024,Saturday
ORD101601,2024-06-15,Electronics,Smartwatch,169.15,1,169.15,0.15,South,Online,Debit Card,44.0,5.0,2024-06,2024,Saturday
ORD100679,2024-06-15,Home & Kitchen,Blender,39.0,1,39.0,0.0,Central,Online,Wallet,26.0,2.0,2024-06,2024,Saturday
ORD102711,2024-06-15,Home & Kitchen,Air Fryer,80.1,1,80.1,0.1,North,Online,Wallet,22.0,4.0,2024-06,2024,Saturday
ORD100567,2024-06-15,Home & Kitchen,Vacuum,149.0,2,298.0,0.0,North,Online,Cash,61.0,4.0,2024-06,2024,Saturday
ORD102788,2024-06-15,Beauty,Perfume,65.0,2,130.0,0.0,West,In-Store,Credit Card,23.0,5.0,2024-06,2024,Saturday
ORD102811,2024-06-16,Apparel,T-Shirt,15.0,1,15.0,0.0,East,Online,UPI,21.0,4.0,2024-06,2024,Sunday
ORD104115,2024-06-16,Beauty,Shampoo,10.2,2,20.4,0.15,Central,In-Store,Cash,38.0,3.0,2024-06,2024,Sunday
ORD104858,2024-06-16,Electronics,Smartphone,629.1,1,629.1,0.1,North,In-Store,Debit Card,48.0,2.0,2024-06,2024,Sunday
ORD102639,2024-06-16,Apparel,Dress,55.0,1,55.0,0.0,East,Online,Credit Card,27.0,4.0,2024-06,2024,Sunday
ORD102522,2024-06-16,Electronics,Smartphone,664.05,1,664.05,0.05,South,Online,Debit Card,21.0,4.0,2024-06,2024,Sunday
ORD101344,2024-06-16,Apparel,T-Shirt,14.25,1,14.25,0.05,East,Online,Credit Card,42.0,5.0,2024-06,2024,Sunday
ORD103485,2024-06-16,Electronics,Headphones,49.0,1,49.0,0.0,South,In-Store,UPI,27.0,4.0,2024-06,2024,Sunday
ORD100287,2024-06-16,Apparel,T-Shirt,15.0,1,15.0,0.0,Central,In-Store,UPI,29.0,5.0,2024-06,2024,Sunday
ORD100655,2024-06-17,Sports,Dumbbells,36.0,1,36.0,0.2,South,Online,Debit Card,22.0,5.0,2024-06,2024,Monday
ORD102801,2024-06-17,Home & Kitchen,Air Fryer,89.0,1,89.0,0.0,West,In-Store,Credit Card,34.0,4.0,2024-06,2024,Monday
ORD104922,2024-06-17,Home & Kitchen,Coffee Maker,59.0,4,236.0,0.0,West,Online,Cash,57.0,5.0,2024-06,2024,Monday
ORD104464,2024-06-17,Apparel,Sneakers,61.75,5,308.75,0.05,Central,Online,Wallet,36.0,4.0,2024-06,2024,Monday
ORD100468,2024-06-17,Home & Kitchen,Blender,33.15,3,99.45,0.15,South,In-Store,Cash,56.0,5.0,2024-06,2024,Monday
ORD103345,2024-06-17,Beauty,Sunscreen,16.0,3,48.0,0.0,West,Online,Debit Card,49.0,5.0,2024-06,2024,Monday
ORD100987,2024-06-17,Sports,Bicycle,314.1,1,314.1,0.1,Central,In-Store,Wallet,39.0,4.0,2024-06,2024,Monday
ORD104288,2024-06-17,Sports,Bicycle,349.0,1,349.0,0.0,West,In-Store,Credit Card,28.0,3.0,2024-06,2024,Monday
ORD102705,2024-06-17,Sports,Tent,129.0,1,129.0,0.0,South,Online,Debit Card,29.0,4.0,2024-06,2024,Monday
ORD104320,2024-06-17,Beauty,Moisturizer,22.0,1,22.0,0.0,North,In-Store,Wallet,27.0,4.0,2024-06,2024,Monday
ORD100496,2024-06-17,Apparel,Jeans,45.0,2,90.0,0.0,West,In-Store,Credit Card,40.0,4.0,2024-06,2024,Monday
ORD103124,2024-06-17,Electronics,Laptop,799.2,1,799.2,0.2,West,Online,UPI,18.0,4.0,2024-06,2024,Monday
ORD100642,2024-06-18,Apparel,Sneakers,61.75,1,61.75,0.05,West,Online,Wallet,60.0,4.0,2024-06,2024,Tuesday
ORD104903,2024-06-18,Sports,Yoga Mat,25.0,1,25.0,0.0,East,Online,Cash,32.0,5.0,2024-06,2024,Tuesday
ORD100749,2024-06-18,Beauty,Moisturizer,22.0,3,66.0,0.0,South,Online,UPI,21.0,2.0,2024-06,2024,Tuesday
ORD102268,2024-06-18,Sports,Yoga Mat,23.75,1,23.75,0.05,West,Online,UPI,41.0,5.0,2024-06,2024,Tuesday
ORD101332,2024-06-18,Apparel,T-Shirt,15.0,1,15.0,0.0,South,In-Store,UPI,56.0,5.0,2024-06,2024,Tuesday
ORD104371,2024-06-18,Apparel,Dress,52.25,2,104.5,0.05,Central,Online,Credit Card,26.0,5.0,2024-06,2024,Tuesday
ORD101726,2024-06-18,Home & Kitchen,Coffee Maker,59.0,1,59.0,0.0,South,In-Store,Debit Card,32.0,5.0,2024-06,2024,Tuesday
ORD101873,2024-06-19,Beauty,Shampoo,11.4,2,22.8,0.05,Central,In-Store,Wallet,23.0,5.0,2024-06,2024,Wednesday
ORD101221,2024-06-19,Apparel,Dress,46.75,1,46.75,0.15,Central,Online,UPI,26.0,4.0,2024-06,2024,Wednesday
ORD100392,2024-06-19,Apparel,Jeans,40.5,1,40.5,0.1,South,In-Store,Wallet,42.0,4.0,2024-06,2024,Wednesday
ORD102957,2024-06-19,Sports,Yoga Mat,25.0,3,75.0,0.0,East,Online,Credit Card,30.0,5.0,2024-06,2024,Wednesday
ORD103998,2024-06-19,Beauty,Perfume,58.5,1,58.5,0.1,West,Online,Cash,28.0,5.0,2024-06,2024,Wednesday
ORD104018,2024-06-19,Apparel,T-Shirt,13.5,1,13.5,0.1,East,Online,Cash,22.0,5.0,2024-06,2024,Wednesday
ORD100376,2024-06-19,Beauty,Shampoo,12.0,2,24.0,0.0,South,Online,Credit Card,34.0,4.0,2024-06,2024,Wednesday
ORD103181,2024-06-19,Electronics,Laptop,999.0,1,999.0,0.0,West,In-Store,UPI,34.0,5.0,2024-06,2024,Wednesday
ORD103508,2024-06-20,Sports,Dumbbells,36.0,1,36.0,0.2,Central,In-Store,UPI,26.0,4.0,2024-06,2024,Thursday
ORD103427,2024-06-20,Home & Kitchen,Vacuum,141.55,1,141.55,0.05,North,Online,UPI,55.0,4.0,2024-06,2024,Thursday
ORD100095,2024-06-20,Sports,Bicycle,349.0,1,349.0,0.0,East,Online,Cash,29.0,5.0,2024-06,2024,Thursday
ORD101054,2024-06-20,Beauty,Perfume,61.75,1,61.75,0.05,Central,Online,Cash,49.0,3.0,2024-06,2024,Thursday
ORD100148,2024-06-20,Beauty,Moisturizer,20.9,1,20.9,0.05,Central,Online,Cash,30.0,3.0,2024-06,2024,Thursday
ORD102847,2024-06-20,Beauty,Sunscreen,14.4,1,14.4,0.1,Central,Online,Debit Card,35.0,4.0,2024-06,2024,Thursday
ORD104467,2024-06-20,Electronics,Smartwatch,179.1,1,179.1,0.1,West,Online,Wallet,32.0,2.0,2024-06,2024,Thursday
ORD104555,2024-06-20,Beauty,Moisturizer,19.8,2,39.6,0.1,South,Online,Debit Card,33.0,4.0,2024-06,2024,Thursday
ORD102520,2024-06-21,Electronics,Laptop,999.0,1,999.0,0.0,North,Online,Debit Card,22.0,3.0,2024-06,2024,Friday
ORD104681,2024-06-21,Home & Kitchen,Air Fryer,89.0,2,178.0,0.0,West,Online,UPI,18.0,4.0,2024-06,2024,Friday
ORD104900,2024-06-21,Electronics,Smartwatch,189.05,1,189.05,0.05,North,In-Store,Credit Card,42.0,2.0,2024-06,2024,Friday
ORD100212,2024-06-21,Electronics,Smartwatch,189.05,1,189.05,0.05,West,In-Store,Credit Card,38.0,2.0,2024-06,2024,Friday
ORD101761,2024-06-22,Sports,Tent,122.55,1,122.55,0.05,West,In-Store,Debit Card,25.0,4.0,2024-06,2024,Saturday
ORD102373,2024-06-22,Home & Kitchen,Coffee Maker,50.15,1,50.15,0.15,Central,In-Store,Debit Card,18.0,4.0,2024-06,2024,Saturday
ORD100788,2024-06-23,Electronics,Headphones,49.0,1,49.0,0.0,East,Online,Wallet,52.0,3.0,2024-06,2024,Sunday
ORD101424,2024-06-23,Sports,Dumbbells,45.0,2,90.0,0.0,South,Online,UPI,40.0,4.0,2024-06,2024,Sunday
ORD104020,2024-06-23,Sports,Bicycle,349.0,1,349.0,0.0,South,Online,Credit Card,27.0,4.0,2024-06,2024,Sunday
ORD102931,2024-06-23,Sports,Running Shoes,79.0,1,79.0,0.0,West,Online,Debit Card,45.0,4.0,2024-06,2024,Sunday
ORD103564,2024-06-23,Beauty,Perfume,65.0,1,65.0,0.0,North,Online,UPI,36.0,4.0,2024-06,2024,Sunday
ORD100427,2024-06-23,Sports,Dumbbells,40.5,1,40.5,0.1,North,In-Store,Cash,27.0,4.0,2024-06,2024,Sunday
ORD102323,2024-06-23,Electronics,Smartwatch,179.1,2,358.2,0.1,North,Online,Debit Card,51.0,3.0,2024-06,2024,Sunday
ORD100754,2024-06-23,Sports,Yoga Mat,25.0,5,125.0,0.0,West,In-Store,Credit Card,33.0,4.0,2024-06,2024,Sunday
ORD101950,2024-06-23,Beauty,Perfume,55.25,2,110.5,0.15,South,In-Store,UPI,64.0,5.0,2024-06,2024,Sunday
ORD103674,2024-06-23,Beauty,Shampoo,12.0,1,12.0,0.0,South,In-Store,Credit Card,46.0,5.0,2024-06,2024,Sunday
ORD103973,2024-06-23,Home & Kitchen,Cookware Set,109.65,1,109.65,0.15,South,Online,Credit Card,25.0,5.0,2024-06,2024,Sunday
ORD101463,2024-06-24,Home & Kitchen,Cookware Set,129.0,1,129.0,0.0,South,Online,UPI,30.0,4.0,2024-06,2024,Monday
ORD101086,2024-06-24,Electronics,Headphones,41.65,1,41.65,0.15,Central,Online,UPI,32.0,4.0,2024-06,2024,Monday
ORD101739,2024-06-24,Apparel,T-Shirt,13.5,2,27.0,0.1,Central,Online,UPI,18.0,3.0,2024-06,2024,Monday
ORD102516,2024-06-24,Apparel,Dress,46.75,1,46.75,0.15,North,Online,UPI,55.0,4.0,2024-06,2024,Monday
ORD101324,2024-06-24,Sports,Dumbbells,42.75,1,42.75,0.05,West,Online,Credit Card,41.0,5.0,2024-06,2024,Monday
ORD100555,2024-06-24,Sports,Dumbbells,45.0,2,90.0,0.0,South,In-Store,Credit Card,37.0,5.0,2024-06,2024,Monday
ORD101141,2024-06-24,Home & Kitchen,Vacuum,126.65,2,253.3,0.15,Central,Online,UPI,25.0,5.0,2024-06,2024,Monday
ORD102421,2024-06-24,Apparel,T-Shirt,15.0,3,45.0,0.0,Central,In-Store,Debit Card,27.0,2.0,2024-06,2024,Monday
ORD101806,2024-06-24,Sports,Tent,109.65,1,109.65,0.15,South,Online,UPI,26.0,5.0,2024-06,2024,Monday
ORD103133,2024-06-24,Apparel,Dress,52.25,4,209.0,0.05,South,In-Store,Credit Card,42.0,4.0,2024-06,2024,Monday
ORD104955,2024-06-24,Sports,Bicycle,331.55,1,331.55,0.05,North,In-Store,UPI,30.0,4.0,2024-06,2024,Monday
ORD101716,2024-06-25,Home & Kitchen,Coffee Maker,50.15,2,100.3,0.15,North,Online,Debit Card,31.0,3.0,2024-06,2024,Tuesday
ORD101430,2024-06-25,Sports,Dumbbells,42.75,2,85.5,0.05,South,Online,Cash,18.0,4.0,2024-06,2024,Tuesday
ORD102897,2024-06-25,Sports,Tent,129.0,2,258.0,0.0,West,Online,Credit Card,40.0,4.0,2024-06,2024,Tuesday
ORD102282,2024-06-25,Beauty,Shampoo,10.2,1,10.2,0.15,East,Online,Credit Card,38.0,4.0,2024-06,2024,Tuesday
ORD103929,2024-06-25,Apparel,Jeans,42.75,1,42.75,0.05,East,Online,UPI,33.0,5.0,2024-06,2024,Tuesday
ORD102121,2024-06-25,Apparel,Sneakers,65.0,4,260.0,0.0,East,In-Store,Credit Card,19.0,5.0,2024-06,2024,Tuesday
ORD104470,2024-06-25,Sports,Dumbbells,45.0,3,135.0,0.0,East,In-Store,Credit Card,39.0,3.0,2024-06,2024,Tuesday
ORD101685,2024-06-26,Sports,Tent,129.0,1,129.0,0.0,North,Online,Debit Card,44.0,5.0,2024-06,2024,Wednesday
ORD103723,2024-06-26,Sports,Running Shoes,75.05,1,75.05,0.05,East,In-Store,UPI,39.0,4.0,2024-06,2024,Wednesday
ORD101113,2024-06-26,Sports,Yoga Mat,22.5,1,22.5,0.1,West,In-Store,Debit Card,35.0,3.0,2024-06,2024,Wednesday
ORD102093,2024-06-26,Home & Kitchen,Blender,37.05,1,37.05,0.05,North,Online,Debit Card,19.0,5.0,2024-06,2024,Wednesday
ORD101926,2024-06-26,Sports,Tent,129.0,1,129.0,0.0,East,Online,UPI,36.0,3.0,2024-06,2024,Wednesday
ORD103718,2024-06-26,Home & Kitchen,Cookware Set,116.1,1,116.1,0.1,Central,Online,Cash,18.0,5.0,2024-06,2024,Wednesday
ORD103495,2024-06-26,Sports,Running Shoes,71.1,1,71.1,0.1,North,Online,Credit Card,40.0,5.0,2024-06,2024,Wednesday
ORD103357,2024-06-26,Apparel,Jacket,80.1,1,80.1,0.1,North,In-Store,Debit Card,26.0,4.0,2024-06,2024,Wednesday
ORD100941,2024-06-26,Home & Kitchen,Vacuum,149.0,2,298.0,0.0,West,In-Store,UPI,36.0,3.0,2024-06,2024,Wednesday
ORD101374,2024-06-27,Apparel,T-Shirt,15.0,2,30.0,0.0,South,In-Store,Cash,46.0,1.0,2024-06,2024,Thursday
ORD100079,2024-06-27,Electronics,Laptop,999.0,1,999.0,0.0,North,Online,Debit Card,18.0,5.0,2024-06,2024,Thursday
ORD101999,2024-06-27,Apparel,Dress,49.5,1,49.5,0.1,Central,Online,Wallet,36.0,5.0,2024-06,2024,Thursday
ORD100463,2024-06-27,Sports,Yoga Mat,22.5,1,22.5,0.1,East,In-Store,Credit Card,28.0,4.0,2024-06,2024,Thursday
ORD102648,2024-06-27,Electronics,Headphones,44.1,5,220.5,0.1,East,Online,Debit Card,23.0,5.0,2024-06,2024,Thursday
ORD100420,2024-06-27,Beauty,Lipstick,18.0,1,18.0,0.0,Central,Online,UPI,18.0,5.0,2024-06,2024,Thursday
ORD104913,2024-06-27,Home & Kitchen,Cookware Set,109.65,1,109.65,0.15,West,Online,Credit Card,41.0,5.0,2024-06,2024,Thursday
ORD102338,2024-06-27,Sports,Bicycle,349.0,1,349.0,0.0,West,Online,Cash,36.0,4.0,2024-06,2024,Thursday
ORD104383,2024-06-28,Sports,Dumbbells,42.75,2,85.5,0.05,North,Online,UPI,46.0,5.0,2024-06,2024,Friday
ORD100614,2024-06-28,Apparel,Dress,52.25,2,104.5,0.05,West,Online,Credit Card,34.0,5.0,2024-06,2024,Friday
ORD102917,2024-06-28,Apparel,Jacket,71.2,1,71.2,0.2,South,Online,Wallet,28.0,3.0,2024-06,2024,Friday
ORD100159,2024-06-28,Electronics,Headphones,49.0,1,49.0,0.0,East,In-Store,Debit Card,31.0,4.0,2024-06,2024,Friday
ORD104478,2024-06-28,Apparel,Jeans,45.0,2,90.0,0.0,South,Online,Wallet,48.0,2.0,2024-06,2024,Friday
ORD104780,2024-06-28,Beauty,Perfume,65.0,3,195.0,0.0,North,Online,Credit Card,31.0,4.0,2024-06,2024,Friday
ORD102008,2024-06-28,Electronics,Smartwatch,159.2,1,159.2,0.2,West,Online,Credit Card,44.0,4.0,2024-06,2024,Friday
ORD104366,2024-06-29,Electronics,Smartphone,594.15,1,594.15,0.15,West,In-Store,Wallet,27.0,3.0,2024-06,2024,Saturday
ORD103573,2024-06-29,Apparel,Sneakers,61.75,2,123.5,0.05,South,In-Store,Cash,29.0,4.0,2024-06,2024,Saturday
ORD102736,2024-06-29,Home & Kitchen,Blender,33.15,2,66.3,0.15,South,Online,Cash,29.0,5.0,2024-06,2024,Saturday
ORD102233,2024-06-30,Apparel,Jacket,89.0,2,178.0,0.0,West,Online,Credit Card,27.0,4.0,2024-06,2024,Sunday
ORD101832,2024-06-30,Home & Kitchen,Vacuum,149.0,1,149.0,0.0,North,Online,Debit Card,51.0,4.0,2024-06,2024,Sunday
ORD104558,2024-06-30,Apparel,T-Shirt,15.0,1,15.0,0.0,North,Online,Cash,38.0,5.0,2024-06,2024,Sunday
ORD104036,2024-06-30,Home & Kitchen,Coffee Maker,50.15,2,100.3,0.15,Central,In-Store,Credit Card,18.0,5.0,2024-06,2024,Sunday
ORD104021,2024-06-30,Electronics,Tablet,331.55,1,331.55,0.05,Central,Online,UPI,41.0,4.0,2024-06,2024,Sunday
ORD103312,2024-06-30,Home & Kitchen,Blender,37.05,2,74.1,0.05,South,Online,Credit Card,51.0,4.0,2024-06,2024,Sunday
ORD100334,2024-06-30,Electronics,Headphones,46.55,2,93.1,0.05,West,Online,Credit Card,35.0,4.0,2024-06,2024,Sunday
ORD101665,2024-07-01,Electronics,Laptop,999.0,1,999.0,0.0,Central,In-Store,UPI,43.0,5.0,2024-07,2024,Monday
ORD103911,2024-07-01,Electronics,Tablet,331.55,3,994.65,0.05,East,In-Store,Wallet,43.0,5.0,2024-07,2024,Monday
ORD101493,2024-07-01,Apparel,Jacket,80.1,2,160.2,0.1,West,Online,UPI,18.0,4.0,2024-07,2024,Monday
ORD100442,2024-07-01,Home & Kitchen,Cookware Set,129.0,4,516.0,0.0,South,Online,Credit Card,18.0,4.0,2024-07,2024,Monday
ORD104152,2024-07-01,Electronics,Laptop,999.0,1,999.0,0.0,South,Online,Credit Card,37.0,3.0,2024-07,2024,Monday
ORD100100,2024-07-01,Apparel,Jeans,45.0,1,45.0,0.0,North,Online,UPI,35.0,4.0,2024-07,2024,Monday
ORD104688,2024-07-01,Electronics,Smartwatch,169.15,1,169.15,0.15,North,Online,Cash,40.0,5.0,2024-07,2024,Monday
ORD102712,2024-07-01,Apparel,Jeans,42.75,2,85.5,0.05,West,In-Store,Credit Card,24.0,3.0,2024-07,2024,Monday
ORD101487,2024-07-01,Sports,Bicycle,349.0,1,349.0,0.0,West,Online,UPI,25.0,5.0,2024-07,2024,Monday
ORD101973,2024-07-01,Sports,Running Shoes,71.1,1,71.1,0.1,East,Online,Credit Card,28.0,5.0,2024-07,2024,Monday
ORD101564,2024-07-02,Apparel,Sneakers,61.75,1,61.75,0.05,North,In-Store,Debit Card,35.0,5.0,2024-07,2024,Tuesday
ORD101521,2024-07-02,Apparel,T-Shirt,14.25,2,28.5,0.05,South,Online,Credit Card,37.0,4.0,2024-07,2024,Tuesday
ORD101903,2024-07-02,Apparel,Jacket,84.55,4,338.2,0.05,North,Online,Wallet,44.0,4.0,2024-07,2024,Tuesday
ORD104096,2024-07-02,Home & Kitchen,Cookware Set,129.0,1,129.0,0.0,North,In-Store,Wallet,29.0,4.0,2024-07,2024,Tuesday
ORD103568,2024-07-02,Home & Kitchen,Vacuum,141.55,1,141.55,0.05,West,In-Store,Debit Card,35.0,1.0,2024-07,2024,Tuesday
ORD100357,2024-07-02,Electronics,Laptop,999.0,1,999.0,0.0,Central,In-Store,UPI,36.0,4.0,2024-07,2024,Tuesday
ORD102935,2024-07-02,Home & Kitchen,Air Fryer,84.55,1,84.55,0.05,North,In-Store,Credit Card,20.0,4.0,2024-07,2024,Tuesday
ORD104873,2024-07-02,Electronics,Smartwatch,199.0,1,199.0,0.0,North,Online,Debit Card,52.0,3.0,2024-07,2024,Tuesday
ORD101799,2024-07-02,Home & Kitchen,Blender,39.0,2,78.0,0.0,Central,Online,Cash,38.0,5.0,2024-07,2024,Tuesday
ORD104845,2024-07-02,Sports,Bicycle,279.2,1,279.2,0.2,North,Online,Debit Card,39.0,1.0,2024-07,2024,Tuesday
ORD101697,2024-07-03,Sports,Yoga Mat,23.75,1,23.75,0.05,West,Online,Credit Card,28.0,3.0,2024-07,2024,Wednesday
ORD101176,2024-07-03,Home & Kitchen,Cookware Set,129.0,2,258.0,0.0,East,Online,Credit Card,39.0,3.0,2024-07,2024,Wednesday
ORD102413,2024-07-03,Electronics,Smartphone,629.1,1,629.1,0.1,North,In-Store,Debit Card,29.0,5.0,2024-07,2024,Wednesday
ORD104249,2024-07-03,Electronics,Smartwatch,199.0,1,199.0,0.0,North,Online,UPI,18.0,4.0,2024-07,2024,Wednesday
ORD103255,2024-07-03,Home & Kitchen,Vacuum,149.0,2,298.0,0.0,South,In-Store,Credit Card,23.0,4.0,2024-07,2024,Wednesday
ORD104720,2024-07-03,Home & Kitchen,Air Fryer,89.0,3,267.0,0.0,Central,In-Store,Credit Card,32.0,5.0,2024-07,2024,Wednesday
ORD104885,2024-07-03,Sports,Bicycle,349.0,1,349.0,0.0,East,In-Store,Credit Card,43.0,5.0,2024-07,2024,Wednesday
ORD100305,2024-07-03,Apparel,Jeans,45.0,1,45.0,0.0,Central,Online,Credit Card,28.0,3.0,2024-07,2024,Wednesday
ORD103579,2024-07-03,Apparel,T-Shirt,15.0,1,15.0,0.0,North,In-Store,UPI,19.0,5.0,2024-07,2024,Wednesday
ORD104522,2024-07-04,Apparel,Sneakers,65.0,1,65.0,0.0,North,In-Store,Credit Card,18.0,3.0,2024-07,2024,Thursday
ORD102918,2024-07-04,Apparel,Jacket,89.0,1,89.0,0.0,Central,Online,Credit Card,21.0,5.0,2024-07,2024,Thursday
ORD102542,2024-07-04,Apparel,Sneakers,61.75,2,123.5,0.05,Central,In-Store,Credit Card,44.0,2.0,2024-07,2024,Thursday
ORD102507,2024-07-04,Electronics,Smartphone,699.0,1,699.0,0.0,West,Online,Credit Card,24.0,5.0,2024-07,2024,Thursday
ORD103483,2024-07-04,Electronics,Smartphone,699.0,2,1398.0,0.0,North,Online,Credit Card,18.0,5.0,2024-07,2024,Thursday
ORD101787,2024-07-04,Electronics,Headphones,41.65,1,41.65,0.15,East,Online,Debit Card,28.0,4.0,2024-07,2024,Thursday
ORD101151,2024-07-04,Electronics,Smartwatch,199.0,1,199.0,0.0,East,In-Store,Wallet,50.0,5.0,2024-07,2024,Thursday
ORD103976,2024-07-04,Apparel,T-Shirt,14.25,2,28.5,0.05,South,In-Store,Credit Card,18.0,4.0,2024-07,2024,Thursday
ORD104279,2024-07-04,Beauty,Shampoo,12.0,1,12.0,0.0,Central,Online,Wallet,50.0,3.0,2024-07,2024,Thursday
ORD104569,2024-07-04,Sports,Tent,109.65,1,109.65,0.15,Central,In-Store,Debit Card,19.0,3.0,2024-07,2024,Thursday
ORD103833,2024-07-04,Electronics,Laptop,949.05,5,4745.25,0.05,Central,Online,Credit Card,50.0,3.0,2024-07,2024,Thursday
ORD101498,2024-07-04,Home & Kitchen,Blender,39.0,3,117.0,0.0,South,In-Store,Credit Card,40.0,3.0,2024-07,2024,Thursday
ORD104750,2024-07-05,Home & Kitchen,Air Fryer,84.55,1,84.55,0.05,Central,Online,UPI,25.0,5.0,2024-07,2024,Friday
ORD104447,2024-07-05,Electronics,Tablet,331.55,3,994.65,0.05,South,In-Store,Debit Card,25.0,5.0,2024-07,2024,Friday
ORD102952,2024-07-05,Electronics,Laptop,999.0,1,999.0,0.0,North,In-Store,Credit Card,36.0,5.0,2024-07,2024,Friday
ORD101325,2024-07-05,Home & Kitchen,Air Fryer,89.0,1,89.0,0.0,Central,In-Store,Credit Card,18.0,1.0,2024-07,2024,Friday
ORD100701,2024-07-05,Apparel,Jeans,45.0,5,225.0,0.0,South,In-Store,Debit Card,31.0,4.0,2024-07,2024,Friday
ORD104741,2024-07-06,Beauty,Shampoo,12.0,1,12.0,0.0,North,In-Store,Debit Card,36.0,5.0,2024-07,2024,Saturday
ORD102784,2024-07-06,Electronics,Headphones,44.1,1,44.1,0.1,South,In-Store,Credit Card,33.0,5.0,2024-07,2024,Saturday
ORD100552,2024-07-06,Sports,Yoga Mat,25.0,2,50.0,0.0,West,Online,Credit Card,50.0,3.0,2024-07,2024,Saturday
ORD102113,2024-07-06,Sports,Tent,122.55,2,245.1,0.05,South,Online,Credit Card,49.0,3.0,2024-07,2024,Saturday
ORD104172,2024-07-06,Beauty,Moisturizer,20.9,1,20.9,0.05,West,Online,Credit Card,29.0,4.0,2024-07,2024,Saturday
ORD103043,2024-07-07,Apparel,Jeans,45.0,1,45.0,0.0,West,Online,Debit Card,35.0,2.0,2024-07,2024,Sunday
ORD100535,2024-07-07,Sports,Bicycle,349.0,1,349.0,0.0,South,In-Store,Credit Card,31.0,4.0,2024-07,2024,Sunday
ORD103632,2024-07-07,Electronics,Headphones,49.0,1,49.0,0.0,West,Online,Cash,20.0,5.0,2024-07,2024,Sunday
ORD103355,2024-07-07,Apparel,Sneakers,58.5,2,117.0,0.1,North,Online,Credit Card,39.0,5.0,2024-07,2024,Sunday
ORD102217,2024-07-08,Sports,Yoga Mat,23.75,1,23.75,0.05,East,In-Store,UPI,50.0,2.0,2024-07,2024,Monday
ORD101020,2024-07-08,Home & Kitchen,Coffee Maker,59.0,2,118.0,0.0,South,Online,Debit Card,18.0,2.0,2024-07,2024,Monday
ORD101175,2024-07-08,Apparel,Dress,55.0,1,55.0,0.0,West,Online,Wallet,41.0,5.0,2024-07,2024,Monday
ORD101212,2024-07-08,Apparel,Sneakers,65.0,1,65.0,0.0,West,In-Store,UPI,52.0,5.0,2024-07,2024,Monday
ORD103324,2024-07-08,Electronics,Headphones,39.2,2,78.4,0.2,East,Online,UPI,34.0,5.0,2024-07,2024,Monday
ORD104868,2024-07-08,Beauty,Lipstick,18.0,1,18.0,0.0,Central,Online,Credit Card,43.0,3.0,2024-07,2024,Monday
ORD100002,2024-07-08,Beauty,Lipstick,17.1,1,17.1,0.05,West,Online,Credit Card,20.0,2.0,2024-07,2024,Monday
ORD103710,2024-07-08,Apparel,T-Shirt,14.25,4,57.0,0.05,South,Online,Debit Card,27.0,4.0,2024-07,2024,Monday
ORD102780,2024-07-08,Apparel,Sneakers,52.0,1,52.0,0.2,North,Online,UPI,18.0,3.0,2024-07,2024,Monday
ORD103468,2024-07-08,Beauty,Lipstick,18.0,1,18.0,0.0,Central,Online,UPI,45.0,5.0,2024-07,2024,Monday
ORD102449,2024-07-09,Sports,Dumbbells,42.75,1,42.75,0.05,East,Online,Wallet,25.0,5.0,2024-07,2024,Tuesday
ORD102457,2024-07-09,Beauty,Perfume,61.75,1,61.75,0.05,East,In-Store,Credit Card,32.0,4.0,2024-07,2024,Tuesday
ORD102349,2024-07-09,Beauty,Shampoo,12.0,1,12.0,0.0,Central,Online,Credit Card,46.0,5.0,2024-07,2024,Tuesday
ORD102377,2024-07-09,Beauty,Sunscreen,14.4,1,14.4,0.1,West,In-Store,Debit Card,18.0,5.0,2024-07,2024,Tuesday
ORD102165,2024-07-09,Apparel,Jeans,45.0,1,45.0,0.0,North,Online,Credit Card,18.0,4.0,2024-07,2024,Tuesday
ORD103180,2024-07-09,Apparel,Jacket,89.0,1,89.0,0.0,West,Online,Cash,18.0,4.0,2024-07,2024,Tuesday
ORD100332,2024-07-09,Beauty,Sunscreen,12.8,5,64.0,0.2,West,In-Store,Debit Card,34.0,5.0,2024-07,2024,Tuesday
ORD100976,2024-07-09,Beauty,Moisturizer,22.0,1,22.0,0.0,West,Online,Wallet,36.0,4.0,2024-07,2024,Tuesday
ORD104326,2024-07-09,Electronics,Headphones,49.0,1,49.0,0.0,South,In-Store,Debit Card,50.0,5.0,2024-07,2024,Tuesday
ORD100001,2024-07-10,Beauty,Shampoo,12.0,1,12.0,0.0,West,Online,Debit Card,22.0,4.0,2024-07,2024,Wednesday
ORD101048,2024-07-10,Sports,Tent,129.0,4,516.0,0.0,South,In-Store,UPI,18.0,3.0,2024-07,2024,Wednesday
ORD101309,2024-07-10,Beauty,Perfume,55.25,1,55.25,0.15,South,Online,Debit Card,36.0,5.0,2024-07,2024,Wednesday
ORD104229,2024-07-11,Electronics,Smartphone,664.05,3,1992.15,0.05,South,Online,Credit Card,30.0,4.0,2024-07,2024,Thursday
ORD104069,2024-07-11,Apparel,Dress,55.0,1,55.0,0.0,South,Online,Debit Card,39.0,4.0,2024-07,2024,Thursday
ORD100889,2024-07-11,Sports,Running Shoes,79.0,1,79.0,0.0,South,Online,Wallet,47.0,3.0,2024-07,2024,Thursday
ORD104455,2024-07-11,Sports,Bicycle,314.1,1,314.1,0.1,Central,Online,Wallet,36.0,4.0,2024-07,2024,Thursday
ORD100931,2024-07-11,Apparel,Jacket,75.65,2,151.3,0.15,South,In-Store,Credit Card,47.0,4.0,2024-07,2024,Thursday
ORD101068,2024-07-11,Home & Kitchen,Cookware Set,129.0,2,258.0,0.0,East,Online,Credit Card,33.0,2.0,2024-07,2024,Thursday
ORD103278,2024-07-12,Beauty,Lipstick,18.0,1,18.0,0.0,West,Online,UPI,32.0,4.0,2024-07,2024,Friday
ORD104303,2024-07-12,Electronics,Headphones,49.0,1,49.0,0.0,West,Online,Credit Card,43.0,5.0,2024-07,2024,Friday
ORD101568,2024-07-12,Apparel,T-Shirt,12.0,1,12.0,0.2,Central,Online,Credit Card,33.0,4.0,2024-07,2024,Friday
ORD100685,2024-07-12,Beauty,Sunscreen,16.0,1,16.0,0.0,East,Online,Credit Card,34.0,2.0,2024-07,2024,Friday
ORD103213,2024-07-13,Electronics,Headphones,39.2,1,39.2,0.2,West,In-Store,Credit Card,26.0,5.0,2024-07,2024,Saturday
ORD104200,2024-07-13,Home & Kitchen,Cookware Set,129.0,3,387.0,0.0,North,Online,Debit Card,29.0,5.0,2024-07,2024,Saturday
ORD101475,2024-07-13,Sports,Running Shoes,79.0,3,237.0,0.0,West,In-Store,Credit Card,30.0,4.0,2024-07,2024,Saturday
ORD102602,2024-07-13,Home & Kitchen,Air Fryer,84.55,1,84.55,0.05,South,In-Store,Credit Card,52.0,5.0,2024-07,2024,Saturday
ORD103597,2024-07-13,Beauty,Shampoo,11.4,1,11.4,0.05,South,In-Store,Debit Card,18.0,5.0,2024-07,2024,Saturday
ORD100228,2024-07-13,Home & Kitchen,Coffee Maker,56.05,2,112.1,0.05,East,Online,Debit Card,53.0,5.0,2024-07,2024,Saturday
ORD103434,2024-07-13,Sports,Dumbbells,40.5,1,40.5,0.1,South,Online,UPI,19.0,4.0,2024-07,2024,Saturday
ORD104552,2024-07-13,Sports,Yoga Mat,23.75,1,23.75,0.05,Central,Online,Wallet,30.0,5.0,2024-07,2024,Saturday
ORD100057,2024-07-13,Beauty,Moisturizer,22.0,2,44.0,0.0,South,Online,Credit Card,24.0,5.0,2024-07,2024,Saturday
ORD103456,2024-07-13,Apparel,Dress,52.25,1,52.25,0.05,West,Online,Cash,40.0,5.0,2024-07,2024,Saturday
ORD104761,2024-07-14,Electronics,Tablet,314.1,1,314.1,0.1,South,In-Store,Wallet,25.0,5.0,2024-07,2024,Sunday
ORD101409,2024-07-14,Beauty,Shampoo,12.0,1,12.0,0.0,Central,In-Store,Credit Card,38.0,5.0,2024-07,2024,Sunday
ORD100738,2024-07-15,Home & Kitchen,Coffee Maker,56.05,1,56.05,0.05,South,Online,Credit Card,18.0,3.0,2024-07,2024,Monday
ORD100366,2024-07-15,Apparel,Dress,46.75,2,93.5,0.15,West,Online,Cash,39.0,5.0,2024-07,2024,Monday
ORD103153,2024-07-16,Sports,Dumbbells,45.0,2,90.0,0.0,East,Online,Debit Card,40.0,2.0,2024-07,2024,Tuesday
ORD102569,2024-07-16,Electronics,Laptop,999.0,1,999.0,0.0,North,In-Store,Cash,27.0,4.0,2024-07,2024,Tuesday
ORD101630,2024-07-16,Apparel,Jeans,42.75,3,128.25,0.05,Central,Online,UPI,43.0,4.0,2024-07,2024,Tuesday
ORD100589,2024-07-16,Electronics,Tablet,349.0,2,698.0,0.0,South,In-Store,Debit Card,28.0,5.0,2024-07,2024,Tuesday
ORD102265,2024-07-16,Sports,Bicycle,331.55,1,331.55,0.05,North,Online,Credit Card,21.0,4.0,2024-07,2024,Tuesday
ORD102601,2024-07-16,Electronics,Tablet,331.55,1,331.55,0.05,West,Online,Cash,34.0,1.0,2024-07,2024,Tuesday
ORD102216,2024-07-16,Apparel,Jeans,45.0,1,45.0,0.0,South,In-Store,Wallet,18.0,5.0,2024-07,2024,Tuesday
ORD101931,2024-07-17,Electronics,Laptop,999.0,1,999.0,0.0,Central,Online,Credit Card,34.0,4.0,2024-07,2024,Wednesday
ORD100852,2024-07-17,Beauty,Sunscreen,16.0,1,16.0,0.0,West,In-Store,UPI,18.0,4.0,2024-07,2024,Wednesday
ORD104981,2024-07-17,Beauty,Moisturizer,20.9,1,20.9,0.05,Central,Online,Cash,52.0,5.0,2024-07,2024,Wednesday
ORD100944,2024-07-17,Home & Kitchen,Vacuum,149.0,1,149.0,0.0,East,In-Store,Debit Card,40.0,1.0,2024-07,2024,Wednesday
ORD103773,2024-07-17,Home & Kitchen,Coffee Maker,59.0,4,236.0,0.0,North,Online,Credit Card,20.0,2.0,2024-07,2024,Wednesday
ORD100120,2024-07-17,Apparel,Jeans,45.0,1,45.0,0.0,West,In-Store,Credit Card,53.0,3.0,2024-07,2024,Wednesday
ORD103762,2024-07-17,Electronics,Tablet,349.0,1,349.0,0.0,West,In-Store,Credit Card,27.0,4.0,2024-07,2024,Wednesday
ORD100500,2024-07-18,Electronics,Headphones,41.65,1,41.65,0.15,North,Online,Credit Card,18.0,3.0,2024-07,2024,Thursday
ORD100844,2024-07-18,Sports,Running Shoes,79.0,1,79.0,0.0,North,In-Store,Debit Card,54.0,4.0,2024-07,2024,Thursday
ORD101838,2024-07-18,Home & Kitchen,Air Fryer,75.65,2,151.3,0.15,South,In-Store,Debit Card,28.0,5.0,2024-07,2024,Thursday
ORD104644,2024-07-18,Beauty,Moisturizer,20.9,1,20.9,0.05,East,In-Store,Wallet,45.0,4.0,2024-07,2024,Thursday
ORD102530,2024-07-18,Apparel,Sneakers,58.5,2,117.0,0.1,South,Online,Debit Card,30.0,5.0,2024-07,2024,Thursday
ORD102613,2024-07-18,Beauty,Lipstick,16.2,2,32.4,0.1,Central,Online,Credit Card,36.0,3.0,2024-07,2024,Thursday
ORD102767,2024-07-18,Sports,Dumbbells,42.75,1,42.75,0.05,West,Online,Credit Card,42.0,4.0,2024-07,2024,Thursday
ORD100172,2024-07-18,Sports,Tent,116.1,2,232.2,0.1,East,Online,Credit Card,18.0,4.0,2024-07,2024,Thursday
ORD101759,2024-07-19,Sports,Tent,129.0,2,258.0,0.0,West,In-Store,UPI,25.0,5.0,2024-07,2024,Friday
ORD101396,2024-07-19,Beauty,Sunscreen,15.2,1,15.2,0.05,Central,Online,Cash,38.0,5.0,2024-07,2024,Friday
ORD100869,2024-07-19,Beauty,Sunscreen,14.4,1,14.4,0.1,West,In-Store,Debit Card,22.0,5.0,2024-07,2024,Friday
ORD100867,2024-07-19,Beauty,Perfume,52.0,2,104.0,0.2,North,Online,UPI,37.0,4.0,2024-07,2024,Friday
ORD103494,2024-07-19,Sports,Tent,116.1,1,116.1,0.1,South,Online,Debit Card,32.0,3.0,2024-07,2024,Friday
ORD104866,2024-07-19,Beauty,Perfume,65.0,1,65.0,0.0,North,Online,UPI,37.0,5.0,2024-07,2024,Friday
ORD104367,2024-07-19,Sports,Dumbbells,42.75,1,42.75,0.05,East,Online,Credit Card,32.0,5.0,2024-07,2024,Friday
ORD104013,2024-07-20,Sports,Yoga Mat,25.0,1,25.0,0.0,Central,In-Store,Cash,43.0,4.0,2024-07,2024,Saturday
ORD100377,2024-07-20,Home & Kitchen,Blender,39.0,3,117.0,0.0,East,In-Store,UPI,52.0,5.0,2024-07,2024,Saturday
ORD103845,2024-07-20,Home & Kitchen,Air Fryer,80.1,1,80.1,0.1,West,Online,UPI,36.0,3.0,2024-07,2024,Saturday
ORD102956,2024-07-20,Home & Kitchen,Vacuum,134.1,2,268.2,0.1,North,In-Store,Debit Card,43.0,4.0,2024-07,2024,Saturday
ORD101483,2024-07-20,Beauty,Moisturizer,19.8,3,59.4,0.1,Central,In-Store,Debit Card,34.0,5.0,2024-07,2024,Saturday
ORD100963,2024-07-20,Beauty,Perfume,61.75,1,61.75,0.05,Central,In-Store,UPI,39.0,5.0,2024-07,2024,Saturday
ORD101494,2024-07-20,Apparel,T-Shirt,14.25,1,14.25,0.05,East,Online,Credit Card,22.0,4.0,2024-07,2024,Saturday
ORD100885,2024-07-20,Home & Kitchen,Cookware Set,122.55,1,122.55,0.05,Central,In-Store,Debit Card,47.0,4.0,2024-07,2024,Saturday
ORD100949,2024-07-20,Beauty,Moisturizer,19.8,1,19.8,0.1,West,Online,Credit Card,30.0,5.0,2024-07,2024,Saturday
ORD101084,2024-07-21,Beauty,Sunscreen,16.0,4,64.0,0.0,West,In-Store,Cash,33.0,4.0,2024-07,2024,Sunday
ORD102795,2024-07-21,Sports,Yoga Mat,22.5,1,22.5,0.1,East,Online,UPI,47.0,4.0,2024-07,2024,Sunday
ORD101165,2024-07-21,Sports,Tent,129.0,2,258.0,0.0,East,In-Store,Credit Card,21.0,5.0,2024-07,2024,Sunday
ORD101713,2024-07-21,Electronics,Headphones,44.1,2,88.2,0.1,South,In-Store,UPI,31.0,3.0,2024-07,2024,Sunday
ORD102493,2024-07-22,Home & Kitchen,Coffee Maker,59.0,5,295.0,0.0,North,Online,Credit Card,50.0,3.0,2024-07,2024,Monday
ORD100521,2024-07-22,Electronics,Smartwatch,189.05,2,378.1,0.05,West,Online,Credit Card,30.0,5.0,2024-07,2024,Monday
ORD101455,2024-07-22,Apparel,Jeans,42.75,1,42.75,0.05,West,In-Store,Credit Card,27.0,5.0,2024-07,2024,Monday
ORD103236,2024-07-22,Apparel,Sneakers,55.25,2,110.5,0.15,South,Online,Debit Card,40.0,4.0,2024-07,2024,Monday
ORD102941,2024-07-22,Sports,Running Shoes,79.0,1,79.0,0.0,West,Online,Credit Card,34.0,5.0,2024-07,2024,Monday
ORD103114,2024-07-22,Electronics,Laptop,999.0,1,999.0,0.0,North,Online,Debit Card,49.0,3.0,2024-07,2024,Monday
ORD103051,2024-07-22,Beauty,Lipstick,18.0,2,36.0,0.0,East,In-Store,Debit Card,62.0,4.0,2024-07,2024,Monday
ORD104543,2024-07-22,Sports,Dumbbells,45.0,1,45.0,0.0,West,Online,Debit Card,25.0,3.0,2024-07,2024,Monday
ORD104764,2024-07-22,Apparel,Sneakers,65.0,1,65.0,0.0,North,Online,Credit Card,43.0,5.0,2024-07,2024,Monday
ORD101865,2024-07-22,Beauty,Lipstick,16.2,2,32.4,0.1,West,Online,Debit Card,27.0,5.0,2024-07,2024,Monday
ORD102182,2024-07-22,Beauty,Shampoo,10.8,2,21.6,0.1,Central,Online,Credit Card,26.0,4.0,2024-07,2024,Monday
ORD101394,2024-07-22,Home & Kitchen,Cookware Set,116.1,4,464.4,0.1,East,Online,Debit Card,44.0,5.0,2024-07,2024,Monday
ORD101310,2024-07-22,Electronics,Headphones,49.0,1,49.0,0.0,East,Online,UPI,50.0,4.0,2024-07,2024,Monday
ORD103586,2024-07-23,Apparel,T-Shirt,14.25,1,14.25,0.05,West,Online,UPI,52.0,3.0,2024-07,2024,Tuesday
ORD102914,2024-07-23,Electronics,Tablet,331.55,2,663.1,0.05,North,Online,Credit Card,41.0,5.0,2024-07,2024,Tuesday
ORD103484,2024-07-23,Home & Kitchen,Air Fryer,75.65,1,75.65,0.15,South,Online,Debit Card,60.0,5.0,2024-07,2024,Tuesday
ORD103142,2024-07-23,Home & Kitchen,Cookware Set,129.0,1,129.0,0.0,South,Online,Credit Card,39.0,4.0,2024-07,2024,Tuesday
ORD100056,2024-07-23,Sports,Dumbbells,42.75,1,42.75,0.05,North,Online,Debit Card,53.0,3.0,2024-07,2024,Tuesday
ORD101270,2024-07-23,Beauty,Lipstick,18.0,3,54.0,0.0,South,Online,Credit Card,28.0,3.0,2024-07,2024,Tuesday
ORD102907,2024-07-24,Sports,Tent,129.0,1,129.0,0.0,East,In-Store,Cash,28.0,3.0,2024-07,2024,Wednesday
ORD104085,2024-07-24,Sports,Running Shoes,71.1,1,71.1,0.1,West,Online,UPI,27.0,4.0,2024-07,2024,Wednesday
ORD104877,2024-07-24,Home & Kitchen,Cookware Set,122.55,5,612.75,0.05,West,Online,Cash,18.0,5.0,2024-07,2024,Wednesday
ORD101167,2024-07-24,Apparel,Jacket,84.55,2,169.1,0.05,North,In-Store,Cash,19.0,3.0,2024-07,2024,Wednesday
ORD102350,2024-07-24,Electronics,Tablet,349.0,3,1047.0,0.0,East,Online,Debit Card,25.0,5.0,2024-07,2024,Wednesday
ORD102981,2024-07-24,Electronics,Smartwatch,199.0,3,597.0,0.0,Central,In-Store,Credit Card,34.0,5.0,2024-07,2024,Wednesday
ORD104538,2024-07-24,Home & Kitchen,Vacuum,134.1,2,268.2,0.1,East,Online,Credit Card,30.0,5.0,2024-07,2024,Wednesday
ORD104025,2024-07-24,Home & Kitchen,Coffee Maker,50.15,2,100.3,0.15,East,Online,Credit Card,43.0,4.0,2024-07,2024,Wednesday
ORD101372,2024-07-24,Electronics,Headphones,49.0,2,98.0,0.0,Central,Online,Credit Card,36.0,4.0,2024-07,2024,Wednesday
ORD102921,2024-07-25,Apparel,Jacket,89.0,1,89.0,0.0,North,Online,Credit Card,45.0,4.0,2024-07,2024,Thursday
ORD104053,2024-07-25,Beauty,Shampoo,12.0,1,12.0,0.0,South,In-Store,Credit Card,21.0,4.0,2024-07,2024,Thursday
ORD101871,2024-07-25,Beauty,Lipstick,15.3,2,30.6,0.15,Central,In-Store,Debit Card,44.0,3.0,2024-07,2024,Thursday
ORD100128,2024-07-25,Sports,Tent,129.0,4,516.0,0.0,South,In-Store,Debit Card,19.0,5.0,2024-07,2024,Thursday
ORD101717,2024-07-25,Sports,Yoga Mat,22.5,2,45.0,0.1,South,Online,Debit Card,39.0,4.0,2024-07,2024,Thursday
ORD102904,2024-07-25,Home & Kitchen,Cookware Set,129.0,4,516.0,0.0,Central,Online,Credit Card,38.0,4.0,2024-07,2024,Thursday
ORD104435,2024-07-26,Sports,Tent,103.2,2,206.4,0.2,Central,Online,Credit Card,25.0,5.0,2024-07,2024,Friday
ORD102749,2024-07-26,Home & Kitchen,Coffee Maker,56.05,1,56.05,0.05,South,Online,Credit Card,33.0,5.0,2024-07,2024,Friday
ORD103163,2024-07-26,Home & Kitchen,Vacuum,119.2,2,238.4,0.2,Central,Online,Credit Card,31.0,5.0,2024-07,2024,Friday
ORD104364,2024-07-26,Beauty,Shampoo,12.0,1,12.0,0.0,Central,Online,Wallet,22.0,5.0,2024-07,2024,Friday
ORD100741,2024-07-26,Electronics,Headphones,49.0,2,98.0,0.0,Central,Online,Wallet,39.0,5.0,2024-07,2024,Friday
ORD103264,2024-07-26,Sports,Bicycle,349.0,1,349.0,0.0,East,In-Store,Wallet,34.0,4.0,2024-07,2024,Friday
ORD100369,2024-07-26,Apparel,Dress,55.0,1,55.0,0.0,South,Online,Cash,28.0,4.0,2024-07,2024,Friday
ORD104725,2024-07-26,Apparel,Sneakers,65.0,1,65.0,0.0,East,Online,Debit Card,41.0,5.0,2024-07,2024,Friday
ORD102857,2024-07-26,Electronics,Smartphone,629.1,1,629.1,0.1,West,Online,UPI,46.0,5.0,2024-07,2024,Friday
ORD100548,2024-07-27,Beauty,Moisturizer,17.6,1,17.6,0.2,North,Online,UPI,27.0,4.0,2024-07,2024,Saturday
ORD102184,2024-07-27,Home & Kitchen,Vacuum,141.55,1,141.55,0.05,South,In-Store,Credit Card,31.0,3.0,2024-07,2024,Saturday
ORD102880,2024-07-27,Sports,Tent,109.65,1,109.65,0.15,Central,Online,Credit Card,24.0,5.0,2024-07,2024,Saturday
ORD101203,2024-07-27,Home & Kitchen,Vacuum,141.55,1,141.55,0.05,South,In-Store,Credit Card,37.0,2.0,2024-07,2024,Saturday
ORD103158,2024-07-27,Sports,Running Shoes,71.1,1,71.1,0.1,East,Online,UPI,51.0,5.0,2024-07,2024,Saturday
ORD103020,2024-07-27,Electronics,Laptop,949.05,1,949.05,0.05,South,Online,Credit Card,46.0,2.0,2024-07,2024,Saturday
ORD103824,2024-07-27,Sports,Tent,129.0,2,258.0,0.0,North,In-Store,Debit Card,35.0,4.0,2024-07,2024,Saturday
ORD104653,2024-07-27,Home & Kitchen,Vacuum,126.65,1,126.65,0.15,East,In-Store,Credit Card,25.0,3.0,2024-07,2024,Saturday
ORD103746,2024-07-27,Apparel,Jeans,45.0,1,45.0,0.0,North,Online,Credit Card,33.0,4.0,2024-07,2024,Saturday
ORD103665,2024-07-28,Beauty,Sunscreen,15.2,2,30.4,0.05,Central,In-Store,Credit Card,18.0,4.0,2024-07,2024,Sunday
ORD102830,2024-07-28,Electronics,Smartwatch,189.05,2,378.1,0.05,East,Online,Credit Card,22.0,4.0,2024-07,2024,Sunday
ORD102974,2024-07-28,Sports,Running Shoes,71.1,1,71.1,0.1,North,Online,Credit Card,38.0,3.0,2024-07,2024,Sunday
ORD100604,2024-07-28,Electronics,Laptop,999.0,2,1998.0,0.0,West,Online,Debit Card,30.0,4.0,2024-07,2024,Sunday
ORD100359,2024-07-28,Apparel,Sneakers,61.75,5,308.75,0.05,South,In-Store,Credit Card,18.0,2.0,2024-07,2024,Sunday
ORD100539,2024-07-28,Apparel,Jeans,45.0,1,45.0,0.0,South,Online,UPI,43.0,5.0,2024-07,2024,Sunday
ORD104050,2024-07-28,Apparel,T-Shirt,14.25,1,14.25,0.05,North,In-Store,Credit Card,29.0,4.0,2024-07,2024,Sunday
ORD104914,2024-07-28,Beauty,Lipstick,16.2,2,32.4,0.1,East,Online,UPI,19.0,5.0,2024-07,2024,Sunday
ORD100556,2024-07-29,Apparel,T-Shirt,12.75,1,12.75,0.15,West,Online,Credit Card,35.0,2.0,2024-07,2024,Monday
ORD101517,2024-07-29,Electronics,Smartphone,699.0,1,699.0,0.0,Central,In-Store,Cash,23.0,3.0,2024-07,2024,Monday
ORD101197,2024-07-29,Electronics,Tablet,349.0,2,698.0,0.0,East,In-Store,Credit Card,34.0,3.0,2024-07,2024,Monday
ORD102993,2024-07-29,Electronics,Smartphone,699.0,2,1398.0,0.0,Central,Online,Cash,42.0,3.0,2024-07,2024,Monday
ORD102243,2024-07-29,Sports,Bicycle,331.55,1,331.55,0.05,Central,In-Store,Wallet,42.0,3.0,2024-07,2024,Monday
ORD104950,2024-07-29,Home & Kitchen,Cookware Set,129.0,2,258.0,0.0,South,In-Store,Wallet,45.0,4.0,2024-07,2024,Monday
ORD102611,2024-07-29,Electronics,Smartwatch,199.0,1,199.0,0.0,North,Online,Cash,40.0,4.0,2024-07,2024,Monday
ORD104840,2024-07-29,Electronics,Smartphone,629.1,2,1258.2,0.1,North,Online,Credit Card,28.0,4.0,2024-07,2024,Monday
ORD104023,2024-07-29,Electronics,Smartphone,699.0,2,1398.0,0.0,Central,In-Store,Debit Card,31.0,4.0,2024-07,2024,Monday
ORD104680,2024-07-29,Sports,Yoga Mat,25.0,3,75.0,0.0,South,In-Store,Debit Card,35.0,5.0,2024-07,2024,Monday
ORD104933,2024-07-29,Home & Kitchen,Blender,39.0,1,39.0,0.0,West,Online,Credit Card,57.0,3.0,2024-07,2024,Monday
ORD104525,2024-07-29,Beauty,Perfume,65.0,1,65.0,0.0,North,In-Store,Credit Card,33.0,2.0,2024-07,2024,Monday
ORD101659,2024-07-30,Apparel,Jacket,89.0,1,89.0,0.0,South,In-Store,Debit Card,23.0,5.0,2024-07,2024,Tuesday
ORD104493,2024-07-30,Sports,Dumbbells,45.0,1,45.0,0.0,North,Online,Debit Card,46.0,5.0,2024-07,2024,Tuesday
ORD101347,2024-07-30,Electronics,Smartphone,699.0,1,699.0,0.0,East,In-Store,Cash,39.0,5.0,2024-07,2024,Tuesday
ORD101563,2024-07-30,Beauty,Moisturizer,18.7,1,18.7,0.15,North,Online,Cash,27.0,5.0,2024-07,2024,Tuesday
ORD103503,2024-07-30,Home & Kitchen,Coffee Maker,53.1,1,53.1,0.1,West,In-Store,Wallet,44.0,2.0,2024-07,2024,Tuesday
ORD100670,2024-07-31,Beauty,Perfume,61.75,1,61.75,0.05,Central,In-Store,Debit Card,45.0,5.0,2024-07,2024,Wednesday
ORD102551,2024-07-31,Electronics,Headphones,46.55,1,46.55,0.05,Central,Online,Credit Card,18.0,5.0,2024-07,2024,Wednesday
ORD103947,2024-07-31,Home & Kitchen,Air Fryer,80.1,4,320.4,0.1,West,In-Store,Debit Card,26.0,2.0,2024-07,2024,Wednesday
ORD104600,2024-07-31,Apparel,Jacket,80.1,1,80.1,0.1,South,Online,Cash,52.0,5.0,2024-07,2024,Wednesday
ORD103048,2024-07-31,Apparel,Sneakers,61.75,3,185.25,0.05,North,Online,Cash,44.0,4.0,2024-07,2024,Wednesday
ORD103737,2024-07-31,Electronics,Headphones,46.55,1,46.55,0.05,South,In-Store,UPI,39.0,5.0,2024-07,2024,Wednesday
ORD101006,2024-07-31,Sports,Tent,122.55,1,122.55,0.05,North,In-Store,Debit Card,22.0,4.0,2024-07,2024,Wednesday
ORD102523,2024-08-01,Electronics,Headphones,44.1,2,88.2,0.1,Central,Online,UPI,42.0,4.0,2024-08,2024,Thursday
ORD100381,2024-08-01,Sports,Tent,129.0,1,129.0,0.0,South,In-Store,Debit Card,31.0,2.0,2024-08,2024,Thursday
ORD101397,2024-08-01,Electronics,Laptop,999.0,2,1998.0,0.0,West,In-Store,Debit Card,39.0,4.0,2024-08,2024,Thursday
ORD100599,2024-08-01,Home & Kitchen,Coffee Maker,59.0,2,118.0,0.0,North,In-Store,UPI,29.0,1.0,2024-08,2024,Thursday
ORD102814,2024-08-01,Apparel,T-Shirt,15.0,1,15.0,0.0,North,Online,Credit Card,30.0,3.0,2024-08,2024,Thursday
ORD104661,2024-08-01,Apparel,Jacket,84.55,4,338.2,0.05,East,In-Store,Wallet,54.0,4.0,2024-08,2024,Thursday
ORD100059,2024-08-01,Electronics,Headphones,46.55,1,46.55,0.05,Central,Online,Cash,34.0,2.0,2024-08,2024,Thursday
ORD101725,2024-08-01,Sports,Bicycle,296.65,1,296.65,0.15,West,Online,Wallet,22.0,4.0,2024-08,2024,Thursday
ORD104404,2024-08-02,Beauty,Lipstick,15.3,1,15.3,0.15,Central,Online,Credit Card,43.0,4.0,2024-08,2024,Friday
ORD103979,2024-08-02,Beauty,Shampoo,11.4,1,11.4,0.05,Central,In-Store,Wallet,33.0,4.0,2024-08,2024,Friday
ORD100338,2024-08-02,Apparel,Dress,49.5,5,247.5,0.1,West,Online,UPI,53.0,5.0,2024-08,2024,Friday
ORD102285,2024-08-02,Home & Kitchen,Vacuum,141.55,1,141.55,0.05,Central,In-Store,Credit Card,31.0,4.0,2024-08,2024,Friday
ORD104509,2024-08-02,Home & Kitchen,Coffee Maker,59.0,2,118.0,0.0,West,Online,Wallet,27.0,3.0,2024-08,2024,Friday
ORD102942,2024-08-02,Home & Kitchen,Blender,39.0,1,39.0,0.0,Central,In-Store,Debit Card,28.0,4.0,2024-08,2024,Friday
ORD103170,2024-08-02,Home & Kitchen,Blender,37.05,1,37.05,0.05,North,In-Store,Credit Card,40.0,4.0,2024-08,2024,Friday
ORD103241,2024-08-03,Apparel,Sneakers,65.0,1,65.0,0.0,Central,Online,Debit Card,54.0,2.0,2024-08,2024,Saturday
ORD103914,2024-08-03,Electronics,Headphones,46.55,1,46.55,0.05,North,Online,Credit Card,36.0,5.0,2024-08,2024,Saturday
ORD101357,2024-08-03,Home & Kitchen,Coffee Maker,59.0,1,59.0,0.0,South,In-Store,UPI,18.0,5.0,2024-08,2024,Saturday
ORD102481,2024-08-03,Apparel,Dress,52.25,1,52.25,0.05,Central,Online,Cash,37.0,4.0,2024-08,2024,Saturday
ORD102986,2024-08-03,Sports,Dumbbells,36.0,2,72.0,0.2,North,Online,Credit Card,32.0,4.0,2024-08,2024,Saturday
ORD100107,2024-08-03,Home & Kitchen,Blender,35.1,1,35.1,0.1,Central,Online,Debit Card,36.0,4.0,2024-08,2024,Saturday
ORD101226,2024-08-03,Home & Kitchen,Blender,35.1,1,35.1,0.1,South,In-Store,UPI,19.0,3.0,2024-08,2024,Saturday
ORD103474,2024-08-03,Beauty,Lipstick,18.0,1,18.0,0.0,Central,In-Store,Credit Card,30.0,5.0,2024-08,2024,Saturday
ORD104528,2024-08-03,Sports,Bicycle,331.55,2,663.1,0.05,Central,Online,UPI,25.0,4.0,2024-08,2024,Saturday
ORD104033,2024-08-04,Apparel,T-Shirt,15.0,1,15.0,0.0,East,In-Store,Debit Card,30.0,3.0,2024-08,2024,Sunday
ORD101156,2024-08-04,Home & Kitchen,Coffee Maker,53.1,2,106.2,0.1,Central,Online,Credit Card,29.0,2.0,2024-08,2024,Sunday
ORD103714,2024-08-04,Sports,Tent,122.55,1,122.55,0.05,Central,Online,Cash,49.0,4.0,2024-08,2024,Sunday
ORD104691,2024-08-04,Beauty,Lipstick,18.0,1,18.0,0.0,South,Online,UPI,18.0,2.0,2024-08,2024,Sunday
ORD101090,2024-08-04,Sports,Yoga Mat,22.5,1,22.5,0.1,East,In-Store,Debit Card,19.0,4.0,2024-08,2024,Sunday
ORD104658,2024-08-04,Electronics,Smartphone,559.2,2,1118.4,0.2,West,Online,Credit Card,18.0,5.0,2024-08,2024,Sunday
ORD103060,2024-08-05,Beauty,Perfume,65.0,1,65.0,0.0,West,In-Store,Debit Card,26.0,4.0,2024-08,2024,Monday
ORD100689,2024-08-05,Apparel,Jeans,40.5,1,40.5,0.1,North,Online,Wallet,52.0,4.0,2024-08,2024,Monday
ORD104813,2024-08-05,Sports,Dumbbells,38.25,3,114.75,0.15,West,In-Store,Debit Card,30.0,5.0,2024-08,2024,Monday
ORD100906,2024-08-05,Apparel,Jacket,75.65,1,75.65,0.15,West,In-Store,Debit Card,19.0,5.0,2024-08,2024,Monday
ORD100345,2024-08-05,Electronics,Smartwatch,189.05,1,189.05,0.05,North,Online,Debit Card,35.0,5.0,2024-08,2024,Monday
ORD100075,2024-08-05,Apparel,Sneakers,65.0,1,65.0,0.0,North,Online,Cash,51.0,5.0,2024-08,2024,Monday
ORD103505,2024-08-05,Sports,Tent,129.0,1,129.0,0.0,North,In-Store,UPI,37.0,4.0,2024-08,2024,Monday
ORD103393,2024-08-06,Home & Kitchen,Coffee Maker,59.0,1,59.0,0.0,North,In-Store,UPI,37.0,5.0,2024-08,2024,Tuesday
ORD101835,2024-08-06,Apparel,Jeans,42.75,1,42.75,0.05,East,In-Store,Debit Card,22.0,1.0,2024-08,2024,Tuesday
ORD103798,2024-08-06,Apparel,Jeans,36.0,2,72.0,0.2,West,In-Store,Debit Card,24.0,3.0,2024-08,2024,Tuesday
ORD101879,2024-08-06,Home & Kitchen,Cookware Set,129.0,2,258.0,0.0,Central,Online,Credit Card,42.0,3.0,2024-08,2024,Tuesday
ORD104824,2024-08-06,Beauty,Moisturizer,17.6,3,52.8,0.2,Central,Online,Credit Card,46.0,5.0,2024-08,2024,Tuesday
ORD101938,2024-08-06,Apparel,Dress,46.75,1,46.75,0.15,Central,Online,Credit Card,35.0,5.0,2024-08,2024,Tuesday
ORD101775,2024-08-06,Beauty,Perfume,65.0,2,130.0,0.0,South,In-Store,Debit Card,59.0,5.0,2024-08,2024,Tuesday
ORD100210,2024-08-06,Electronics,Laptop,999.0,1,999.0,0.0,West,Online,Credit Card,49.0,4.0,2024-08,2024,Tuesday
ORD101763,2024-08-06,Home & Kitchen,Cookware Set,129.0,5,645.0,0.0,East,Online,Credit Card,20.0,5.0,2024-08,2024,Tuesday
ORD101059,2024-08-07,Sports,Dumbbells,45.0,1,45.0,0.0,South,Online,Credit Card,27.0,5.0,2024-08,2024,Wednesday
ORD104766,2024-08-07,Home & Kitchen,Coffee Maker,59.0,1,59.0,0.0,West,Online,Credit Card,38.0,5.0,2024-08,2024,Wednesday
ORD101112,2024-08-07,Electronics,Smartwatch,189.05,1,189.05,0.05,East,In-Store,Credit Card,41.0,5.0,2024-08,2024,Wednesday
ORD102971,2024-08-07,Electronics,Laptop,849.15,1,849.15,0.15,West,In-Store,UPI,25.0,3.0,2024-08,2024,Wednesday
ORD101291,2024-08-08,Beauty,Lipstick,18.0,1,18.0,0.0,West,Online,Credit Card,18.0,5.0,2024-08,2024,Thursday
ORD103788,2024-08-08,Sports,Running Shoes,67.15,1,67.15,0.15,Central,Online,Credit Card,21.0,3.0,2024-08,2024,Thursday
ORD104242,2024-08-08,Sports,Yoga Mat,22.5,1,22.5,0.1,West,Online,Credit Card,46.0,5.0,2024-08,2024,Thursday
ORD103813,2024-08-08,Beauty,Shampoo,12.0,1,12.0,0.0,East,Online,UPI,52.0,4.0,2024-08,2024,Thursday
ORD103065,2024-08-08,Home & Kitchen,Cookware Set,122.55,1,122.55,0.05,North,Online,UPI,29.0,1.0,2024-08,2024,Thursday
ORD104003,2024-08-08,Apparel,Jeans,40.5,2,81.0,0.1,Central,In-Store,Credit Card,28.0,3.0,2024-08,2024,Thursday
ORD102796,2024-08-09,Beauty,Moisturizer,18.7,1,18.7,0.15,Central,Online,Wallet,20.0,5.0,2024-08,2024,Friday
ORD104471,2024-08-09,Electronics,Headphones,46.55,1,46.55,0.05,South,Online,Debit Card,37.0,5.0,2024-08,2024,Friday
ORD104888,2024-08-09,Sports,Running Shoes,79.0,1,79.0,0.0,South,Online,Credit Card,56.0,5.0,2024-08,2024,Friday
ORD103328,2024-08-09,Apparel,Dress,55.0,1,55.0,0.0,West,In-Store,Cash,22.0,4.0,2024-08,2024,Friday
ORD104851,2024-08-09,Beauty,Sunscreen,16.0,1,16.0,0.0,North,Online,UPI,27.0,5.0,2024-08,2024,Friday
ORD103997,2024-08-09,Electronics,Smartwatch,189.05,2,378.1,0.05,East,Online,Credit Card,27.0,4.0,2024-08,2024,Friday
ORD104400,2024-08-10,Beauty,Perfume,65.0,3,195.0,0.0,East,In-Store,Cash,34.0,4.0,2024-08,2024,Saturday
ORD104485,2024-08-10,Apparel,Dress,52.25,1,52.25,0.05,North,Online,Debit Card,42.0,3.0,2024-08,2024,Saturday
ORD102105,2024-08-10,Beauty,Sunscreen,16.0,2,32.0,0.0,Central,Online,UPI,41.0,4.0,2024-08,2024,Saturday
ORD102739,2024-08-11,Apparel,T-Shirt,15.0,1,15.0,0.0,South,In-Store,Wallet,46.0,5.0,2024-08,2024,Sunday
ORD102224,2024-08-11,Apparel,Jeans,45.0,1,45.0,0.0,West,Online,Credit Card,40.0,4.0,2024-08,2024,Sunday
ORD103152,2024-08-11,Beauty,Perfume,55.25,1,55.25,0.15,Central,Online,Credit Card,39.0,2.0,2024-08,2024,Sunday
ORD101891,2024-08-11,Home & Kitchen,Cookware Set,129.0,1,129.0,0.0,West,Online,Credit Card,44.0,5.0,2024-08,2024,Sunday
ORD104952,2024-08-11,Sports,Dumbbells,36.0,3,108.0,0.2,North,Online,Credit Card,39.0,4.0,2024-08,2024,Sunday
ORD104984,2024-08-11,Beauty,Shampoo,12.0,1,12.0,0.0,Central,In-Store,Debit Card,47.0,4.0,2024-08,2024,Sunday
ORD103055,2024-08-11,Electronics,Laptop,849.15,2,1698.3,0.15,West,Online,Credit Card,30.0,5.0,2024-08,2024,Sunday
ORD100673,2024-08-11,Home & Kitchen,Blender,39.0,1,39.0,0.0,West,In-Store,UPI,30.0,4.0,2024-08,2024,Sunday
ORD104896,2024-08-11,Electronics,Headphones,46.55,1,46.55,0.05,South,Online,Debit Card,18.0,4.0,2024-08,2024,Sunday
ORD103702,2024-08-12,Sports,Tent,109.65,1,109.65,0.15,West,Online,Credit Card,36.0,2.0,2024-08,2024,Monday
ORD104991,2024-08-12,Beauty,Sunscreen,16.0,1,16.0,0.0,East,In-Store,Wallet,31.0,5.0,2024-08,2024,Monday
ORD102433,2024-08-12,Electronics,Smartphone,699.0,1,699.0,0.0,East,Online,Cash,20.0,4.0,2024-08,2024,Monday
ORD102458,2024-08-12,Apparel,Dress,46.75,1,46.75,0.15,North,Online,Debit Card,39.0,5.0,2024-08,2024,Monday
ORD102295,2024-08-12,Apparel,Jeans,36.0,1,36.0,0.2,West,Online,Debit Card,49.0,5.0,2024-08,2024,Monday
ORD102475,2024-08-12,Home & Kitchen,Blender,39.0,2,78.0,0.0,East,In-Store,Credit Card,24.0,3.0,2024-08,2024,Monday
ORD102511,2024-08-12,Beauty,Shampoo,12.0,2,24.0,0.0,Central,Online,Wallet,49.0,4.0,2024-08,2024,Monday
ORD101307,2024-08-13,Electronics,Smartphone,629.1,1,629.1,0.1,West,Online,Debit Card,20.0,5.0,2024-08,2024,Tuesday
ORD100469,2024-08-13,Home & Kitchen,Air Fryer,89.0,1,89.0,0.0,East,Online,Credit Card,42.0,5.0,2024-08,2024,Tuesday
ORD103538,2024-08-13,Apparel,Sneakers,65.0,1,65.0,0.0,East,Online,Wallet,25.0,5.0,2024-08,2024,Tuesday
ORD100491,2024-08-13,Electronics,Tablet,349.0,1,349.0,0.0,South,Online,Credit Card,31.0,3.0,2024-08,2024,Tuesday
ORD100499,2024-08-13,Sports,Dumbbells,45.0,1,45.0,0.0,South,Online,Wallet,43.0,4.0,2024-08,2024,Tuesday
ORD100879,2024-08-14,Sports,Dumbbells,45.0,1,45.0,0.0,Central,In-Store,Cash,41.0,2.0,2024-08,2024,Wednesday
ORD103879,2024-08-14,Apparel,Sneakers,65.0,2,130.0,0.0,South,Online,Credit Card,45.0,5.0,2024-08,2024,Wednesday
ORD103313,2024-08-14,Home & Kitchen,Air Fryer,84.55,2,169.1,0.05,South,Online,Wallet,44.0,4.0,2024-08,2024,Wednesday
ORD103621,2024-08-14,Beauty,Sunscreen,16.0,2,32.0,0.0,Central,Online,UPI,63.0,3.0,2024-08,2024,Wednesday
ORD103985,2024-08-14,Apparel,Jeans,45.0,5,225.0,0.0,South,Online,Debit Card,50.0,5.0,2024-08,2024,Wednesday
ORD100990,2024-08-14,Apparel,Jacket,71.2,1,71.2,0.2,Central,Online,Cash,38.0,3.0,2024-08,2024,Wednesday
ORD102961,2024-08-14,Beauty,Moisturizer,22.0,1,22.0,0.0,Central,Online,UPI,40.0,5.0,2024-08,2024,Wednesday
ORD103488,2024-08-14,Electronics,Smartwatch,199.0,1,199.0,0.0,South,Online,Debit Card,49.0,3.0,2024-08,2024,Wednesday
ORD104501,2024-08-14,Apparel,Sneakers,55.25,2,110.5,0.15,North,Online,Wallet,48.0,5.0,2024-08,2024,Wednesday
ORD101009,2024-08-15,Apparel,Jacket,89.0,2,178.0,0.0,Central,Online,Cash,24.0,3.0,2024-08,2024,Thursday
ORD101116,2024-08-15,Sports,Yoga Mat,25.0,1,25.0,0.0,South,In-Store,Debit Card,19.0,4.0,2024-08,2024,Thursday
ORD102815,2024-08-15,Home & Kitchen,Vacuum,149.0,1,149.0,0.0,West,In-Store,Credit Card,33.0,5.0,2024-08,2024,Thursday
ORD102419,2024-08-15,Home & Kitchen,Blender,35.1,1,35.1,0.1,West,In-Store,Credit Card,57.0,5.0,2024-08,2024,Thursday
ORD101425,2024-08-15,Apparel,Sneakers,58.5,4,234.0,0.1,East,Online,Cash,18.0,5.0,2024-08,2024,Thursday
ORD101516,2024-08-15,Beauty,Lipstick,18.0,2,36.0,0.0,West,Online,Cash,22.0,5.0,2024-08,2024,Thursday
ORD104473,2024-08-15,Electronics,Smartphone,699.0,2,1398.0,0.0,East,Online,Debit Card,44.0,3.0,2024-08,2024,Thursday
ORD103150,2024-08-16,Electronics,Tablet,314.1,1,314.1,0.1,West,Online,UPI,23.0,5.0,2024-08,2024,Friday
ORD100069,2024-08-16,Beauty,Sunscreen,16.0,1,16.0,0.0,Central,Online,UPI,31.0,5.0,2024-08,2024,Friday
ORD102819,2024-08-16,Home & Kitchen,Air Fryer,89.0,2,178.0,0.0,East,Online,Debit Card,25.0,5.0,2024-08,2024,Friday
ORD104637,2024-08-17,Home & Kitchen,Vacuum,126.65,1,126.65,0.15,North,In-Store,Cash,41.0,4.0,2024-08,2024,Saturday
ORD101011,2024-08-17,Sports,Dumbbells,45.0,1,45.0,0.0,East,Online,UPI,18.0,5.0,2024-08,2024,Saturday
ORD103100,2024-08-17,Beauty,Perfume,65.0,1,65.0,0.0,East,Online,UPI,18.0,5.0,2024-08,2024,Saturday
ORD100917,2024-08-17,Electronics,Smartwatch,179.1,4,716.4,0.1,East,Online,Debit Card,44.0,5.0,2024-08,2024,Saturday
ORD104077,2024-08-17,Home & Kitchen,Cookware Set,122.55,1,122.55,0.05,South,Online,Debit Card,37.0,3.0,2024-08,2024,Saturday
ORD101225,2024-08-17,Electronics,Tablet,349.0,1,349.0,0.0,Central,Online,Credit Card,31.0,3.0,2024-08,2024,Saturday
ORD104227,2024-08-17,Apparel,Dress,55.0,1,55.0,0.0,Central,In-Store,UPI,37.0,3.0,2024-08,2024,Saturday
ORD103295,2024-08-18,Electronics,Tablet,279.2,1,279.2,0.2,Central,In-Store,UPI,47.0,4.0,2024-08,2024,Sunday
ORD100735,2024-08-18,Electronics,Smartphone,629.1,3,1887.3,0.1,North,Online,Credit Card,40.0,3.0,2024-08,2024,Sunday
ORD102372,2024-08-18,Sports,Dumbbells,38.25,1,38.25,0.15,South,In-Store,Credit Card,39.0,4.0,2024-08,2024,Sunday
ORD102195,2024-08-18,Home & Kitchen,Coffee Maker,47.2,1,47.2,0.2,East,Online,Credit Card,33.0,1.0,2024-08,2024,Sunday
ORD100834,2024-08-18,Sports,Yoga Mat,23.75,2,47.5,0.05,Central,Online,Debit Card,44.0,5.0,2024-08,2024,Sunday
ORD103995,2024-08-19,Sports,Bicycle,349.0,1,349.0,0.0,North,Online,Debit Card,32.0,5.0,2024-08,2024,Monday
ORD101109,2024-08-19,Sports,Bicycle,349.0,1,349.0,0.0,West,In-Store,Cash,20.0,3.0,2024-08,2024,Monday
ORD102661,2024-08-19,Home & Kitchen,Blender,37.05,1,37.05,0.05,Central,In-Store,Credit Card,32.0,4.0,2024-08,2024,Monday
ORD101403,2024-08-19,Apparel,Jeans,45.0,1,45.0,0.0,North,Online,Debit Card,48.0,5.0,2024-08,2024,Monday
ORD103378,2024-08-19,Home & Kitchen,Air Fryer,80.1,2,160.2,0.1,South,Online,Debit Card,22.0,5.0,2024-08,2024,Monday
ORD103567,2024-08-19,Electronics,Laptop,949.05,2,1898.1,0.05,West,Online,Debit Card,18.0,5.0,2024-08,2024,Monday
ORD101188,2024-08-19,Electronics,Laptop,949.05,1,949.05,0.05,Central,Online,UPI,18.0,4.0,2024-08,2024,Monday
ORD100851,2024-08-19,Sports,Running Shoes,79.0,5,395.0,0.0,West,Online,UPI,34.0,2.0,2024-08,2024,Monday
ORD101491,2024-08-20,Beauty,Perfume,65.0,1,65.0,0.0,North,In-Store,UPI,43.0,3.0,2024-08,2024,Tuesday
ORD103571,2024-08-20,Beauty,Shampoo,12.0,1,12.0,0.0,West,Online,Credit Card,51.0,5.0,2024-08,2024,Tuesday
ORD100936,2024-08-20,Beauty,Perfume,65.0,2,130.0,0.0,Central,Online,Debit Card,50.0,4.0,2024-08,2024,Tuesday
ORD104843,2024-08-20,Home & Kitchen,Air Fryer,89.0,1,89.0,0.0,South,In-Store,Debit Card,49.0,3.0,2024-08,2024,Tuesday
ORD100758,2024-08-20,Electronics,Smartphone,629.1,1,629.1,0.1,Central,Online,Debit Card,27.0,3.0,2024-08,2024,Tuesday
ORD103390,2024-08-20,Apparel,Dress,52.25,1,52.25,0.05,North,Online,UPI,37.0,5.0,2024-08,2024,Tuesday
ORD101172,2024-08-21,Sports,Yoga Mat,22.5,2,45.0,0.1,Central,Online,Cash,43.0,4.0,2024-08,2024,Wednesday
ORD103320,2024-08-21,Apparel,T-Shirt,15.0,2,30.0,0.0,East,Online,Debit Card,35.0,5.0,2024-08,2024,Wednesday
ORD101276,2024-08-21,Home & Kitchen,Coffee Maker,59.0,3,177.0,0.0,West,In-Store,Credit Card,25.0,4.0,2024-08,2024,Wednesday
ORD103627,2024-08-21,Apparel,T-Shirt,13.5,2,27.0,0.1,East,Online,Credit Card,42.0,5.0,2024-08,2024,Wednesday
ORD103923,2024-08-21,Apparel,T-Shirt,15.0,1,15.0,0.0,West,Online,Debit Card,20.0,5.0,2024-08,2024,Wednesday
ORD100232,2024-08-21,Apparel,Jacket,89.0,2,178.0,0.0,Central,Online,Wallet,42.0,5.0,2024-08,2024,Wednesday
ORD100592,2024-08-22,Beauty,Perfume,58.5,2,117.0,0.1,West,In-Store,Credit Card,54.0,3.0,2024-08,2024,Thursday
ORD102755,2024-08-22,Sports,Bicycle,349.0,1,349.0,0.0,South,Online,UPI,47.0,3.0,2024-08,2024,Thursday
ORD103351,2024-08-22,Home & Kitchen,Air Fryer,89.0,1,89.0,0.0,Central,Online,Wallet,43.0,5.0,2024-08,2024,Thursday
ORD103271,2024-08-23,Apparel,Dress,46.75,1,46.75,0.15,Central,Online,Wallet,61.0,5.0,2024-08,2024,Friday
ORD101057,2024-08-23,Apparel,Sneakers,65.0,1,65.0,0.0,West,Online,UPI,44.0,4.0,2024-08,2024,Friday
ORD104108,2024-08-23,Apparel,Sneakers,61.75,1,61.75,0.05,South,Online,Credit Card,31.0,5.0,2024-08,2024,Friday
ORD104807,2024-08-23,Home & Kitchen,Blender,39.0,1,39.0,0.0,Central,In-Store,Debit Card,24.0,5.0,2024-08,2024,Friday
ORD103455,2024-08-24,Beauty,Shampoo,12.0,1,12.0,0.0,Central,Online,Credit Card,29.0,4.0,2024-08,2024,Saturday
ORD100380,2024-08-24,Electronics,Smartwatch,179.1,2,358.2,0.1,South,Online,Cash,27.0,3.0,2024-08,2024,Saturday
ORD103224,2024-08-24,Home & Kitchen,Blender,39.0,1,39.0,0.0,East,In-Store,Debit Card,32.0,5.0,2024-08,2024,Saturday
ORD103940,2024-08-24,Sports,Tent,129.0,1,129.0,0.0,East,Online,Credit Card,18.0,4.0,2024-08,2024,Saturday
ORD101990,2024-08-24,Home & Kitchen,Air Fryer,89.0,2,178.0,0.0,West,In-Store,UPI,18.0,5.0,2024-08,2024,Saturday
ORD103391,2024-08-24,Apparel,Sneakers,52.0,1,52.0,0.2,West,In-Store,Cash,33.0,4.0,2024-08,2024,Saturday
ORD101722,2024-08-24,Beauty,Shampoo,12.0,1,12.0,0.0,West,In-Store,Debit Card,31.0,3.0,2024-08,2024,Saturday
ORD103493,2024-08-25,Sports,Running Shoes,71.1,2,142.2,0.1,North,In-Store,Debit Card,18.0,3.0,2024-08,2024,Sunday
ORD103461,2024-08-25,Home & Kitchen,Vacuum,141.55,1,141.55,0.05,South,Online,Wallet,28.0,4.0,2024-08,2024,Sunday
ORD104702,2024-08-25,Electronics,Smartwatch,199.0,3,597.0,0.0,North,Online,Credit Card,26.0,4.0,2024-08,2024,Sunday
ORD103475,2024-08-25,Electronics,Laptop,799.2,1,799.2,0.2,West,Online,Wallet,31.0,2.0,2024-08,2024,Sunday
ORD101399,2024-08-25,Electronics,Smartwatch,179.1,1,179.1,0.1,Central,Online,UPI,24.0,5.0,2024-08,2024,Sunday
ORD100352,2024-08-25,Home & Kitchen,Vacuum,149.0,2,298.0,0.0,Central,Online,UPI,42.0,4.0,2024-08,2024,Sunday
ORD100810,2024-08-25,Beauty,Perfume,65.0,4,260.0,0.0,West,Online,Credit Card,18.0,4.0,2024-08,2024,Sunday
ORD102159,2024-08-26,Sports,Bicycle,349.0,1,349.0,0.0,South,In-Store,Credit Card,49.0,5.0,2024-08,2024,Monday
ORD102769,2024-08-26,Beauty,Moisturizer,22.0,2,44.0,0.0,South,In-Store,Credit Card,24.0,3.0,2024-08,2024,Monday
ORD102604,2024-08-26,Sports,Bicycle,349.0,1,349.0,0.0,North,In-Store,Debit Card,43.0,5.0,2024-08,2024,Monday
ORD101043,2024-08-27,Home & Kitchen,Coffee Maker,53.1,1,53.1,0.1,East,Online,Credit Card,37.0,4.0,2024-08,2024,Tuesday
ORD104398,2024-08-27,Electronics,Headphones,46.55,2,93.1,0.05,East,In-Store,UPI,29.0,3.0,2024-08,2024,Tuesday
ORD102304,2024-08-27,Apparel,Jeans,38.25,1,38.25,0.15,Central,Online,UPI,30.0,5.0,2024-08,2024,Tuesday
ORD103327,2024-08-27,Beauty,Moisturizer,17.6,1,17.6,0.2,East,Online,Debit Card,18.0,4.0,2024-08,2024,Tuesday
ORD101624,2024-08-27,Electronics,Laptop,999.0,2,1998.0,0.0,Central,In-Store,Credit Card,50.0,4.0,2024-08,2024,Tuesday
ORD102998,2024-08-27,Beauty,Moisturizer,19.8,4,79.2,0.1,South,Online,Debit Card,49.0,5.0,2024-08,2024,Tuesday
ORD104982,2024-08-27,Apparel,Jacket,75.65,1,75.65,0.15,Central,In-Store,Credit Card,53.0,4.0,2024-08,2024,Tuesday
ORD103262,2024-08-27,Sports,Yoga Mat,23.75,1,23.75,0.05,Central,In-Store,Credit Card,51.0,5.0,2024-08,2024,Tuesday
ORD103764,2024-08-27,Home & Kitchen,Cookware Set,129.0,3,387.0,0.0,West,Online,Credit Card,39.0,5.0,2024-08,2024,Tuesday
ORD100978,2024-08-28,Electronics,Smartphone,594.15,4,2376.6,0.15,West,Online,Credit Card,37.0,2.0,2024-08,2024,Wednesday
ORD104815,2024-08-28,Electronics,Headphones,44.1,1,44.1,0.1,East,Online,Debit Card,24.0,4.0,2024-08,2024,Wednesday
ORD101634,2024-08-28,Electronics,Headphones,46.55,4,186.2,0.05,South,Online,Cash,38.0,4.0,2024-08,2024,Wednesday
ORD102610,2024-08-28,Apparel,Sneakers,61.75,2,123.5,0.05,North,Online,Cash,42.0,3.0,2024-08,2024,Wednesday
ORD102400,2024-08-28,Home & Kitchen,Cookware Set,116.1,1,116.1,0.1,West,In-Store,UPI,48.0,5.0,2024-08,2024,Wednesday
ORD102996,2024-08-29,Beauty,Shampoo,12.0,1,12.0,0.0,North,Online,Wallet,39.0,4.0,2024-08,2024,Thursday
ORD103335,2024-08-29,Beauty,Moisturizer,19.8,1,19.8,0.1,South,In-Store,Cash,18.0,4.0,2024-08,2024,Thursday
ORD103243,2024-08-29,Sports,Dumbbells,45.0,1,45.0,0.0,North,In-Store,Credit Card,19.0,1.0,2024-08,2024,Thursday
ORD103946,2024-08-29,Apparel,Jacket,80.1,1,80.1,0.1,South,Online,Debit Card,51.0,4.0,2024-08,2024,Thursday
ORD103250,2024-08-29,Beauty,Shampoo,12.0,1,12.0,0.0,West,In-Store,Debit Card,29.0,5.0,2024-08,2024,Thursday
ORD104123,2024-08-29,Apparel,Jeans,45.0,1,45.0,0.0,South,In-Store,Credit Card,35.0,4.0,2024-08,2024,Thursday
ORD101622,2024-08-29,Apparel,Sneakers,61.75,2,123.5,0.05,Central,In-Store,Credit Card,63.0,2.0,2024-08,2024,Thursday
ORD101096,2024-08-29,Home & Kitchen,Blender,39.0,1,39.0,0.0,North,In-Store,UPI,39.0,2.0,2024-08,2024,Thursday
ORD102920,2024-08-30,Home & Kitchen,Cookware Set,122.55,1,122.55,0.05,Central,Online,Credit Card,26.0,4.0,2024-08,2024,Friday
ORD102506,2024-08-30,Home & Kitchen,Air Fryer,80.1,1,80.1,0.1,West,In-Store,UPI,24.0,5.0,2024-08,2024,Friday
ORD104289,2024-08-30,Sports,Bicycle,349.0,2,698.0,0.0,North,In-Store,Credit Card,57.0,4.0,2024-08,2024,Friday
ORD103067,2024-08-30,Apparel,Jeans,45.0,1,45.0,0.0,North,In-Store,Debit Card,26.0,5.0,2024-08,2024,Friday
ORD104348,2024-08-30,Electronics,Smartwatch,179.1,2,358.2,0.1,East,In-Store,UPI,56.0,2.0,2024-08,2024,Friday
ORD100597,2024-08-30,Home & Kitchen,Blender,39.0,2,78.0,0.0,South,In-Store,Credit Card,18.0,5.0,2024-08,2024,Friday
ORD101386,2024-08-31,Electronics,Headphones,49.0,1,49.0,0.0,South,Online,Cash,50.0,5.0,2024-08,2024,Saturday
ORD102355,2024-08-31,Home & Kitchen,Air Fryer,84.55,1,84.55,0.05,Central,Online,Debit Card,42.0,5.0,2024-08,2024,Saturday
ORD101280,2024-08-31,Electronics,Headphones,46.55,1,46.55,0.05,Central,Online,Debit Card,30.0,4.0,2024-08,2024,Saturday
ORD104397,2024-08-31,Beauty,Lipstick,17.1,1,17.1,0.05,South,In-Store,Debit Card,26.0,4.0,2024-08,2024,Saturday
ORD101119,2024-08-31,Electronics,Tablet,331.55,1,331.55,0.05,South,Online,Debit Card,46.0,4.0,2024-08,2024,Saturday
ORD101663,2024-09-01,Beauty,Perfume,65.0,1,65.0,0.0,East,Online,Wallet,39.0,5.0,2024-09,2024,Sunday
ORD100400,2024-09-01,Apparel,T-Shirt,15.0,1,15.0,0.0,Central,In-Store,Debit Card,23.0,4.0,2024-09,2024,Sunday
ORD103289,2024-09-01,Home & Kitchen,Coffee Maker,59.0,1,59.0,0.0,Central,Online,Debit Card,25.0,4.0,2024-09,2024,Sunday
ORD103719,2024-09-01,Home & Kitchen,Coffee Maker,56.05,2,112.1,0.05,East,Online,Credit Card,38.0,4.0,2024-09,2024,Sunday
ORD102179,2024-09-01,Sports,Dumbbells,36.0,1,36.0,0.2,Central,Online,Wallet,18.0,5.0,2024-09,2024,Sunday
ORD104130,2024-09-01,Beauty,Lipstick,16.2,2,32.4,0.1,North,Online,Credit Card,23.0,5.0,2024-09,2024,Sunday
ORD102556,2024-09-01,Beauty,Sunscreen,16.0,1,16.0,0.0,East,In-Store,Cash,28.0,5.0,2024-09,2024,Sunday
ORD101107,2024-09-02,Electronics,Headphones,49.0,3,147.0,0.0,West,In-Store,Credit Card,27.0,3.0,2024-09,2024,Monday
ORD102987,2024-09-02,Beauty,Moisturizer,22.0,1,22.0,0.0,East,Online,UPI,30.0,5.0,2024-09,2024,Monday
ORD103899,2024-09-02,Home & Kitchen,Vacuum,141.55,1,141.55,0.05,East,In-Store,Debit Card,54.0,5.0,2024-09,2024,Monday
ORD104462,2024-09-02,Sports,Tent,109.65,3,328.95,0.15,West,In-Store,Debit Card,24.0,5.0,2024-09,2024,Monday
ORD102096,2024-09-02,Apparel,T-Shirt,14.25,1,14.25,0.05,North,In-Store,Cash,44.0,5.0,2024-09,2024,Monday
ORD104307,2024-09-02,Apparel,Sneakers,65.0,1,65.0,0.0,East,Online,UPI,35.0,5.0,2024-09,2024,Monday
ORD103733,2024-09-02,Home & Kitchen,Air Fryer,89.0,1,89.0,0.0,Central,Online,Credit Card,42.0,5.0,2024-09,2024,Monday
ORD103404,2024-09-02,Electronics,Smartwatch,189.05,2,378.1,0.05,West,In-Store,Cash,25.0,4.0,2024-09,2024,Monday
ORD103840,2024-09-02,Sports,Tent,129.0,2,258.0,0.0,North,In-Store,Debit Card,52.0,5.0,2024-09,2024,Monday
ORD102615,2024-09-02,Beauty,Shampoo,12.0,3,36.0,0.0,West,Online,Debit Card,29.0,4.0,2024-09,2024,Monday
ORD100032,2024-09-03,Sports,Tent,129.0,1,129.0,0.0,Central,Online,Credit Card,42.0,4.0,2024-09,2024,Tuesday
ORD100451,2024-09-03,Apparel,Jeans,42.75,2,85.5,0.05,South,In-Store,Debit Card,44.0,3.0,2024-09,2024,Tuesday
ORD104920,2024-09-03,Sports,Bicycle,349.0,1,349.0,0.0,North,Online,Credit Card,18.0,5.0,2024-09,2024,Tuesday
ORD100270,2024-09-03,Home & Kitchen,Air Fryer,89.0,1,89.0,0.0,West,Online,UPI,22.0,4.0,2024-09,2024,Tuesday
ORD104717,2024-09-03,Sports,Running Shoes,79.0,1,79.0,0.0,North,In-Store,Debit Card,40.0,3.0,2024-09,2024,Tuesday
ORD104946,2024-09-03,Home & Kitchen,Blender,35.1,1,35.1,0.1,North,Online,Wallet,39.0,4.0,2024-09,2024,Tuesday
ORD103086,2024-09-03,Beauty,Perfume,61.75,1,61.75,0.05,West,Online,UPI,26.0,3.0,2024-09,2024,Tuesday
ORD103832,2024-09-04,Sports,Tent,129.0,1,129.0,0.0,Central,Online,Debit Card,38.0,4.0,2024-09,2024,Wednesday
ORD103972,2024-09-04,Apparel,Sneakers,55.25,1,55.25,0.15,North,Online,Credit Card,46.0,3.0,2024-09,2024,Wednesday
ORD103228,2024-09-04,Home & Kitchen,Air Fryer,84.55,2,169.1,0.05,Central,Online,Credit Card,23.0,4.0,2024-09,2024,Wednesday
ORD102538,2024-09-04,Apparel,Jeans,45.0,3,135.0,0.0,South,Online,Wallet,50.0,1.0,2024-09,2024,Wednesday
ORD104126,2024-09-04,Apparel,Dress,44.0,4,176.0,0.2,South,Online,Cash,31.0,4.0,2024-09,2024,Wednesday
ORD100724,2024-09-04,Apparel,Dress,52.25,2,104.5,0.05,Central,Online,Debit Card,41.0,4.0,2024-09,2024,Wednesday
ORD100157,2024-09-04,Apparel,Dress,55.0,2,110.0,0.0,West,In-Store,Credit Card,28.0,5.0,2024-09,2024,Wednesday
ORD101121,2024-09-04,Home & Kitchen,Blender,39.0,3,117.0,0.0,South,In-Store,Wallet,38.0,5.0,2024-09,2024,Wednesday
ORD104633,2024-09-04,Apparel,Jeans,45.0,4,180.0,0.0,West,In-Store,Credit Card,36.0,5.0,2024-09,2024,Wednesday
ORD104223,2024-09-04,Apparel,Dress,55.0,1,55.0,0.0,East,In-Store,UPI,18.0,1.0,2024-09,2024,Wednesday
ORD100300,2024-09-04,Apparel,Jeans,42.75,1,42.75,0.05,South,In-Store,Credit Card,46.0,2.0,2024-09,2024,Wednesday
ORD100297,2024-09-04,Sports,Running Shoes,75.05,1,75.05,0.05,Central,Online,Credit Card,40.0,4.0,2024-09,2024,Wednesday
ORD101501,2024-09-05,Electronics,Smartphone,629.1,2,1258.2,0.1,South,Online,Credit Card,21.0,4.0,2024-09,2024,Thursday
ORD101529,2024-09-05,Home & Kitchen,Blender,33.15,1,33.15,0.15,East,In-Store,UPI,32.0,2.0,2024-09,2024,Thursday
ORD103595,2024-09-05,Apparel,Jeans,45.0,2,90.0,0.0,North,In-Store,Debit Card,28.0,5.0,2024-09,2024,Thursday
ORD104111,2024-09-05,Sports,Yoga Mat,25.0,2,50.0,0.0,East,Online,UPI,20.0,3.0,2024-09,2024,Thursday
ORD104431,2024-09-05,Sports,Running Shoes,75.05,2,150.1,0.05,Central,Online,Debit Card,33.0,3.0,2024-09,2024,Thursday
ORD101214,2024-09-05,Apparel,Dress,55.0,5,275.0,0.0,Central,Online,Cash,43.0,4.0,2024-09,2024,Thursday
ORD103230,2024-09-05,Electronics,Smartphone,699.0,2,1398.0,0.0,West,Online,Credit Card,30.0,5.0,2024-09,2024,Thursday
ORD103081,2024-09-05,Electronics,Laptop,899.1,1,899.1,0.1,Central,Online,UPI,18.0,4.0,2024-09,2024,Thursday
ORD102944,2024-09-05,Sports,Yoga Mat,25.0,5,125.0,0.0,South,Online,Wallet,18.0,5.0,2024-09,2024,Thursday
ORD102573,2024-09-05,Beauty,Perfume,65.0,2,130.0,0.0,South,Online,Debit Card,47.0,2.0,2024-09,2024,Thursday
ORD101231,2024-09-05,Apparel,Sneakers,65.0,1,65.0,0.0,Central,In-Store,Wallet,22.0,3.0,2024-09,2024,Thursday
ORD101301,2024-09-06,Beauty,Moisturizer,22.0,1,22.0,0.0,West,Online,Wallet,26.0,5.0,2024-09,2024,Friday
ORD104405,2024-09-06,Apparel,Sneakers,61.75,2,123.5,0.05,Central,Online,Credit Card,43.0,5.0,2024-09,2024,Friday
ORD101734,2024-09-06,Electronics,Laptop,849.15,2,1698.3,0.15,North,Online,UPI,35.0,4.0,2024-09,2024,Friday
ORD101747,2024-09-06,Electronics,Tablet,349.0,3,1047.0,0.0,North,Online,Credit Card,42.0,5.0,2024-09,2024,Friday
ORD102283,2024-09-07,Beauty,Perfume,52.0,5,260.0,0.2,North,Online,Debit Card,43.0,4.0,2024-09,2024,Saturday
ORD102286,2024-09-07,Apparel,T-Shirt,15.0,1,15.0,0.0,North,Online,Credit Card,58.0,2.0,2024-09,2024,Saturday
ORD104705,2024-09-07,Apparel,Jeans,45.0,2,90.0,0.0,South,In-Store,Credit Card,51.0,5.0,2024-09,2024,Saturday
ORD102461,2024-09-07,Sports,Tent,129.0,1,129.0,0.0,Central,In-Store,Debit Card,43.0,5.0,2024-09,2024,Saturday
ORD104258,2024-09-07,Electronics,Headphones,49.0,1,49.0,0.0,Central,In-Store,Credit Card,35.0,5.0,2024-09,2024,Saturday
ORD103939,2024-09-07,Home & Kitchen,Cookware Set,116.1,1,116.1,0.1,East,Online,Credit Card,43.0,4.0,2024-09,2024,Saturday
ORD100794,2024-09-07,Home & Kitchen,Coffee Maker,56.05,1,56.05,0.05,Central,Online,Credit Card,32.0,4.0,2024-09,2024,Saturday
ORD100135,2024-09-07,Beauty,Lipstick,18.0,5,90.0,0.0,North,Online,Wallet,36.0,2.0,2024-09,2024,Saturday
ORD103024,2024-09-07,Beauty,Perfume,65.0,4,260.0,0.0,South,In-Store,UPI,27.0,5.0,2024-09,2024,Saturday
ORD104014,2024-09-07,Sports,Running Shoes,75.05,3,225.15,0.05,North,Online,UPI,32.0,4.0,2024-09,2024,Saturday
ORD104283,2024-09-07,Beauty,Sunscreen,15.2,1,15.2,0.05,Central,Online,Debit Card,46.0,5.0,2024-09,2024,Saturday
ORD101661,2024-09-08,Home & Kitchen,Coffee Maker,59.0,1,59.0,0.0,Central,Online,UPI,28.0,3.0,2024-09,2024,Sunday
ORD103812,2024-09-08,Electronics,Tablet,349.0,3,1047.0,0.0,South,In-Store,Cash,25.0,4.0,2024-09,2024,Sunday
ORD104201,2024-09-08,Sports,Running Shoes,75.05,1,75.05,0.05,East,Online,Cash,18.0,5.0,2024-09,2024,Sunday
ORD101460,2024-09-08,Apparel,Sneakers,65.0,2,130.0,0.0,South,Online,Debit Card,47.0,3.0,2024-09,2024,Sunday
ORD102976,2024-09-08,Home & Kitchen,Cookware Set,122.55,1,122.55,0.05,North,In-Store,Debit Card,18.0,2.0,2024-09,2024,Sunday
ORD100668,2024-09-09,Home & Kitchen,Blender,33.15,1,33.15,0.15,East,Online,Credit Card,42.0,5.0,2024-09,2024,Monday
ORD103641,2024-09-09,Electronics,Laptop,799.2,2,1598.4,0.2,North,Online,Debit Card,44.0,5.0,2024-09,2024,Monday
ORD100833,2024-09-09,Sports,Tent,116.1,1,116.1,0.1,East,In-Store,Credit Card,33.0,5.0,2024-09,2024,Monday
ORD104074,2024-09-09,Beauty,Moisturizer,22.0,2,44.0,0.0,West,In-Store,UPI,25.0,5.0,2024-09,2024,Monday
ORD100429,2024-09-09,Apparel,Sneakers,65.0,2,130.0,0.0,South,In-Store,Debit Card,18.0,5.0,2024-09,2024,Monday
ORD100785,2024-09-09,Sports,Running Shoes,75.05,1,75.05,0.05,South,Online,Debit Card,34.0,2.0,2024-09,2024,Monday
ORD101542,2024-09-09,Home & Kitchen,Cookware Set,129.0,1,129.0,0.0,North,Online,Wallet,28.0,4.0,2024-09,2024,Monday
ORD101946,2024-09-09,Electronics,Smartwatch,199.0,1,199.0,0.0,West,In-Store,Credit Card,29.0,4.0,2024-09,2024,Monday
ORD100915,2024-09-09,Apparel,Sneakers,65.0,2,130.0,0.0,North,In-Store,Credit Card,23.0,5.0,2024-09,2024,Monday
ORD103317,2024-09-09,Home & Kitchen,Cookware Set,122.55,1,122.55,0.05,West,Online,Cash,43.0,3.0,2024-09,2024,Monday
ORD101111,2024-09-09,Apparel,Sneakers,61.75,1,61.75,0.05,Central,In-Store,UPI,29.0,4.0,2024-09,2024,Monday
ORD102743,2024-09-10,Beauty,Moisturizer,22.0,4,88.0,0.0,Central,Online,Credit Card,36.0,3.0,2024-09,2024,Tuesday
ORD103772,2024-09-10,Home & Kitchen,Air Fryer,89.0,1,89.0,0.0,East,Online,Debit Card,28.0,4.0,2024-09,2024,Tuesday
ORD103165,2024-09-10,Beauty,Sunscreen,16.0,2,32.0,0.0,South,Online,Credit Card,18.0,5.0,2024-09,2024,Tuesday
ORD100620,2024-09-10,Electronics,Laptop,949.05,4,3796.2,0.05,East,Online,Credit Card,18.0,5.0,2024-09,2024,Tuesday
ORD104381,2024-09-10,Home & Kitchen,Air Fryer,80.1,2,160.2,0.1,East,In-Store,UPI,39.0,5.0,2024-09,2024,Tuesday
ORD100199,2024-09-10,Home & Kitchen,Blender,33.15,1,33.15,0.15,West,In-Store,Debit Card,38.0,4.0,2024-09,2024,Tuesday
ORD100924,2024-09-10,Beauty,Lipstick,18.0,1,18.0,0.0,South,Online,Wallet,43.0,5.0,2024-09,2024,Tuesday
ORD101363,2024-09-10,Apparel,T-Shirt,15.0,1,15.0,0.0,West,In-Store,UPI,18.0,5.0,2024-09,2024,Tuesday
ORD102141,2024-09-10,Home & Kitchen,Blender,39.0,2,78.0,0.0,North,Online,Wallet,30.0,5.0,2024-09,2024,Tuesday
ORD101269,2024-09-10,Home & Kitchen,Cookware Set,129.0,2,258.0,0.0,East,Online,UPI,18.0,4.0,2024-09,2024,Tuesday
ORD101774,2024-09-10,Apparel,Sneakers,61.75,1,61.75,0.05,Central,In-Store,Credit Card,43.0,5.0,2024-09,2024,Tuesday
ORD103814,2024-09-11,Apparel,T-Shirt,15.0,1,15.0,0.0,Central,Online,Credit Card,39.0,5.0,2024-09,2024,Wednesday
ORD104235,2024-09-11,Apparel,T-Shirt,15.0,2,30.0,0.0,East,Online,Cash,31.0,4.0,2024-09,2024,Wednesday
ORD103543,2024-09-11,Apparel,Dress,55.0,1,55.0,0.0,South,In-Store,UPI,30.0,5.0,2024-09,2024,Wednesday
ORD101586,2024-09-11,Home & Kitchen,Air Fryer,80.1,2,160.2,0.1,West,Online,UPI,32.0,5.0,2024-09,2024,Wednesday
ORD104532,2024-09-11,Home & Kitchen,Vacuum,126.65,2,253.3,0.15,South,In-Store,Credit Card,36.0,4.0,2024-09,2024,Wednesday
ORD100999,2024-09-11,Beauty,Sunscreen,16.0,1,16.0,0.0,North,Online,Debit Card,32.0,5.0,2024-09,2024,Wednesday
ORD103996,2024-09-11,Sports,Yoga Mat,25.0,1,25.0,0.0,South,In-Store,Credit Card,42.0,4.0,2024-09,2024,Wednesday
ORD102629,2024-09-11,Apparel,Jeans,40.5,1,40.5,0.1,Central,Online,Wallet,40.0,5.0,2024-09,2024,Wednesday
ORD100828,2024-09-11,Sports,Tent,129.0,1,129.0,0.0,West,Online,Credit Card,48.0,4.0,2024-09,2024,Wednesday
ORD100800,2024-09-11,Home & Kitchen,Vacuum,119.2,2,238.4,0.2,West,Online,Debit Card,38.0,4.0,2024-09,2024,Wednesday
ORD103887,2024-09-12,Beauty,Shampoo,12.0,1,12.0,0.0,West,Online,Credit Card,18.0,4.0,2024-09,2024,Thursday
ORD100178,2024-09-12,Beauty,Perfume,58.5,1,58.5,0.1,West,Online,Credit Card,38.0,5.0,2024-09,2024,Thursday
ORD102469,2024-09-12,Beauty,Shampoo,10.8,2,21.6,0.1,South,Online,UPI,43.0,4.0,2024-09,2024,Thursday
ORD101992,2024-09-12,Electronics,Smartwatch,179.1,1,179.1,0.1,Central,In-Store,Credit Card,42.0,2.0,2024-09,2024,Thursday
ORD102701,2024-09-12,Electronics,Laptop,849.15,1,849.15,0.15,North,In-Store,UPI,28.0,5.0,2024-09,2024,Thursday
ORD102549,2024-09-12,Sports,Dumbbells,38.25,1,38.25,0.15,North,In-Store,UPI,25.0,2.0,2024-09,2024,Thursday
ORD101923,2024-09-13,Home & Kitchen,Vacuum,149.0,3,447.0,0.0,Central,Online,UPI,38.0,4.0,2024-09,2024,Friday
ORD104604,2024-09-13,Electronics,Tablet,331.55,1,331.55,0.05,South,In-Store,Debit Card,26.0,4.0,2024-09,2024,Friday
ORD104430,2024-09-13,Home & Kitchen,Blender,37.05,2,74.1,0.05,Central,Online,UPI,46.0,5.0,2024-09,2024,Friday
ORD100608,2024-09-13,Apparel,Jacket,89.0,1,89.0,0.0,Central,Online,Debit Card,30.0,5.0,2024-09,2024,Friday
ORD101173,2024-09-13,Beauty,Shampoo,10.8,1,10.8,0.1,West,Online,Cash,48.0,4.0,2024-09,2024,Friday
ORD101773,2024-09-13,Home & Kitchen,Air Fryer,89.0,1,89.0,0.0,North,Online,Credit Card,22.0,5.0,2024-09,2024,Friday
ORD103830,2024-09-13,Home & Kitchen,Air Fryer,80.1,1,80.1,0.1,South,Online,Wallet,41.0,1.0,2024-09,2024,Friday
ORD103442,2024-09-13,Home & Kitchen,Cookware Set,129.0,1,129.0,0.0,West,Online,Credit Card,44.0,3.0,2024-09,2024,Friday
ORD101149,2024-09-13,Electronics,Tablet,296.65,2,593.3,0.15,East,Online,Credit Card,21.0,5.0,2024-09,2024,Friday
ORD103588,2024-09-14,Sports,Tent,129.0,1,129.0,0.0,East,Online,Cash,36.0,5.0,2024-09,2024,Saturday
ORD100862,2024-09-14,Home & Kitchen,Air Fryer,75.65,1,75.65,0.15,North,Online,Cash,58.0,4.0,2024-09,2024,Saturday
ORD102737,2024-09-14,Apparel,Jacket,89.0,1,89.0,0.0,North,In-Store,Cash,18.0,4.0,2024-09,2024,Saturday
ORD102034,2024-09-14,Home & Kitchen,Cookware Set,129.0,1,129.0,0.0,West,Online,Credit Card,33.0,5.0,2024-09,2024,Saturday
ORD103359,2024-09-14,Apparel,Jacket,89.0,1,89.0,0.0,North,Online,Debit Card,21.0,5.0,2024-09,2024,Saturday
ORD104058,2024-09-15,Home & Kitchen,Blender,39.0,2,78.0,0.0,South,Online,Debit Card,33.0,3.0,2024-09,2024,Sunday
ORD104598,2024-09-15,Home & Kitchen,Blender,39.0,1,39.0,0.0,West,Online,Debit Card,52.0,3.0,2024-09,2024,Sunday
ORD102367,2024-09-15,Electronics,Laptop,949.05,2,1898.1,0.05,East,In-Store,Credit Card,29.0,3.0,2024-09,2024,Sunday
ORD100012,2024-09-15,Sports,Yoga Mat,23.75,1,23.75,0.05,Central,In-Store,Credit Card,26.0,3.0,2024-09,2024,Sunday
ORD101840,2024-09-15,Beauty,Moisturizer,22.0,2,44.0,0.0,East,Online,Credit Card,37.0,4.0,2024-09,2024,Sunday
ORD103944,2024-09-15,Apparel,Jeans,40.5,1,40.5,0.1,Central,Online,Debit Card,30.0,5.0,2024-09,2024,Sunday
ORD100494,2024-09-15,Apparel,Dress,52.25,1,52.25,0.05,West,In-Store,UPI,47.0,5.0,2024-09,2024,Sunday
ORD104136,2024-09-15,Home & Kitchen,Vacuum,141.55,1,141.55,0.05,South,In-Store,Debit Card,40.0,5.0,2024-09,2024,Sunday
ORD101570,2024-09-15,Sports,Tent,109.65,2,219.3,0.15,South,Online,Credit Card,36.0,5.0,2024-09,2024,Sunday
ORD104453,2024-09-15,Beauty,Lipstick,18.0,1,18.0,0.0,South,In-Store,Cash,19.0,5.0,2024-09,2024,Sunday
ORD102132,2024-09-15,Beauty,Lipstick,18.0,2,36.0,0.0,South,Online,Debit Card,45.0,2.0,2024-09,2024,Sunday
ORD100530,2024-09-15,Sports,Running Shoes,75.05,2,150.1,0.05,Central,Online,UPI,26.0,3.0,2024-09,2024,Sunday
ORD104732,2024-09-15,Sports,Dumbbells,42.75,2,85.5,0.05,South,In-Store,Cash,27.0,3.0,2024-09,2024,Sunday
ORD101547,2024-09-15,Beauty,Moisturizer,22.0,1,22.0,0.0,West,Online,Credit Card,31.0,4.0,2024-09,2024,Sunday
ORD104745,2024-09-16,Sports,Running Shoes,75.05,1,75.05,0.05,Central,Online,Credit Card,43.0,4.0,2024-09,2024,Monday
ORD102813,2024-09-16,Sports,Bicycle,331.55,1,331.55,0.05,East,In-Store,Credit Card,33.0,5.0,2024-09,2024,Monday
ORD100980,2024-09-16,Beauty,Lipstick,18.0,1,18.0,0.0,South,Online,Wallet,30.0,2.0,2024-09,2024,Monday
ORD103008,2024-09-16,Beauty,Shampoo,10.8,1,10.8,0.1,West,Online,UPI,37.0,4.0,2024-09,2024,Monday
ORD103173,2024-09-16,Sports,Tent,129.0,1,129.0,0.0,West,Online,Debit Card,18.0,3.0,2024-09,2024,Monday
ORD102196,2024-09-17,Apparel,T-Shirt,14.25,1,14.25,0.05,Central,Online,Credit Card,54.0,5.0,2024-09,2024,Tuesday
ORD104671,2024-09-17,Beauty,Lipstick,18.0,5,90.0,0.0,Central,Online,Debit Card,38.0,3.0,2024-09,2024,Tuesday
ORD101683,2024-09-17,Apparel,T-Shirt,13.5,1,13.5,0.1,Central,Online,UPI,33.0,5.0,2024-09,2024,Tuesday
ORD104607,2024-09-17,Apparel,Sneakers,65.0,1,65.0,0.0,Central,Online,Credit Card,33.0,5.0,2024-09,2024,Tuesday
ORD102404,2024-09-17,Electronics,Headphones,49.0,2,98.0,0.0,East,Online,Cash,41.0,4.0,2024-09,2024,Tuesday
ORD103838,2024-09-17,Home & Kitchen,Blender,33.15,1,33.15,0.15,West,Online,Credit Card,29.0,4.0,2024-09,2024,Tuesday
ORD103388,2024-09-18,Sports,Tent,129.0,1,129.0,0.0,South,Online,Credit Card,39.0,5.0,2024-09,2024,Wednesday
ORD102227,2024-09-18,Electronics,Smartwatch,169.15,1,169.15,0.15,West,In-Store,Credit Card,41.0,5.0,2024-09,2024,Wednesday
ORD101543,2024-09-18,Beauty,Perfume,65.0,1,65.0,0.0,West,In-Store,Cash,33.0,5.0,2024-09,2024,Wednesday
ORD101532,2024-09-18,Sports,Yoga Mat,23.75,1,23.75,0.05,West,In-Store,Credit Card,43.0,5.0,2024-09,2024,Wednesday
ORD104751,2024-09-18,Beauty,Sunscreen,14.4,1,14.4,0.1,West,Online,Debit Card,40.0,4.0,2024-09,2024,Wednesday
ORD104251,2024-09-18,Sports,Running Shoes,71.1,1,71.1,0.1,South,Online,Credit Card,43.0,4.0,2024-09,2024,Wednesday
ORD101972,2024-09-18,Electronics,Headphones,46.55,1,46.55,0.05,West,Online,Credit Card,38.0,4.0,2024-09,2024,Wednesday
ORD101894,2024-09-19,Beauty,Shampoo,11.4,2,22.8,0.05,East,Online,Wallet,29.0,3.0,2024-09,2024,Thursday
ORD104512,2024-09-19,Electronics,Laptop,949.05,1,949.05,0.05,South,In-Store,UPI,25.0,5.0,2024-09,2024,Thursday
ORD104624,2024-09-19,Apparel,Dress,55.0,1,55.0,0.0,South,Online,Wallet,27.0,4.0,2024-09,2024,Thursday
ORD102070,2024-09-19,Beauty,Shampoo,12.0,2,24.0,0.0,Central,In-Store,UPI,20.0,3.0,2024-09,2024,Thursday
ORD104559,2024-09-19,Home & Kitchen,Coffee Maker,59.0,1,59.0,0.0,East,Online,UPI,40.0,4.0,2024-09,2024,Thursday
ORD101842,2024-09-19,Home & Kitchen,Vacuum,149.0,1,149.0,0.0,Central,Online,Cash,25.0,5.0,2024-09,2024,Thursday
ORD104941,2024-09-20,Beauty,Moisturizer,22.0,1,22.0,0.0,Central,In-Store,Debit Card,35.0,5.0,2024-09,2024,Friday
ORD103591,2024-09-20,Electronics,Headphones,46.55,1,46.55,0.05,Central,In-Store,Credit Card,48.0,3.0,2024-09,2024,Friday
ORD104796,2024-09-20,Beauty,Shampoo,12.0,2,24.0,0.0,East,In-Store,Wallet,18.0,4.0,2024-09,2024,Friday
ORD103094,2024-09-20,Electronics,Tablet,296.65,1,296.65,0.15,North,Online,Credit Card,31.0,1.0,2024-09,2024,Friday
ORD103222,2024-09-20,Apparel,Dress,55.0,1,55.0,0.0,South,Online,Credit Card,25.0,4.0,2024-09,2024,Friday
ORD103873,2024-09-21,Apparel,T-Shirt,14.25,1,14.25,0.05,Central,Online,Wallet,18.0,5.0,2024-09,2024,Saturday
ORD101265,2024-09-21,Apparel,Sneakers,65.0,1,65.0,0.0,West,In-Store,Credit Card,54.0,4.0,2024-09,2024,Saturday
ORD103547,2024-09-21,Home & Kitchen,Vacuum,149.0,2,298.0,0.0,West,In-Store,Cash,26.0,3.0,2024-09,2024,Saturday
ORD101779,2024-09-21,Electronics,Laptop,999.0,1,999.0,0.0,Central,In-Store,Wallet,18.0,4.0,2024-09,2024,Saturday
ORD104804,2024-09-21,Sports,Bicycle,296.65,1,296.65,0.15,East,Online,Credit Card,35.0,5.0,2024-09,2024,Saturday
ORD104540,2024-09-21,Sports,Dumbbells,40.5,1,40.5,0.1,North,In-Store,Credit Card,24.0,5.0,2024-09,2024,Saturday
ORD101458,2024-09-21,Beauty,Shampoo,10.2,1,10.2,0.15,West,In-Store,Wallet,31.0,2.0,2024-09,2024,Saturday
ORD103486,2024-09-22,Electronics,Smartphone,664.05,1,664.05,0.05,East,Online,Debit Card,31.0,4.0,2024-09,2024,Sunday
ORD103177,2024-09-22,Home & Kitchen,Vacuum,149.0,1,149.0,0.0,Central,In-Store,Debit Card,33.0,5.0,2024-09,2024,Sunday
ORD102765,2024-09-22,Beauty,Moisturizer,22.0,1,22.0,0.0,West,Online,Credit Card,39.0,4.0,2024-09,2024,Sunday
ORD104697,2024-09-22,Electronics,Headphones,41.65,1,41.65,0.15,East,Online,Credit Card,29.0,4.0,2024-09,2024,Sunday
ORD103229,2024-09-22,Home & Kitchen,Blender,39.0,1,39.0,0.0,North,Online,Debit Card,18.0,4.0,2024-09,2024,Sunday
ORD100511,2024-09-22,Home & Kitchen,Cookware Set,109.65,3,328.95,0.15,South,Online,Wallet,45.0,2.0,2024-09,2024,Sunday
ORD100687,2024-09-22,Home & Kitchen,Blender,33.15,1,33.15,0.15,Central,In-Store,Debit Card,42.0,3.0,2024-09,2024,Sunday
ORD100918,2024-09-22,Apparel,Sneakers,58.5,3,175.5,0.1,North,Online,Debit Card,61.0,4.0,2024-09,2024,Sunday
ORD104321,2024-09-22,Apparel,Jacket,89.0,1,89.0,0.0,Central,In-Store,Credit Card,29.0,3.0,2024-09,2024,Sunday
ORD101476,2024-09-22,Home & Kitchen,Cookware Set,116.1,1,116.1,0.1,North,In-Store,Wallet,29.0,5.0,2024-09,2024,Sunday
ORD101088,2024-09-23,Apparel,Jacket,89.0,1,89.0,0.0,East,Online,Debit Card,49.0,3.0,2024-09,2024,Monday
ORD100486,2024-09-23,Sports,Running Shoes,75.05,1,75.05,0.05,South,Online,Debit Card,40.0,3.0,2024-09,2024,Monday
ORD102161,2024-09-24,Electronics,Smartwatch,179.1,2,358.2,0.1,East,Online,Cash,42.0,4.0,2024-09,2024,Tuesday
ORD100226,2024-09-24,Home & Kitchen,Blender,39.0,1,39.0,0.0,South,In-Store,Cash,31.0,5.0,2024-09,2024,Tuesday
ORD101338,2024-09-25,Home & Kitchen,Cookware Set,129.0,2,258.0,0.0,South,In-Store,Cash,51.0,3.0,2024-09,2024,Wednesday
ORD101327,2024-09-25,Apparel,Jeans,45.0,1,45.0,0.0,Central,Online,Debit Card,32.0,5.0,2024-09,2024,Wednesday
ORD101941,2024-09-25,Beauty,Sunscreen,15.2,1,15.2,0.05,East,In-Store,UPI,31.0,5.0,2024-09,2024,Wednesday
ORD102515,2024-09-25,Sports,Bicycle,314.1,2,628.2,0.1,West,In-Store,Debit Card,32.0,5.0,2024-09,2024,Wednesday
ORD101217,2024-09-25,Home & Kitchen,Vacuum,149.0,1,149.0,0.0,West,In-Store,Debit Card,24.0,4.0,2024-09,2024,Wednesday
ORD101728,2024-09-25,Electronics,Headphones,46.55,1,46.55,0.05,North,In-Store,Credit Card,28.0,5.0,2024-09,2024,Wednesday
ORD100450,2024-09-26,Apparel,Sneakers,61.75,1,61.75,0.05,North,Online,Credit Card,18.0,4.0,2024-09,2024,Thursday
ORD104488,2024-09-26,Apparel,T-Shirt,15.0,1,15.0,0.0,North,In-Store,Debit Card,37.0,1.0,2024-09,2024,Thursday
ORD101540,2024-09-26,Beauty,Sunscreen,16.0,1,16.0,0.0,North,In-Store,Credit Card,48.0,4.0,2024-09,2024,Thursday
ORD102069,2024-09-26,Apparel,Dress,55.0,1,55.0,0.0,North,In-Store,Cash,20.0,5.0,2024-09,2024,Thursday
ORD103779,2024-09-26,Apparel,Sneakers,65.0,1,65.0,0.0,North,Online,Credit Card,45.0,1.0,2024-09,2024,Thursday
ORD101620,2024-09-26,Electronics,Tablet,349.0,1,349.0,0.0,North,In-Store,Credit Card,28.0,5.0,2024-09,2024,Thursday
ORD103021,2024-09-26,Electronics,Laptop,999.0,1,999.0,0.0,East,In-Store,Credit Card,23.0,3.0,2024-09,2024,Thursday
ORD102652,2024-09-26,Apparel,Jacket,84.55,5,422.75,0.05,Central,Online,Credit Card,51.0,4.0,2024-09,2024,Thursday
ORD104465,2024-09-27,Apparel,Jacket,80.1,1,80.1,0.1,North,In-Store,UPI,49.0,4.0,2024-09,2024,Friday
ORD103757,2024-09-27,Beauty,Shampoo,12.0,1,12.0,0.0,West,Online,UPI,52.0,5.0,2024-09,2024,Friday
ORD104617,2024-09-27,Apparel,Sneakers,58.5,2,117.0,0.1,North,In-Store,Credit Card,68.0,5.0,2024-09,2024,Friday
ORD100000,2024-09-27,Beauty,Sunscreen,16.0,1,16.0,0.0,East,Online,Credit Card,38.0,2.0,2024-09,2024,Friday
ORD103445,2024-09-27,Apparel,Sneakers,58.5,2,117.0,0.1,Central,In-Store,Cash,38.0,4.0,2024-09,2024,Friday
ORD102753,2024-09-27,Sports,Tent,122.55,1,122.55,0.05,West,In-Store,Credit Card,54.0,3.0,2024-09,2024,Friday
ORD102459,2024-09-27,Beauty,Moisturizer,19.8,2,39.6,0.1,East,In-Store,Cash,21.0,4.0,2024-09,2024,Friday
ORD100903,2024-09-28,Home & Kitchen,Coffee Maker,47.2,1,47.2,0.2,North,In-Store,Cash,18.0,3.0,2024-09,2024,Saturday
ORD102385,2024-09-28,Sports,Bicycle,331.55,1,331.55,0.05,Central,Online,Credit Card,40.0,4.0,2024-09,2024,Saturday
ORD104005,2024-09-28,Apparel,Sneakers,61.75,2,123.5,0.05,Central,Online,Credit Card,22.0,4.0,2024-09,2024,Saturday
ORD102580,2024-09-28,Home & Kitchen,Cookware Set,109.65,1,109.65,0.15,West,Online,Wallet,42.0,3.0,2024-09,2024,Saturday
ORD100973,2024-09-28,Sports,Tent,116.1,3,348.3,0.1,East,In-Store,Credit Card,22.0,2.0,2024-09,2024,Saturday
ORD104138,2024-09-28,Beauty,Lipstick,18.0,1,18.0,0.0,South,Online,Credit Card,18.0,5.0,2024-09,2024,Saturday
ORD103432,2024-09-28,Beauty,Shampoo,12.0,1,12.0,0.0,South,Online,UPI,37.0,5.0,2024-09,2024,Saturday
ORD101609,2024-09-28,Apparel,T-Shirt,15.0,1,15.0,0.0,East,In-Store,Credit Card,35.0,2.0,2024-09,2024,Saturday
ORD102190,2024-09-28,Apparel,Jacket,80.1,1,80.1,0.1,Central,Online,UPI,23.0,3.0,2024-09,2024,Saturday
ORD101317,2024-09-28,Beauty,Perfume,61.75,1,61.75,0.05,East,Online,Credit Card,29.0,5.0,2024-09,2024,Saturday
ORD100870,2024-09-29,Home & Kitchen,Vacuum,149.0,1,149.0,0.0,Central,Online,UPI,27.0,4.0,2024-09,2024,Sunday
ORD102127,2024-09-29,Sports,Bicycle,349.0,1,349.0,0.0,North,Online,Credit Card,41.0,4.0,2024-09,2024,Sunday
ORD104504,2024-09-29,Apparel,Jeans,42.75,2,85.5,0.05,West,Online,Debit Card,29.0,3.0,2024-09,2024,Sunday
ORD104789,2024-09-29,Electronics,Smartwatch,199.0,2,398.0,0.0,West,Online,Credit Card,20.0,4.0,2024-09,2024,Sunday
ORD102081,2024-09-29,Sports,Tent,129.0,1,129.0,0.0,Central,Online,UPI,48.0,4.0,2024-09,2024,Sunday
ORD100462,2024-09-29,Home & Kitchen,Air Fryer,89.0,2,178.0,0.0,East,In-Store,Credit Card,39.0,4.0,2024-09,2024,Sunday
ORD102299,2024-09-29,Apparel,Dress,44.0,2,88.0,0.2,West,In-Store,Debit Card,40.0,3.0,2024-09,2024,Sunday
ORD101353,2024-09-30,Sports,Tent,129.0,4,516.0,0.0,South,Online,Cash,25.0,5.0,2024-09,2024,Monday
ORD101977,2024-09-30,Sports,Dumbbells,42.75,1,42.75,0.05,West,Online,Debit Card,22.0,4.0,2024-09,2024,Monday
ORD100875,2024-09-30,Electronics,Tablet,331.55,1,331.55,0.05,Central,Online,Wallet,41.0,4.0,2024-09,2024,Monday
ORD100473,2024-09-30,Home & Kitchen,Vacuum,149.0,3,447.0,0.0,South,Online,Cash,53.0,3.0,2024-09,2024,Monday
ORD102253,2024-09-30,Electronics,Smartphone,699.0,1,699.0,0.0,West,Online,Debit Card,50.0,5.0,2024-09,2024,Monday
ORD100061,2024-09-30,Apparel,Sneakers,65.0,1,65.0,0.0,Central,Online,Debit Card,22.0,5.0,2024-09,2024,Monday
ORD101647,2024-09-30,Sports,Bicycle,349.0,3,1047.0,0.0,North,Online,Cash,33.0,3.0,2024-09,2024,Monday
ORD101944,2024-10-01,Home & Kitchen,Vacuum,134.1,1,134.1,0.1,East,Online,Debit Card,32.0,5.0,2024-10,2024,Tuesday
ORD102384,2024-10-01,Home & Kitchen,Blender,35.1,1,35.1,0.1,Central,In-Store,Credit Card,44.0,5.0,2024-10,2024,Tuesday
ORD102185,2024-10-01,Sports,Yoga Mat,25.0,1,25.0,0.0,North,In-Store,UPI,52.0,3.0,2024-10,2024,Tuesday
ORD102091,2024-10-01,Sports,Dumbbells,45.0,2,90.0,0.0,Central,Online,Credit Card,18.0,5.0,2024-10,2024,Tuesday
ORD103699,2024-10-01,Apparel,Sneakers,55.25,1,55.25,0.15,South,In-Store,Debit Card,26.0,4.0,2024-10,2024,Tuesday
ORD104226,2024-10-02,Apparel,Dress,52.25,1,52.25,0.05,East,Online,UPI,29.0,5.0,2024-10,2024,Wednesday
ORD100975,2024-10-02,Electronics,Smartphone,699.0,2,1398.0,0.0,West,Online,Debit Card,23.0,5.0,2024-10,2024,Wednesday
ORD103085,2024-10-02,Beauty,Lipstick,15.3,4,61.2,0.15,North,Online,Credit Card,50.0,4.0,2024-10,2024,Wednesday
ORD101355,2024-10-02,Apparel,T-Shirt,15.0,2,30.0,0.0,North,Online,UPI,18.0,5.0,2024-10,2024,Wednesday
ORD103767,2024-10-02,Electronics,Headphones,49.0,1,49.0,0.0,North,In-Store,Debit Card,20.0,5.0,2024-10,2024,Wednesday
ORD102473,2024-10-02,Sports,Bicycle,314.1,1,314.1,0.1,East,Online,Cash,46.0,4.0,2024-10,2024,Wednesday
ORD100328,2024-10-02,Sports,Running Shoes,79.0,2,158.0,0.0,Central,In-Store,Wallet,21.0,1.0,2024-10,2024,Wednesday
ORD104437,2024-10-03,Apparel,Dress,46.75,1,46.75,0.15,South,In-Store,Wallet,18.0,5.0,2024-10,2024,Thursday
ORD100880,2024-10-03,Beauty,Shampoo,10.8,1,10.8,0.1,North,Online,Wallet,35.0,5.0,2024-10,2024,Thursday
ORD101200,2024-10-03,Sports,Running Shoes,63.2,1,63.2,0.2,North,In-Store,Credit Card,36.0,5.0,2024-10,2024,Thursday
ORD104444,2024-10-03,Sports,Yoga Mat,23.75,1,23.75,0.05,West,Online,UPI,35.0,5.0,2024-10,2024,Thursday
ORD102063,2024-10-03,Apparel,Dress,55.0,1,55.0,0.0,South,Online,Credit Card,72.0,5.0,2024-10,2024,Thursday
ORD100037,2024-10-03,Beauty,Moisturizer,22.0,1,22.0,0.0,East,In-Store,Debit Card,49.0,4.0,2024-10,2024,Thursday
ORD101448,2024-10-03,Sports,Bicycle,296.65,1,296.65,0.15,West,Online,Credit Card,68.0,4.0,2024-10,2024,Thursday
ORD100513,2024-10-03,Apparel,Jeans,45.0,1,45.0,0.0,Central,Online,Credit Card,18.0,2.0,2024-10,2024,Thursday
ORD103511,2024-10-04,Electronics,Tablet,349.0,3,1047.0,0.0,South,In-Store,Cash,26.0,4.0,2024-10,2024,Friday
ORD100517,2024-10-05,Apparel,Jacket,89.0,1,89.0,0.0,West,Online,UPI,26.0,4.0,2024-10,2024,Saturday
ORD104044,2024-10-05,Apparel,T-Shirt,14.25,1,14.25,0.05,South,Online,UPI,75.0,5.0,2024-10,2024,Saturday
ORD104659,2024-10-05,Beauty,Perfume,65.0,1,65.0,0.0,North,Online,UPI,27.0,4.0,2024-10,2024,Saturday
ORD101599,2024-10-05,Apparel,Sneakers,61.75,4,247.0,0.05,North,Online,Debit Card,25.0,4.0,2024-10,2024,Saturday
ORD103332,2024-10-05,Apparel,Jacket,80.1,1,80.1,0.1,East,Online,Cash,60.0,4.0,2024-10,2024,Saturday
ORD104554,2024-10-05,Electronics,Smartphone,699.0,2,1398.0,0.0,South,Online,Credit Card,37.0,4.0,2024-10,2024,Saturday
ORD100935,2024-10-06,Home & Kitchen,Vacuum,149.0,3,447.0,0.0,South,In-Store,Credit Card,71.0,4.0,2024-10,2024,Sunday
ORD102200,2024-10-06,Electronics,Smartphone,629.1,2,1258.2,0.1,Central,In-Store,UPI,35.0,4.0,2024-10,2024,Sunday
ORD103878,2024-10-06,Apparel,T-Shirt,14.25,1,14.25,0.05,Central,In-Store,Credit Card,28.0,3.0,2024-10,2024,Sunday
ORD102119,2024-10-06,Sports,Running Shoes,75.05,3,225.15,0.05,South,Online,Credit Card,44.0,4.0,2024-10,2024,Sunday
ORD102276,2024-10-06,Beauty,Lipstick,18.0,1,18.0,0.0,North,Online,Cash,30.0,5.0,2024-10,2024,Sunday
ORD102822,2024-10-06,Apparel,Dress,49.5,1,49.5,0.1,West,Online,Debit Card,23.0,4.0,2024-10,2024,Sunday
ORD104908,2024-10-06,Electronics,Smartwatch,189.05,1,189.05,0.05,North,In-Store,Credit Card,57.0,3.0,2024-10,2024,Sunday
ORD103481,2024-10-06,Home & Kitchen,Vacuum,141.55,1,141.55,0.05,West,Online,UPI,28.0,5.0,2024-10,2024,Sunday
ORD101528,2024-10-06,Electronics,Smartphone,699.0,1,699.0,0.0,East,In-Store,UPI,23.0,5.0,2024-10,2024,Sunday
ORD100501,2024-10-07,Beauty,Shampoo,12.0,1,12.0,0.0,North,In-Store,Credit Card,27.0,5.0,2024-10,2024,Monday
ORD101118,2024-10-07,Beauty,Shampoo,10.8,1,10.8,0.1,North,Online,UPI,36.0,5.0,2024-10,2024,Monday
ORD101471,2024-10-07,Apparel,Jeans,45.0,5,225.0,0.0,West,In-Store,Credit Card,32.0,5.0,2024-10,2024,Monday
ORD101827,2024-10-07,Apparel,Dress,52.25,3,156.75,0.05,North,In-Store,Credit Card,37.0,3.0,2024-10,2024,Monday
ORD101539,2024-10-08,Home & Kitchen,Cookware Set,129.0,1,129.0,0.0,North,In-Store,Debit Card,59.0,4.0,2024-10,2024,Tuesday
ORD101443,2024-10-08,Electronics,Tablet,349.0,3,1047.0,0.0,East,In-Store,Debit Card,31.0,1.0,2024-10,2024,Tuesday
ORD104346,2024-10-08,Sports,Bicycle,349.0,1,349.0,0.0,Central,Online,Wallet,28.0,3.0,2024-10,2024,Tuesday
ORD104236,2024-10-08,Electronics,Smartwatch,179.1,1,179.1,0.1,Central,Online,Debit Card,34.0,4.0,2024-10,2024,Tuesday
ORD101469,2024-10-08,Beauty,Shampoo,12.0,1,12.0,0.0,South,In-Store,Credit Card,27.0,4.0,2024-10,2024,Tuesday
ORD103784,2024-10-08,Beauty,Shampoo,10.8,1,10.8,0.1,East,In-Store,Wallet,34.0,5.0,2024-10,2024,Tuesday
ORD103892,2024-10-08,Sports,Dumbbells,38.25,3,114.75,0.15,South,In-Store,Wallet,24.0,3.0,2024-10,2024,Tuesday
ORD100361,2024-10-09,Apparel,Jeans,40.5,1,40.5,0.1,North,In-Store,Debit Card,27.0,4.0,2024-10,2024,Wednesday
ORD100383,2024-10-09,Home & Kitchen,Air Fryer,89.0,3,267.0,0.0,West,Online,Cash,27.0,5.0,2024-10,2024,Wednesday
ORD101877,2024-10-09,Home & Kitchen,Cookware Set,129.0,1,129.0,0.0,Central,Online,Credit Card,40.0,4.0,2024-10,2024,Wednesday
ORD104603,2024-10-09,Electronics,Tablet,349.0,1,349.0,0.0,West,In-Store,Debit Card,30.0,5.0,2024-10,2024,Wednesday
ORD104768,2024-10-09,Electronics,Headphones,44.1,1,44.1,0.1,Central,In-Store,Debit Card,18.0,5.0,2024-10,2024,Wednesday
ORD101095,2024-10-09,Sports,Dumbbells,40.5,2,81.0,0.1,West,Online,Debit Card,37.0,5.0,2024-10,2024,Wednesday
ORD104682,2024-10-09,Electronics,Smartphone,594.15,1,594.15,0.15,South,Online,Credit Card,21.0,4.0,2024-10,2024,Wednesday
ORD100684,2024-10-09,Apparel,Jeans,42.75,1,42.75,0.05,West,In-Store,Credit Card,31.0,4.0,2024-10,2024,Wednesday
ORD103329,2024-10-10,Electronics,Headphones,49.0,1,49.0,0.0,East,In-Store,UPI,28.0,3.0,2024-10,2024,Thursday
ORD103980,2024-10-10,Beauty,Sunscreen,13.6,2,27.2,0.15,Central,In-Store,Credit Card,27.0,3.0,2024-10,2024,Thursday
ORD100470,2024-10-10,Electronics,Laptop,999.0,1,999.0,0.0,South,Online,Credit Card,30.0,5.0,2024-10,2024,Thursday
ORD100386,2024-10-11,Apparel,Sneakers,58.5,1,58.5,0.1,South,Online,UPI,52.0,3.0,2024-10,2024,Friday
ORD100667,2024-10-11,Sports,Yoga Mat,22.5,2,45.0,0.1,North,In-Store,Cash,29.0,1.0,2024-10,2024,Friday
ORD101658,2024-10-11,Home & Kitchen,Blender,39.0,1,39.0,0.0,North,Online,Credit Card,22.0,5.0,2024-10,2024,Friday
ORD100904,2024-10-11,Electronics,Laptop,999.0,1,999.0,0.0,West,In-Store,Credit Card,57.0,4.0,2024-10,2024,Friday
ORD103628,2024-10-11,Electronics,Headphones,49.0,2,98.0,0.0,South,Online,Cash,33.0,5.0,2024-10,2024,Friday
ORD104010,2024-10-11,Electronics,Smartphone,594.15,1,594.15,0.15,North,In-Store,Debit Card,58.0,3.0,2024-10,2024,Friday
ORD103155,2024-10-12,Electronics,Tablet,349.0,2,698.0,0.0,North,Online,Credit Card,18.0,3.0,2024-10,2024,Saturday
ORD104047,2024-10-12,Sports,Running Shoes,79.0,2,158.0,0.0,East,Online,Credit Card,20.0,4.0,2024-10,2024,Saturday
ORD104594,2024-10-12,Home & Kitchen,Vacuum,141.55,2,283.1,0.05,East,Online,Debit Card,24.0,4.0,2024-10,2024,Saturday
ORD100843,2024-10-12,Electronics,Tablet,314.1,1,314.1,0.1,North,Online,Debit Card,38.0,4.0,2024-10,2024,Saturday
ORD100156,2024-10-13,Sports,Tent,129.0,1,129.0,0.0,North,In-Store,Credit Card,18.0,3.0,2024-10,2024,Sunday
ORD102913,2024-10-13,Sports,Yoga Mat,25.0,1,25.0,0.0,Central,Online,Credit Card,49.0,5.0,2024-10,2024,Sunday
ORD103260,2024-10-13,Sports,Tent,122.55,2,245.1,0.05,East,In-Store,Debit Card,26.0,5.0,2024-10,2024,Sunday
ORD104772,2024-10-13,Apparel,Dress,55.0,1,55.0,0.0,Central,Online,Cash,32.0,5.0,2024-10,2024,Sunday
ORD103740,2024-10-13,Apparel,T-Shirt,12.0,2,24.0,0.2,West,Online,UPI,38.0,5.0,2024-10,2024,Sunday
ORD104276,2024-10-14,Beauty,Moisturizer,22.0,1,22.0,0.0,North,In-Store,UPI,39.0,4.0,2024-10,2024,Monday
ORD103802,2024-10-14,Apparel,T-Shirt,15.0,2,30.0,0.0,Central,Online,Wallet,38.0,3.0,2024-10,2024,Monday
ORD101157,2024-10-14,Home & Kitchen,Cookware Set,129.0,2,258.0,0.0,West,In-Store,Credit Card,50.0,4.0,2024-10,2024,Monday
ORD102352,2024-10-14,Apparel,T-Shirt,12.75,1,12.75,0.15,Central,Online,Wallet,20.0,3.0,2024-10,2024,Monday
ORD103566,2024-10-14,Electronics,Smartwatch,199.0,1,199.0,0.0,North,Online,Credit Card,30.0,5.0,2024-10,2024,Monday
ORD102444,2024-10-14,Electronics,Headphones,44.1,2,88.2,0.1,North,In-Store,UPI,28.0,5.0,2024-10,2024,Monday
ORD100064,2024-10-15,Sports,Yoga Mat,25.0,1,25.0,0.0,West,In-Store,Credit Card,43.0,1.0,2024-10,2024,Tuesday
ORD100619,2024-10-15,Beauty,Perfume,65.0,1,65.0,0.0,East,Online,Debit Card,48.0,5.0,2024-10,2024,Tuesday
ORD100533,2024-10-15,Electronics,Smartwatch,179.1,1,179.1,0.1,South,In-Store,Credit Card,33.0,4.0,2024-10,2024,Tuesday
ORD104190,2024-10-15,Home & Kitchen,Air Fryer,89.0,1,89.0,0.0,North,Online,Debit Card,31.0,4.0,2024-10,2024,Tuesday
ORD103482,2024-10-15,Sports,Bicycle,314.1,3,942.3,0.1,East,Online,UPI,47.0,4.0,2024-10,2024,Tuesday
ORD100207,2024-10-15,Apparel,Jacket,80.1,1,80.1,0.1,East,In-Store,Credit Card,41.0,3.0,2024-10,2024,Tuesday
ORD104762,2024-10-15,Beauty,Perfume,65.0,1,65.0,0.0,East,Online,UPI,18.0,5.0,2024-10,2024,Tuesday
ORD102959,2024-10-15,Home & Kitchen,Coffee Maker,59.0,1,59.0,0.0,Central,In-Store,UPI,26.0,3.0,2024-10,2024,Tuesday
ORD104616,2024-10-15,Electronics,Smartphone,699.0,4,2796.0,0.0,West,In-Store,Credit Card,29.0,5.0,2024-10,2024,Tuesday
ORD104092,2024-10-15,Home & Kitchen,Cookware Set,129.0,1,129.0,0.0,Central,Online,Cash,47.0,5.0,2024-10,2024,Tuesday
ORD102547,2024-10-16,Home & Kitchen,Cookware Set,129.0,2,258.0,0.0,West,Online,Cash,43.0,5.0,2024-10,2024,Wednesday
ORD100279,2024-10-16,Beauty,Perfume,61.75,1,61.75,0.05,Central,Online,Credit Card,42.0,5.0,2024-10,2024,Wednesday
ORD102260,2024-10-16,Home & Kitchen,Cookware Set,122.55,2,245.1,0.05,Central,Online,Wallet,33.0,5.0,2024-10,2024,Wednesday
ORD101849,2024-10-16,Apparel,T-Shirt,15.0,1,15.0,0.0,South,In-Store,Credit Card,34.0,5.0,2024-10,2024,Wednesday
ORD103532,2024-10-16,Sports,Dumbbells,45.0,1,45.0,0.0,South,In-Store,Credit Card,51.0,1.0,2024-10,2024,Wednesday
ORD101699,2024-10-16,Home & Kitchen,Cookware Set,129.0,1,129.0,0.0,North,In-Store,Wallet,21.0,5.0,2024-10,2024,Wednesday
ORD102984,2024-10-16,Beauty,Lipstick,17.1,2,34.2,0.05,South,In-Store,Credit Card,34.0,3.0,2024-10,2024,Wednesday
ORD104884,2024-10-16,Sports,Running Shoes,63.2,1,63.2,0.2,North,Online,Credit Card,21.0,4.0,2024-10,2024,Wednesday
ORD103400,2024-10-17,Apparel,T-Shirt,14.25,4,57.0,0.05,North,Online,Debit Card,46.0,4.0,2024-10,2024,Thursday
ORD104798,2024-10-17,Beauty,Lipstick,18.0,1,18.0,0.0,South,Online,UPI,18.0,5.0,2024-10,2024,Thursday
ORD104059,2024-10-17,Electronics,Headphones,41.65,2,83.3,0.15,East,Online,Debit Card,41.0,4.0,2024-10,2024,Thursday
ORD102597,2024-10-17,Apparel,T-Shirt,15.0,1,15.0,0.0,West,Online,Debit Card,21.0,4.0,2024-10,2024,Thursday
ORD103227,2024-10-18,Beauty,Lipstick,18.0,2,36.0,0.0,Central,Online,Debit Card,20.0,4.0,2024-10,2024,Friday
ORD104560,2024-10-18,Electronics,Laptop,899.1,4,3596.4,0.1,North,Online,Wallet,18.0,5.0,2024-10,2024,Friday
ORD103546,2024-10-18,Apparel,Sneakers,65.0,1,65.0,0.0,West,Online,Credit Card,54.0,4.0,2024-10,2024,Friday
ORD104179,2024-10-18,Beauty,Sunscreen,16.0,1,16.0,0.0,East,In-Store,Cash,18.0,4.0,2024-10,2024,Friday
ORD100413,2024-10-18,Sports,Running Shoes,79.0,1,79.0,0.0,North,Online,Credit Card,29.0,3.0,2024-10,2024,Friday
ORD104422,2024-10-18,Home & Kitchen,Vacuum,149.0,1,149.0,0.0,Central,In-Store,Wallet,63.0,4.0,2024-10,2024,Friday
ORD100243,2024-10-18,Apparel,T-Shirt,14.25,1,14.25,0.05,Central,In-Store,UPI,40.0,5.0,2024-10,2024,Friday
ORD102616,2024-10-18,Beauty,Shampoo,10.8,5,54.0,0.1,South,In-Store,Credit Card,56.0,5.0,2024-10,2024,Friday
ORD102521,2024-10-18,Apparel,Jacket,80.1,2,160.2,0.1,East,Online,Credit Card,42.0,5.0,2024-10,2024,Friday
ORD101211,2024-10-18,Home & Kitchen,Air Fryer,80.1,1,80.1,0.1,South,Online,Credit Card,25.0,5.0,2024-10,2024,Friday
ORD104253,2024-10-19,Beauty,Sunscreen,13.6,2,27.2,0.15,West,Online,Credit Card,34.0,4.0,2024-10,2024,Saturday
ORD101422,2024-10-19,Beauty,Sunscreen,15.2,2,30.4,0.05,West,Online,Debit Card,33.0,4.0,2024-10,2024,Saturday
ORD104448,2024-10-19,Beauty,Lipstick,18.0,4,72.0,0.0,South,In-Store,Debit Card,43.0,5.0,2024-10,2024,Saturday
ORD100385,2024-10-19,Beauty,Sunscreen,16.0,2,32.0,0.0,West,Online,Debit Card,24.0,5.0,2024-10,2024,Saturday
ORD104477,2024-10-19,Beauty,Lipstick,15.3,1,15.3,0.15,North,Online,Debit Card,47.0,3.0,2024-10,2024,Saturday
ORD104406,2024-10-19,Electronics,Smartwatch,199.0,2,398.0,0.0,East,Online,Credit Card,39.0,5.0,2024-10,2024,Saturday
ORD100660,2024-10-19,Electronics,Smartphone,664.05,3,1992.15,0.05,East,In-Store,Debit Card,39.0,5.0,2024-10,2024,Saturday
ORD104185,2024-10-19,Electronics,Tablet,349.0,2,698.0,0.0,Central,In-Store,Credit Card,44.0,3.0,2024-10,2024,Saturday
ORD101778,2024-10-20,Beauty,Perfume,65.0,5,325.0,0.0,East,In-Store,Credit Card,44.0,5.0,2024-10,2024,Sunday
ORD103125,2024-10-20,Sports,Running Shoes,67.15,1,67.15,0.15,South,Online,UPI,51.0,1.0,2024-10,2024,Sunday
ORD103115,2024-10-20,Apparel,T-Shirt,15.0,1,15.0,0.0,West,Online,Credit Card,19.0,4.0,2024-10,2024,Sunday
ORD102003,2024-10-20,Electronics,Smartphone,699.0,1,699.0,0.0,East,Online,Debit Card,18.0,5.0,2024-10,2024,Sunday
ORD102603,2024-10-20,Sports,Running Shoes,63.2,5,316.0,0.2,East,Online,UPI,18.0,2.0,2024-10,2024,Sunday
ORD104648,2024-10-20,Sports,Yoga Mat,25.0,1,25.0,0.0,Central,Online,Debit Card,20.0,5.0,2024-10,2024,Sunday
ORD102073,2024-10-21,Beauty,Shampoo,10.8,1,10.8,0.1,East,Online,Debit Card,44.0,5.0,2024-10,2024,Monday
ORD102985,2024-10-21,Beauty,Perfume,65.0,3,195.0,0.0,East,Online,UPI,29.0,3.0,2024-10,2024,Monday
ORD101600,2024-10-21,Electronics,Smartphone,699.0,2,1398.0,0.0,West,Online,Credit Card,35.0,5.0,2024-10,2024,Monday
ORD102011,2024-10-21,Apparel,Jeans,45.0,2,90.0,0.0,South,Online,Credit Card,32.0,5.0,2024-10,2024,Monday
ORD102940,2024-10-22,Electronics,Smartphone,559.2,1,559.2,0.2,West,Online,Cash,18.0,4.0,2024-10,2024,Tuesday
ORD103575,2024-10-22,Beauty,Perfume,55.25,2,110.5,0.15,North,In-Store,Credit Card,46.0,4.0,2024-10,2024,Tuesday
ORD102567,2024-10-22,Sports,Dumbbells,45.0,1,45.0,0.0,West,In-Store,Credit Card,21.0,4.0,2024-10,2024,Tuesday
ORD103363,2024-10-22,Beauty,Moisturizer,22.0,2,44.0,0.0,Central,Online,Credit Card,28.0,4.0,2024-10,2024,Tuesday
ORD100527,2024-10-22,Beauty,Moisturizer,19.8,1,19.8,0.1,North,Online,Credit Card,28.0,5.0,2024-10,2024,Tuesday
ORD101335,2024-10-22,Home & Kitchen,Vacuum,134.1,1,134.1,0.1,North,In-Store,UPI,33.0,5.0,2024-10,2024,Tuesday
ORD103965,2024-10-22,Sports,Tent,122.55,1,122.55,0.05,East,Online,Credit Card,26.0,5.0,2024-10,2024,Tuesday
ORD100955,2024-10-22,Sports,Tent,129.0,1,129.0,0.0,East,Online,Credit Card,49.0,4.0,2024-10,2024,Tuesday
ORD104357,2024-10-22,Apparel,Dress,55.0,1,55.0,0.0,South,Online,Debit Card,38.0,4.0,2024-10,2024,Tuesday
ORD102036,2024-10-22,Beauty,Lipstick,17.1,2,34.2,0.05,Central,In-Store,Cash,38.0,5.0,2024-10,2024,Tuesday
ORD104290,2024-10-22,Beauty,Moisturizer,18.7,1,18.7,0.15,North,Online,UPI,26.0,4.0,2024-10,2024,Tuesday
ORD103194,2024-10-23,Sports,Yoga Mat,22.5,1,22.5,0.1,North,Online,Credit Card,56.0,3.0,2024-10,2024,Wednesday
ORD102343,2024-10-23,Sports,Tent,129.0,1,129.0,0.0,East,Online,UPI,47.0,3.0,2024-10,2024,Wednesday
ORD102489,2024-10-23,Beauty,Moisturizer,19.8,2,39.6,0.1,Central,In-Store,Debit Card,33.0,5.0,2024-10,2024,Wednesday
ORD100574,2024-10-23,Beauty,Sunscreen,16.0,1,16.0,0.0,East,Online,Wallet,39.0,5.0,2024-10,2024,Wednesday
ORD104883,2024-10-23,Beauty,Lipstick,16.2,3,48.6,0.1,West,Online,UPI,43.0,5.0,2024-10,2024,Wednesday
ORD101056,2024-10-23,Beauty,Sunscreen,16.0,2,32.0,0.0,East,Online,Debit Card,26.0,4.0,2024-10,2024,Wednesday
ORD104329,2024-10-24,Beauty,Lipstick,18.0,3,54.0,0.0,West,Online,Debit Card,20.0,4.0,2024-10,2024,Thursday
ORD100793,2024-10-24,Beauty,Sunscreen,13.6,1,13.6,0.15,Central,In-Store,Credit Card,30.0,4.0,2024-10,2024,Thursday
ORD101702,2024-10-24,Home & Kitchen,Vacuum,149.0,1,149.0,0.0,South,In-Store,Debit Card,56.0,5.0,2024-10,2024,Thursday
ORD103836,2024-10-24,Home & Kitchen,Cookware Set,129.0,1,129.0,0.0,Central,In-Store,Credit Card,38.0,5.0,2024-10,2024,Thursday
ORD104187,2024-10-25,Apparel,Jacket,89.0,1,89.0,0.0,West,Online,Debit Card,57.0,3.0,2024-10,2024,Friday
ORD100575,2024-10-25,Beauty,Shampoo,10.8,1,10.8,0.1,South,In-Store,Cash,38.0,3.0,2024-10,2024,Friday
ORD103349,2024-10-25,Apparel,Dress,52.25,3,156.75,0.05,West,Online,Debit Card,62.0,5.0,2024-10,2024,Friday
ORD101991,2024-10-25,Electronics,Laptop,999.0,2,1998.0,0.0,North,In-Store,Cash,24.0,3.0,2024-10,2024,Friday
ORD104311,2024-10-26,Electronics,Smartwatch,179.1,1,179.1,0.1,East,Online,Debit Card,27.0,5.0,2024-10,2024,Saturday
ORD103735,2024-10-26,Beauty,Shampoo,12.0,1,12.0,0.0,West,In-Store,Debit Card,49.0,4.0,2024-10,2024,Saturday
ORD103441,2024-10-26,Electronics,Headphones,49.0,1,49.0,0.0,North,Online,Cash,36.0,5.0,2024-10,2024,Saturday
ORD101044,2024-10-26,Beauty,Sunscreen,16.0,1,16.0,0.0,Central,In-Store,UPI,28.0,3.0,2024-10,2024,Saturday
ORD104871,2024-10-27,Sports,Running Shoes,75.05,1,75.05,0.05,North,Online,Credit Card,52.0,5.0,2024-10,2024,Sunday
ORD101364,2024-10-27,Electronics,Tablet,331.55,1,331.55,0.05,Central,Online,Debit Card,22.0,5.0,2024-10,2024,Sunday
ORD100122,2024-10-27,Home & Kitchen,Coffee Maker,50.15,2,100.3,0.15,East,Online,Credit Card,33.0,5.0,2024-10,2024,Sunday
ORD103413,2024-10-27,Electronics,Laptop,999.0,1,999.0,0.0,East,Online,Debit Card,31.0,5.0,2024-10,2024,Sunday
ORD100024,2024-10-28,Sports,Yoga Mat,23.75,5,118.75,0.05,West,Online,Debit Card,28.0,3.0,2024-10,2024,Monday
ORD104589,2024-10-28,Sports,Dumbbells,45.0,1,45.0,0.0,West,In-Store,Debit Card,54.0,5.0,2024-10,2024,Monday
ORD101593,2024-10-28,Beauty,Moisturizer,22.0,1,22.0,0.0,North,In-Store,Cash,33.0,4.0,2024-10,2024,Monday
ORD103059,2024-10-28,Home & Kitchen,Cookware Set,116.1,1,116.1,0.1,West,Online,Credit Card,50.0,5.0,2024-10,2024,Monday
ORD101884,2024-10-28,Sports,Tent,129.0,1,129.0,0.0,West,Online,Credit Card,40.0,4.0,2024-10,2024,Monday
ORD100267,2024-10-28,Home & Kitchen,Air Fryer,89.0,1,89.0,0.0,Central,Online,Cash,36.0,5.0,2024-10,2024,Monday
ORD100209,2024-10-28,Sports,Tent,109.65,2,219.3,0.15,North,In-Store,UPI,25.0,4.0,2024-10,2024,Monday
ORD102440,2024-10-28,Apparel,Sneakers,55.25,2,110.5,0.15,Central,Online,Debit Card,19.0,2.0,2024-10,2024,Monday
ORD100133,2024-10-29,Beauty,Sunscreen,16.0,1,16.0,0.0,South,Online,UPI,32.0,3.0,2024-10,2024,Tuesday
ORD100393,2024-10-29,Electronics,Smartphone,664.05,1,664.05,0.05,North,In-Store,Credit Card,33.0,5.0,2024-10,2024,Tuesday
ORD102703,2024-10-29,Home & Kitchen,Cookware Set,103.2,1,103.2,0.2,South,In-Store,UPI,35.0,5.0,2024-10,2024,Tuesday
ORD101964,2024-10-29,Sports,Bicycle,349.0,2,698.0,0.0,South,Online,Credit Card,18.0,5.0,2024-10,2024,Tuesday
ORD104833,2024-10-29,Beauty,Moisturizer,22.0,2,44.0,0.0,West,In-Store,UPI,21.0,3.0,2024-10,2024,Tuesday
ORD101723,2024-10-29,Sports,Running Shoes,63.2,2,126.4,0.2,North,Online,Credit Card,38.0,4.0,2024-10,2024,Tuesday
ORD103354,2024-10-29,Beauty,Sunscreen,16.0,1,16.0,0.0,North,Online,Cash,32.0,3.0,2024-10,2024,Tuesday
ORD102746,2024-10-29,Sports,Dumbbells,45.0,1,45.0,0.0,North,Online,Debit Card,23.0,5.0,2024-10,2024,Tuesday
ORD104124,2024-10-29,Apparel,T-Shirt,15.0,2,30.0,0.0,East,Online,Debit Card,24.0,3.0,2024-10,2024,Tuesday
ORD103074,2024-10-30,Apparel,T-Shirt,12.75,1,12.75,0.15,North,Online,Debit Card,25.0,3.0,2024-10,2024,Wednesday
ORD101472,2024-10-30,Home & Kitchen,Coffee Maker,56.05,1,56.05,0.05,North,Online,UPI,30.0,5.0,2024-10,2024,Wednesday
ORD103667,2024-10-30,Home & Kitchen,Blender,33.15,1,33.15,0.15,North,Online,Credit Card,31.0,4.0,2024-10,2024,Wednesday
ORD102417,2024-10-30,Beauty,Shampoo,9.6,1,9.6,0.2,East,Online,Debit Card,48.0,4.0,2024-10,2024,Wednesday
ORD101830,2024-10-30,Home & Kitchen,Blender,39.0,1,39.0,0.0,East,Online,Debit Card,27.0,5.0,2024-10,2024,Wednesday
ORD103655,2024-10-30,Beauty,Perfume,61.75,1,61.75,0.05,East,Online,UPI,46.0,4.0,2024-10,2024,Wednesday
ORD103013,2024-10-30,Apparel,Jacket,75.65,1,75.65,0.15,East,Online,Credit Card,29.0,5.0,2024-10,2024,Wednesday
ORD102681,2024-10-31,Apparel,Sneakers,65.0,3,195.0,0.0,Central,Online,Credit Card,49.0,3.0,2024-10,2024,Thursday
ORD103533,2024-10-31,Sports,Tent,129.0,1,129.0,0.0,East,In-Store,Debit Card,18.0,4.0,2024-10,2024,Thursday
ORD101495,2024-11-01,Apparel,T-Shirt,15.0,1,15.0,0.0,West,Online,Cash,30.0,4.0,2024-11,2024,Friday
ORD101644,2024-11-01,Beauty,Sunscreen,12.8,1,12.8,0.2,East,Online,UPI,18.0,3.0,2024-11,2024,Friday
ORD104174,2024-11-01,Home & Kitchen,Blender,39.0,1,39.0,0.0,East,In-Store,Cash,33.0,5.0,2024-11,2024,Friday
ORD100054,2024-11-01,Beauty,Shampoo,11.4,1,11.4,0.05,South,Online,Debit Card,28.0,5.0,2024-11,2024,Friday
ORD104146,2024-11-01,Beauty,Lipstick,16.2,1,16.2,0.1,Central,In-Store,Debit Card,51.0,3.0,2024-11,2024,Friday
ORD100424,2024-11-01,Electronics,Headphones,49.0,1,49.0,0.0,North,Online,UPI,45.0,3.0,2024-11,2024,Friday
ORD101616,2024-11-02,Home & Kitchen,Air Fryer,80.1,1,80.1,0.1,South,In-Store,UPI,46.0,4.0,2024-11,2024,Saturday
ORD100998,2024-11-02,Electronics,Smartphone,594.15,1,594.15,0.15,North,In-Store,Credit Card,41.0,4.0,2024-11,2024,Saturday
ORD102230,2024-11-02,Electronics,Headphones,49.0,1,49.0,0.0,West,Online,Cash,24.0,5.0,2024-11,2024,Saturday
ORD104615,2024-11-02,Apparel,Jeans,45.0,3,135.0,0.0,West,Online,Credit Card,60.0,4.0,2024-11,2024,Saturday
ORD103817,2024-11-02,Home & Kitchen,Vacuum,119.2,4,476.8,0.2,Central,In-Store,Debit Card,35.0,5.0,2024-11,2024,Saturday
ORD103846,2024-11-02,Apparel,T-Shirt,13.5,2,27.0,0.1,Central,Online,Credit Card,42.0,3.0,2024-11,2024,Saturday
ORD101047,2024-11-03,Apparel,Jeans,45.0,1,45.0,0.0,Central,In-Store,Debit Card,27.0,5.0,2024-11,2024,Sunday
ORD101296,2024-11-03,Apparel,Dress,55.0,2,110.0,0.0,South,In-Store,Credit Card,25.0,4.0,2024-11,2024,Sunday
ORD100169,2024-11-03,Apparel,Dress,55.0,1,55.0,0.0,West,In-Store,Cash,28.0,5.0,2024-11,2024,Sunday
ORD100753,2024-11-03,Apparel,Jacket,89.0,3,267.0,0.0,West,Online,Credit Card,37.0,5.0,2024-11,2024,Sunday
ORD104500,2024-11-03,Beauty,Sunscreen,16.0,1,16.0,0.0,South,Online,Debit Card,41.0,5.0,2024-11,2024,Sunday
ORD101194,2024-11-04,Electronics,Smartwatch,189.05,2,378.1,0.05,Central,Online,Credit Card,23.0,5.0,2024-11,2024,Monday
ORD100078,2024-11-04,Sports,Yoga Mat,22.5,1,22.5,0.1,West,Online,Wallet,18.0,5.0,2024-11,2024,Monday
ORD104156,2024-11-04,Home & Kitchen,Vacuum,149.0,1,149.0,0.0,South,Online,UPI,43.0,5.0,2024-11,2024,Monday
ORD104301,2024-11-04,Sports,Bicycle,349.0,1,349.0,0.0,North,Online,Credit Card,18.0,4.0,2024-11,2024,Monday
ORD103308,2024-11-04,Sports,Running Shoes,67.15,1,67.15,0.15,East,Online,Debit Card,54.0,2.0,2024-11,2024,Monday
ORD102223,2024-11-04,Beauty,Sunscreen,15.2,1,15.2,0.05,Central,Online,Debit Card,29.0,4.0,2024-11,2024,Monday
ORD102508,2024-11-04,Sports,Tent,129.0,2,258.0,0.0,Central,In-Store,Debit Card,39.0,5.0,2024-11,2024,Monday
ORD100911,2024-11-04,Sports,Bicycle,331.55,1,331.55,0.05,North,Online,Credit Card,19.0,5.0,2024-11,2024,Monday
ORD101346,2024-11-04,Apparel,Dress,55.0,1,55.0,0.0,West,In-Store,UPI,24.0,4.0,2024-11,2024,Monday
ORD103438,2024-11-05,Apparel,T-Shirt,15.0,1,15.0,0.0,Central,Online,Debit Card,49.0,5.0,2024-11,2024,Tuesday
ORD100609,2024-11-05,Home & Kitchen,Vacuum,126.65,1,126.65,0.15,South,Online,UPI,27.0,4.0,2024-11,2024,Tuesday
ORD104527,2024-11-05,Sports,Yoga Mat,25.0,2,50.0,0.0,South,Online,Credit Card,18.0,5.0,2024-11,2024,Tuesday
ORD100453,2024-11-05,Electronics,Laptop,999.0,2,1998.0,0.0,Central,Online,Debit Card,33.0,5.0,2024-11,2024,Tuesday
ORD100282,2024-11-05,Beauty,Sunscreen,16.0,1,16.0,0.0,South,In-Store,Credit Card,39.0,5.0,2024-11,2024,Tuesday
ORD102213,2024-11-06,Electronics,Headphones,44.1,2,88.2,0.1,Central,Online,Cash,18.0,3.0,2024-11,2024,Wednesday
ORD103969,2024-11-06,Home & Kitchen,Cookware Set,129.0,1,129.0,0.0,North,In-Store,Debit Card,31.0,4.0,2024-11,2024,Wednesday
ORD101953,2024-11-06,Apparel,T-Shirt,14.25,1,14.25,0.05,South,Online,Debit Card,44.0,5.0,2024-11,2024,Wednesday
ORD101993,2024-11-06,Electronics,Headphones,44.1,1,44.1,0.1,North,Online,Credit Card,49.0,4.0,2024-11,2024,Wednesday
ORD102218,2024-11-06,Electronics,Tablet,331.55,3,994.65,0.05,West,In-Store,Wallet,40.0,2.0,2024-11,2024,Wednesday
ORD100101,2024-11-06,Beauty,Shampoo,9.6,1,9.6,0.2,South,In-Store,UPI,54.0,5.0,2024-11,2024,Wednesday
ORD101459,2024-11-06,Electronics,Laptop,999.0,1,999.0,0.0,Central,Online,Debit Card,32.0,5.0,2024-11,2024,Wednesday
ORD100308,2024-11-06,Electronics,Tablet,314.1,2,628.2,0.1,North,Online,Wallet,46.0,4.0,2024-11,2024,Wednesday
ORD103293,2024-11-07,Beauty,Perfume,65.0,1,65.0,0.0,South,Online,Credit Card,19.0,5.0,2024-11,2024,Thursday
ORD104149,2024-11-07,Beauty,Moisturizer,20.9,1,20.9,0.05,Central,Online,Credit Card,40.0,1.0,2024-11,2024,Thursday
ORD104046,2024-11-08,Electronics,Headphones,49.0,1,49.0,0.0,Central,Online,UPI,34.0,2.0,2024-11,2024,Friday
ORD102231,2024-11-08,Apparel,Dress,55.0,1,55.0,0.0,Central,Online,UPI,38.0,4.0,2024-11,2024,Friday
ORD100690,2024-11-08,Home & Kitchen,Air Fryer,84.55,2,169.1,0.05,East,In-Store,Debit Card,27.0,5.0,2024-11,2024,Friday
ORD103076,2024-11-08,Home & Kitchen,Vacuum,134.1,2,268.2,0.1,Central,In-Store,Debit Card,33.0,1.0,2024-11,2024,Friday
ORD104424,2024-11-08,Home & Kitchen,Coffee Maker,59.0,1,59.0,0.0,Central,In-Store,Debit Card,47.0,5.0,2024-11,2024,Friday
ORD101227,2024-11-08,Home & Kitchen,Cookware Set,129.0,1,129.0,0.0,East,In-Store,Wallet,30.0,4.0,2024-11,2024,Friday
ORD104112,2024-11-08,Home & Kitchen,Coffee Maker,56.05,1,56.05,0.05,South,In-Store,Credit Card,57.0,2.0,2024-11,2024,Friday
ORD103770,2024-11-08,Electronics,Smartwatch,179.1,1,179.1,0.1,South,Online,Credit Card,50.0,5.0,2024-11,2024,Friday
ORD102562,2024-11-08,Home & Kitchen,Coffee Maker,56.05,1,56.05,0.05,North,Online,Credit Card,23.0,2.0,2024-11,2024,Friday
ORD101822,2024-11-08,Sports,Running Shoes,71.1,3,213.3,0.1,North,Online,Credit Card,44.0,2.0,2024-11,2024,Friday
ORD102633,2024-11-08,Electronics,Tablet,349.0,1,349.0,0.0,Central,Online,Debit Card,34.0,4.0,2024-11,2024,Friday
ORD101696,2024-11-08,Electronics,Headphones,41.65,1,41.65,0.15,West,Online,Debit Card,63.0,4.0,2024-11,2024,Friday
ORD101130,2024-11-09,Beauty,Perfume,65.0,1,65.0,0.0,West,In-Store,UPI,29.0,5.0,2024-11,2024,Saturday
ORD100524,2024-11-09,Home & Kitchen,Vacuum,149.0,2,298.0,0.0,South,Online,Credit Card,36.0,3.0,2024-11,2024,Saturday
ORD102758,2024-11-09,Beauty,Shampoo,12.0,2,24.0,0.0,West,Online,Cash,49.0,2.0,2024-11,2024,Saturday
ORD101603,2024-11-09,Apparel,Jacket,89.0,1,89.0,0.0,South,Online,UPI,58.0,5.0,2024-11,2024,Saturday
ORD103909,2024-11-09,Electronics,Laptop,849.15,1,849.15,0.15,North,In-Store,Debit Card,18.0,4.0,2024-11,2024,Saturday
ORD100547,2024-11-09,Apparel,Dress,49.5,2,99.0,0.1,West,In-Store,Debit Card,39.0,5.0,2024-11,2024,Saturday
ORD103924,2024-11-10,Home & Kitchen,Blender,39.0,1,39.0,0.0,West,In-Store,Wallet,18.0,5.0,2024-11,2024,Sunday
ORD104439,2024-11-10,Apparel,Jeans,45.0,1,45.0,0.0,East,In-Store,Credit Card,29.0,5.0,2024-11,2024,Sunday
ORD102912,2024-11-10,Electronics,Laptop,949.05,1,949.05,0.05,East,In-Store,UPI,31.0,5.0,2024-11,2024,Sunday
ORD102272,2024-11-10,Electronics,Smartwatch,179.1,2,358.2,0.1,North,Online,Credit Card,46.0,5.0,2024-11,2024,Sunday
ORD104631,2024-11-10,Electronics,Smartphone,629.1,1,629.1,0.1,Central,In-Store,Debit Card,46.0,5.0,2024-11,2024,Sunday
ORD101021,2024-11-11,Electronics,Tablet,314.1,1,314.1,0.1,North,In-Store,Debit Card,24.0,5.0,2024-11,2024,Monday
ORD104954,2024-11-11,Apparel,T-Shirt,12.75,1,12.75,0.15,West,Online,Debit Card,30.0,4.0,2024-11,2024,Monday
ORD103006,2024-11-11,Home & Kitchen,Vacuum,149.0,1,149.0,0.0,North,Online,Wallet,49.0,5.0,2024-11,2024,Monday
ORD102410,2024-11-11,Home & Kitchen,Vacuum,126.65,5,633.25,0.15,South,Online,Debit Card,24.0,4.0,2024-11,2024,Monday
ORD102656,2024-11-11,Home & Kitchen,Cookware Set,116.1,2,232.2,0.1,North,Online,Cash,47.0,5.0,2024-11,2024,Monday
ORD100003,2024-11-11,Beauty,Moisturizer,22.0,1,22.0,0.0,West,Online,Credit Card,38.0,4.0,2024-11,2024,Monday
ORD103346,2024-11-11,Home & Kitchen,Coffee Maker,59.0,1,59.0,0.0,East,Online,Debit Card,45.0,3.0,2024-11,2024,Monday
ORD104735,2024-11-11,Home & Kitchen,Air Fryer,84.55,6,507.3,0.05,East,Online,Credit Card,45.0,5.0,2024-11,2024,Monday
ORD103664,2024-11-12,Electronics,Headphones,44.1,1,44.1,0.1,South,In-Store,UPI,32.0,5.0,2024-11,2024,Tuesday
ORD104271,2024-11-12,Apparel,Jacket,80.1,2,160.2,0.1,West,In-Store,Debit Card,32.0,5.0,2024-11,2024,Tuesday
ORD101927,2024-11-12,Sports,Tent,116.1,1,116.1,0.1,West,In-Store,Debit Card,35.0,4.0,2024-11,2024,Tuesday
ORD100677,2024-11-12,Sports,Bicycle,349.0,1,349.0,0.0,South,Online,Debit Card,18.0,5.0,2024-11,2024,Tuesday
ORD103960,2024-11-12,Apparel,Sneakers,65.0,1,65.0,0.0,West,Online,UPI,20.0,3.0,2024-11,2024,Tuesday
ORD104387,2024-11-12,Electronics,Laptop,999.0,1,999.0,0.0,Central,In-Store,Credit Card,33.0,5.0,2024-11,2024,Tuesday
ORD102575,2024-11-12,Beauty,Perfume,61.75,2,123.5,0.05,West,In-Store,Debit Card,36.0,1.0,2024-11,2024,Tuesday
ORD103804,2024-11-13,Apparel,Jacket,75.65,1,75.65,0.15,West,In-Store,Cash,30.0,4.0,2024-11,2024,Wednesday
ORD102721,2024-11-13,Apparel,T-Shirt,15.0,1,15.0,0.0,West,Online,Credit Card,36.0,4.0,2024-11,2024,Wednesday
ORD103633,2024-11-13,Electronics,Smartphone,699.0,1,699.0,0.0,West,Online,Credit Card,18.0,5.0,2024-11,2024,Wednesday
ORD100757,2024-11-13,Electronics,Headphones,49.0,1,49.0,0.0,East,In-Store,Credit Card,38.0,5.0,2024-11,2024,Wednesday
ORD103032,2024-11-13,Sports,Running Shoes,79.0,1,79.0,0.0,West,In-Store,UPI,19.0,5.0,2024-11,2024,Wednesday
ORD104973,2024-11-14,Electronics,Smartphone,699.0,1,699.0,0.0,East,In-Store,Credit Card,43.0,3.0,2024-11,2024,Thursday
ORD102775,2024-11-14,Sports,Running Shoes,79.0,1,79.0,0.0,East,Online,Credit Card,50.0,5.0,2024-11,2024,Thursday
ORD103622,2024-11-14,Electronics,Laptop,999.0,3,2997.0,0.0,North,In-Store,Credit Card,55.0,5.0,2024-11,2024,Thursday
ORD104343,2024-11-14,Home & Kitchen,Coffee Maker,59.0,2,118.0,0.0,East,In-Store,Credit Card,29.0,5.0,2024-11,2024,Thursday
ORD103656,2024-11-14,Apparel,Dress,55.0,1,55.0,0.0,West,In-Store,Cash,48.0,3.0,2024-11,2024,Thursday
ORD102205,2024-11-14,Beauty,Shampoo,12.0,1,12.0,0.0,East,In-Store,Credit Card,37.0,5.0,2024-11,2024,Thursday
ORD104210,2024-11-14,Electronics,Headphones,46.55,2,93.1,0.05,East,Online,Debit Card,37.0,3.0,2024-11,2024,Thursday
ORD102234,2024-11-14,Apparel,Dress,52.25,1,52.25,0.05,Central,Online,Debit Card,42.0,5.0,2024-11,2024,Thursday
ORD102050,2024-11-14,Apparel,Dress,55.0,1,55.0,0.0,Central,In-Store,Debit Card,31.0,5.0,2024-11,2024,Thursday
ORD100792,2024-11-14,Electronics,Headphones,49.0,1,49.0,0.0,Central,In-Store,UPI,24.0,5.0,2024-11,2024,Thursday
ORD104454,2024-11-14,Beauty,Perfume,58.5,1,58.5,0.1,East,Online,Credit Card,49.0,3.0,2024-11,2024,Thursday
ORD100242,2024-11-15,Home & Kitchen,Air Fryer,84.55,2,169.1,0.05,East,Online,Wallet,45.0,4.0,2024-11,2024,Friday
ORD102854,2024-11-15,Beauty,Moisturizer,20.9,1,20.9,0.05,West,In-Store,UPI,47.0,5.0,2024-11,2024,Friday
ORD103869,2024-11-15,Home & Kitchen,Air Fryer,80.1,1,80.1,0.1,West,In-Store,Debit Card,49.0,5.0,2024-11,2024,Friday
ORD103385,2024-11-15,Apparel,Dress,49.5,2,99.0,0.1,East,Online,Cash,37.0,5.0,2024-11,2024,Friday
ORD104800,2024-11-15,Home & Kitchen,Blender,37.05,2,74.1,0.05,Central,In-Store,Debit Card,25.0,5.0,2024-11,2024,Friday
ORD103027,2024-11-15,Apparel,Sneakers,65.0,1,65.0,0.0,Central,In-Store,Cash,32.0,5.0,2024-11,2024,Friday
ORD100152,2024-11-15,Electronics,Smartphone,664.05,1,664.05,0.05,North,In-Store,Wallet,40.0,4.0,2024-11,2024,Friday
ORD101465,2024-11-15,Sports,Dumbbells,45.0,1,45.0,0.0,South,Online,Debit Card,28.0,4.0,2024-11,2024,Friday
ORD104145,2024-11-15,Sports,Running Shoes,67.15,2,134.3,0.15,South,In-Store,Wallet,33.0,5.0,2024-11,2024,Friday
ORD103953,2024-11-16,Beauty,Perfume,61.75,1,61.75,0.05,North,Online,Credit Card,18.0,4.0,2024-11,2024,Saturday
ORD103496,2024-11-16,Sports,Running Shoes,71.1,1,71.1,0.1,North,In-Store,Wallet,18.0,5.0,2024-11,2024,Saturday
ORD103917,2024-11-16,Beauty,Perfume,61.75,1,61.75,0.05,East,Online,Credit Card,18.0,3.0,2024-11,2024,Saturday
ORD100247,2024-11-16,Sports,Tent,129.0,1,129.0,0.0,East,In-Store,Credit Card,33.0,5.0,2024-11,2024,Saturday
ORD104711,2024-11-16,Home & Kitchen,Vacuum,141.55,2,283.1,0.05,West,Online,UPI,48.0,5.0,2024-11,2024,Saturday
ORD101235,2024-11-17,Home & Kitchen,Blender,37.05,2,74.1,0.05,Central,In-Store,UPI,20.0,4.0,2024-11,2024,Sunday
ORD102470,2024-11-17,Electronics,Tablet,296.65,1,296.65,0.15,West,Online,Cash,31.0,2.0,2024-11,2024,Sunday
ORD104158,2024-11-17,Home & Kitchen,Air Fryer,80.1,1,80.1,0.1,South,In-Store,UPI,18.0,5.0,2024-11,2024,Sunday
ORD103874,2024-11-17,Apparel,Jacket,84.55,1,84.55,0.05,East,Online,Credit Card,19.0,4.0,2024-11,2024,Sunday
ORD102650,2024-11-17,Beauty,Sunscreen,16.0,1,16.0,0.0,North,Online,UPI,33.0,4.0,2024-11,2024,Sunday
ORD103238,2024-11-18,Home & Kitchen,Coffee Maker,53.1,1,53.1,0.1,East,Online,UPI,53.0,3.0,2024-11,2024,Monday
ORD103193,2024-11-18,Electronics,Smartphone,594.15,1,594.15,0.15,East,In-Store,Credit Card,31.0,4.0,2024-11,2024,Monday
ORD100580,2024-11-18,Home & Kitchen,Blender,37.05,2,74.1,0.05,North,Online,UPI,39.0,4.0,2024-11,2024,Monday
ORD104533,2024-11-18,Electronics,Headphones,41.65,2,83.3,0.15,West,Online,Credit Card,39.0,5.0,2024-11,2024,Monday
ORD104338,2024-11-19,Sports,Running Shoes,67.15,1,67.15,0.15,North,Online,Wallet,35.0,4.0,2024-11,2024,Tuesday
ORD103766,2024-11-19,Home & Kitchen,Air Fryer,80.1,1,80.1,0.1,Central,Online,Debit Card,31.0,5.0,2024-11,2024,Tuesday
ORD104734,2024-11-19,Apparel,T-Shirt,15.0,2,30.0,0.0,East,Online,Debit Card,23.0,5.0,2024-11,2024,Tuesday
ORD100407,2024-11-19,Apparel,Dress,49.5,1,49.5,0.1,Central,Online,Credit Card,40.0,2.0,2024-11,2024,Tuesday
ORD104474,2024-11-19,Beauty,Moisturizer,22.0,1,22.0,0.0,South,Online,Debit Card,35.0,3.0,2024-11,2024,Tuesday
ORD103389,2024-11-20,Electronics,Smartwatch,179.1,2,358.2,0.1,North,Online,Debit Card,30.0,4.0,2024-11,2024,Wednesday
ORD103607,2024-11-20,Apparel,Dress,55.0,2,110.0,0.0,South,Online,Credit Card,32.0,4.0,2024-11,2024,Wednesday
ORD104114,2024-11-20,Sports,Running Shoes,67.15,2,134.3,0.15,South,In-Store,Debit Card,19.0,5.0,2024-11,2024,Wednesday
ORD102502,2024-11-20,Sports,Dumbbells,40.5,1,40.5,0.1,Central,In-Store,Credit Card,48.0,3.0,2024-11,2024,Wednesday
ORD100583,2024-11-20,Home & Kitchen,Cookware Set,116.1,2,232.2,0.1,West,Online,Credit Card,24.0,4.0,2024-11,2024,Wednesday
ORD103803,2024-11-20,Beauty,Moisturizer,19.8,5,99.0,0.1,West,Online,UPI,47.0,4.0,2024-11,2024,Wednesday
ORD100215,2024-11-20,Sports,Tent,116.1,1,116.1,0.1,Central,Online,Credit Card,28.0,5.0,2024-11,2024,Wednesday
ORD101967,2024-11-20,Apparel,Jeans,45.0,2,90.0,0.0,Central,In-Store,UPI,45.0,4.0,2024-11,2024,Wednesday
ORD102607,2024-11-20,Sports,Bicycle,349.0,1,349.0,0.0,South,Online,Cash,27.0,5.0,2024-11,2024,Wednesday
ORD101508,2024-11-21,Home & Kitchen,Air Fryer,80.1,3,240.3,0.1,West,In-Store,Wallet,34.0,3.0,2024-11,2024,Thursday
ORD101431,2024-11-21,Beauty,Perfume,61.75,1,61.75,0.05,Central,Online,Cash,54.0,1.0,2024-11,2024,Thursday
ORD103221,2024-11-21,Electronics,Headphones,41.65,2,83.3,0.15,Central,In-Store,Credit Card,23.0,4.0,2024-11,2024,Thursday
ORD103783,2024-11-21,Beauty,Shampoo,11.4,1,11.4,0.05,South,Online,Credit Card,48.0,5.0,2024-11,2024,Thursday
ORD102052,2024-11-22,Electronics,Tablet,349.0,2,698.0,0.0,South,In-Store,Wallet,35.0,3.0,2024-11,2024,Friday
ORD101627,2024-11-22,Apparel,T-Shirt,15.0,1,15.0,0.0,North,Online,Cash,32.0,4.0,2024-11,2024,Friday
ORD102675,2024-11-22,Home & Kitchen,Blender,39.0,1,39.0,0.0,West,Online,UPI,27.0,4.0,2024-11,2024,Friday
ORD102790,2024-11-22,Home & Kitchen,Coffee Maker,59.0,2,118.0,0.0,East,In-Store,UPI,26.0,4.0,2024-11,2024,Friday
ORD104986,2024-11-22,Electronics,Smartwatch,179.1,1,179.1,0.1,Central,Online,Credit Card,49.0,4.0,2024-11,2024,Friday
ORD103337,2024-11-22,Sports,Tent,129.0,1,129.0,0.0,North,Online,Credit Card,55.0,5.0,2024-11,2024,Friday
ORD104537,2024-11-22,Electronics,Tablet,349.0,3,1047.0,0.0,South,Online,Cash,33.0,4.0,2024-11,2024,Friday
ORD103530,2024-11-22,Sports,Yoga Mat,25.0,2,50.0,0.0,North,In-Store,Credit Card,28.0,5.0,2024-11,2024,Friday
ORD100423,2024-11-22,Beauty,Sunscreen,14.4,2,28.8,0.1,North,In-Store,Credit Card,56.0,5.0,2024-11,2024,Friday
ORD102258,2024-11-22,Electronics,Smartphone,559.2,1,559.2,0.2,West,Online,Debit Card,48.0,5.0,2024-11,2024,Friday
ORD102175,2024-11-23,Beauty,Moisturizer,20.9,2,41.8,0.05,East,Online,Credit Card,22.0,4.0,2024-11,2024,Saturday
ORD100084,2024-11-23,Apparel,Dress,55.0,1,55.0,0.0,West,Online,Credit Card,43.0,5.0,2024-11,2024,Saturday
ORD101140,2024-11-23,Apparel,Jacket,89.0,2,178.0,0.0,East,Online,Credit Card,24.0,5.0,2024-11,2024,Saturday
ORD104312,2024-11-23,Sports,Dumbbells,40.5,1,40.5,0.1,North,Online,UPI,25.0,4.0,2024-11,2024,Saturday
ORD103191,2024-11-23,Apparel,Sneakers,65.0,1,65.0,0.0,West,In-Store,Debit Card,29.0,5.0,2024-11,2024,Saturday
ORD102638,2024-11-24,Beauty,Perfume,55.25,1,55.25,0.15,East,Online,Debit Card,50.0,3.0,2024-11,2024,Sunday
ORD103093,2024-11-24,Apparel,T-Shirt,15.0,1,15.0,0.0,West,Online,Wallet,43.0,1.0,2024-11,2024,Sunday
ORD102960,2024-11-24,Beauty,Moisturizer,20.9,1,20.9,0.05,North,Online,UPI,34.0,3.0,2024-11,2024,Sunday
ORD100566,2024-11-24,Beauty,Shampoo,10.8,2,21.6,0.1,East,Online,Credit Card,19.0,4.0,2024-11,2024,Sunday
ORD103176,2024-11-24,Apparel,Dress,55.0,1,55.0,0.0,North,Online,Credit Card,41.0,5.0,2024-11,2024,Sunday
ORD100699,2024-11-24,Beauty,Shampoo,12.0,1,12.0,0.0,South,In-Store,Wallet,33.0,5.0,2024-11,2024,Sunday
ORD100438,2024-11-24,Beauty,Sunscreen,16.0,1,16.0,0.0,North,Online,Credit Card,41.0,5.0,2024-11,2024,Sunday
ORD101160,2024-11-25,Electronics,Tablet,349.0,1,349.0,0.0,West,In-Store,Debit Card,29.0,5.0,2024-11,2024,Monday
ORD103884,2024-11-25,Home & Kitchen,Air Fryer,84.55,4,338.2,0.05,East,In-Store,Cash,30.0,4.0,2024-11,2024,Monday
ORD101216,2024-11-25,Electronics,Tablet,349.0,1,349.0,0.0,Central,Online,Credit Card,32.0,5.0,2024-11,2024,Monday
ORD102686,2024-11-25,Electronics,Smartphone,699.0,1,699.0,0.0,East,Online,Credit Card,22.0,5.0,2024-11,2024,Monday
ORD104256,2024-11-25,Apparel,Dress,55.0,1,55.0,0.0,Central,Online,Debit Card,51.0,5.0,2024-11,2024,Monday
ORD104208,2024-11-25,Home & Kitchen,Coffee Maker,56.05,1,56.05,0.05,East,In-Store,UPI,27.0,3.0,2024-11,2024,Monday
ORD102042,2024-11-26,Electronics,Headphones,39.2,1,39.2,0.2,Central,In-Store,Cash,51.0,5.0,2024-11,2024,Tuesday
ORD101061,2024-11-26,Beauty,Moisturizer,18.7,1,18.7,0.15,South,In-Store,Credit Card,26.0,4.0,2024-11,2024,Tuesday
ORD101220,2024-11-26,Sports,Yoga Mat,23.75,1,23.75,0.05,Central,Online,Debit Card,36.0,5.0,2024-11,2024,Tuesday
ORD100743,2024-11-26,Sports,Dumbbells,42.75,2,85.5,0.05,East,Online,Wallet,41.0,5.0,2024-11,2024,Tuesday
ORD103691,2024-11-26,Home & Kitchen,Coffee Maker,56.05,1,56.05,0.05,East,In-Store,Credit Card,32.0,5.0,2024-11,2024,Tuesday
ORD101411,2024-11-26,Electronics,Headphones,46.55,1,46.55,0.05,North,In-Store,UPI,49.0,4.0,2024-11,2024,Tuesday
ORD102066,2024-11-26,Home & Kitchen,Blender,35.1,1,35.1,0.1,Central,In-Store,Debit Card,52.0,5.0,2024-11,2024,Tuesday
ORD100710,2024-11-26,Electronics,Tablet,349.0,1,349.0,0.0,East,Online,UPI,22.0,5.0,2024-11,2024,Tuesday
ORD103110,2024-11-26,Beauty,Perfume,65.0,1,65.0,0.0,South,In-Store,Debit Card,56.0,3.0,2024-11,2024,Tuesday
ORD100011,2024-11-26,Beauty,Lipstick,16.2,3,48.6,0.1,North,Online,UPI,37.0,1.0,2024-11,2024,Tuesday
ORD100582,2024-11-27,Home & Kitchen,Cookware Set,129.0,4,516.0,0.0,West,Online,UPI,37.0,4.0,2024-11,2024,Wednesday
ORD100621,2024-11-27,Beauty,Lipstick,18.0,1,18.0,0.0,West,In-Store,UPI,25.0,5.0,2024-11,2024,Wednesday
ORD104324,2024-11-27,Home & Kitchen,Blender,37.05,1,37.05,0.05,East,In-Store,Debit Card,32.0,2.0,2024-11,2024,Wednesday
ORD100224,2024-11-27,Beauty,Moisturizer,22.0,2,44.0,0.0,Central,In-Store,Debit Card,32.0,5.0,2024-11,2024,Wednesday
ORD101804,2024-11-27,Sports,Running Shoes,79.0,1,79.0,0.0,Central,Online,Credit Card,54.0,4.0,2024-11,2024,Wednesday
ORD103590,2024-11-27,Beauty,Perfume,65.0,1,65.0,0.0,West,In-Store,UPI,41.0,3.0,2024-11,2024,Wednesday
ORD104523,2024-11-27,Beauty,Sunscreen,14.4,2,28.8,0.1,Central,Online,Credit Card,32.0,5.0,2024-11,2024,Wednesday
ORD102254,2024-11-27,Electronics,Smartwatch,159.2,1,159.2,0.2,East,In-Store,Credit Card,44.0,4.0,2024-11,2024,Wednesday
ORD104225,2024-11-27,Apparel,Jacket,80.1,1,80.1,0.1,West,In-Store,Debit Card,46.0,3.0,2024-11,2024,Wednesday
ORD101917,2024-11-27,Electronics,Headphones,46.55,1,46.55,0.05,South,Online,UPI,30.0,4.0,2024-11,2024,Wednesday
ORD101612,2024-11-27,Apparel,Jacket,89.0,1,89.0,0.0,North,In-Store,Credit Card,18.0,4.0,2024-11,2024,Wednesday
ORD104214,2024-11-27,Apparel,Jacket,89.0,1,89.0,0.0,North,Online,Wallet,42.0,4.0,2024-11,2024,Wednesday
ORD101546,2024-11-28,Apparel,Dress,55.0,1,55.0,0.0,South,Online,Wallet,31.0,4.0,2024-11,2024,Thursday
ORD104934,2024-11-28,Electronics,Smartwatch,189.05,2,378.1,0.05,West,In-Store,UPI,41.0,3.0,2024-11,2024,Thursday
ORD101058,2024-11-28,Home & Kitchen,Cookware Set,129.0,2,258.0,0.0,East,In-Store,Cash,19.0,5.0,2024-11,2024,Thursday
ORD102591,2024-11-28,Home & Kitchen,Cookware Set,122.55,3,367.65,0.05,East,Online,UPI,31.0,4.0,2024-11,2024,Thursday
ORD100268,2024-11-28,Electronics,Laptop,849.15,1,849.15,0.15,West,In-Store,Wallet,18.0,4.0,2024-11,2024,Thursday
ORD100478,2024-11-29,Beauty,Moisturizer,22.0,1,22.0,0.0,North,Online,Credit Card,32.0,4.0,2024-11,2024,Friday
ORD100957,2024-11-29,Sports,Bicycle,314.1,2,628.2,0.1,Central,In-Store,UPI,24.0,5.0,2024-11,2024,Friday
ORD104685,2024-11-29,Electronics,Smartphone,699.0,3,2097.0,0.0,South,Online,UPI,41.0,5.0,2024-11,2024,Friday
ORD101094,2024-11-29,Home & Kitchen,Cookware Set,129.0,2,258.0,0.0,West,Online,Wallet,33.0,5.0,2024-11,2024,Friday
ORD100576,2024-11-29,Apparel,Jeans,42.75,1,42.75,0.05,South,In-Store,UPI,33.0,4.0,2024-11,2024,Friday
ORD104037,2024-11-29,Apparel,T-Shirt,13.5,2,27.0,0.1,Central,In-Store,Credit Card,18.0,4.0,2024-11,2024,Friday
ORD101847,2024-11-29,Beauty,Sunscreen,16.0,1,16.0,0.0,East,In-Store,Wallet,47.0,2.0,2024-11,2024,Friday
ORD104810,2024-11-29,Sports,Yoga Mat,23.75,1,23.75,0.05,Central,Online,Cash,31.0,5.0,2024-11,2024,Friday
ORD104842,2024-11-29,Apparel,Jeans,45.0,1,45.0,0.0,Central,Online,Credit Card,31.0,4.0,2024-11,2024,Friday
ORD101664,2024-11-30,Apparel,Dress,55.0,1,55.0,0.0,South,Online,Wallet,27.0,4.0,2024-11,2024,Saturday
ORD104993,2024-11-30,Apparel,Jeans,38.25,1,38.25,0.15,South,In-Store,Cash,25.0,4.0,2024-11,2024,Saturday
ORD103187,2024-11-30,Apparel,T-Shirt,14.25,1,14.25,0.05,North,In-Store,Credit Card,44.0,3.0,2024-11,2024,Saturday
ORD102828,2024-11-30,Electronics,Smartphone,699.0,1,699.0,0.0,Central,Online,Credit Card,39.0,5.0,2024-11,2024,Saturday
ORD101489,2024-11-30,Home & Kitchen,Blender,39.0,1,39.0,0.0,East,Online,Cash,38.0,4.0,2024-11,2024,Saturday
ORD104561,2024-11-30,Beauty,Sunscreen,16.0,1,16.0,0.0,Central,In-Store,Credit Card,47.0,5.0,2024-11,2024,Saturday
ORD102379,2024-11-30,Beauty,Lipstick,18.0,2,36.0,0.0,Central,In-Store,UPI,47.0,5.0,2024-11,2024,Saturday
ORD101650,2024-11-30,Beauty,Shampoo,12.0,2,24.0,0.0,North,In-Store,Credit Card,25.0,5.0,2024-11,2024,Saturday
ORD104337,2024-11-30,Apparel,Jacket,89.0,1,89.0,0.0,South,In-Store,Credit Card,19.0,4.0,2024-11,2024,Saturday
ORD102517,2024-11-30,Electronics,Smartwatch,199.0,1,199.0,0.0,South,Online,Credit Card,54.0,2.0,2024-11,2024,Saturday
ORD100962,2024-11-30,Beauty,Sunscreen,16.0,1,16.0,0.0,South,Online,Wallet,18.0,5.0,2024-11,2024,Saturday
ORD104007,2024-12-01,Apparel,Jeans,36.0,2,72.0,0.2,Central,Online,Cash,18.0,5.0,2024-12,2024,Sunday
ORD100772,2024-12-01,Home & Kitchen,Coffee Maker,59.0,2,118.0,0.0,South,In-Store,Credit Card,35.0,4.0,2024-12,2024,Sunday
ORD103075,2024-12-01,Home & Kitchen,Vacuum,141.55,1,141.55,0.05,Central,Online,Credit Card,28.0,3.0,2024-12,2024,Sunday
ORD104963,2024-12-01,Electronics,Laptop,999.0,1,999.0,0.0,West,In-Store,UPI,47.0,2.0,2024-12,2024,Sunday
ORD104065,2024-12-02,Home & Kitchen,Cookware Set,129.0,2,258.0,0.0,Central,In-Store,Wallet,32.0,5.0,2024-12,2024,Monday
ORD101989,2024-12-02,Sports,Bicycle,349.0,1,349.0,0.0,South,Online,Debit Card,42.0,5.0,2024-12,2024,Monday
ORD101614,2024-12-02,Home & Kitchen,Blender,31.2,5,156.0,0.2,Central,Online,Cash,35.0,4.0,2024-12,2024,Monday
ORD100938,2024-12-02,Home & Kitchen,Vacuum,149.0,2,298.0,0.0,South,Online,Debit Card,27.0,5.0,2024-12,2024,Monday
ORD104748,2024-12-02,Beauty,Shampoo,12.0,3,36.0,0.0,West,Online,Debit Card,21.0,5.0,2024-12,2024,Monday
ORD104199,2024-12-03,Sports,Yoga Mat,25.0,1,25.0,0.0,East,Online,Debit Card,33.0,4.0,2024-12,2024,Tuesday
ORD103572,2024-12-03,Electronics,Smartphone,664.05,1,664.05,0.05,Central,In-Store,Credit Card,31.0,5.0,2024-12,2024,Tuesday
ORD103109,2024-12-03,Beauty,Lipstick,15.3,1,15.3,0.15,South,Online,UPI,22.0,4.0,2024-12,2024,Tuesday
ORD103249,2024-12-04,Apparel,T-Shirt,13.5,1,13.5,0.1,West,Online,Cash,36.0,4.0,2024-12,2024,Wednesday
ORD103012,2024-12-04,Home & Kitchen,Air Fryer,84.55,1,84.55,0.05,Central,Online,Cash,32.0,5.0,2024-12,2024,Wednesday
ORD102896,2024-12-04,Home & Kitchen,Air Fryer,75.65,2,151.3,0.15,Central,Online,Credit Card,45.0,5.0,2024-12,2024,Wednesday
ORD101287,2024-12-04,Apparel,Jacket,80.1,4,320.4,0.1,West,In-Store,Wallet,27.0,3.0,2024-12,2024,Wednesday
ORD102685,2024-12-04,Beauty,Perfume,55.25,1,55.25,0.15,North,Online,Debit Card,46.0,5.0,2024-12,2024,Wednesday
ORD101660,2024-12-05,Electronics,Laptop,999.0,1,999.0,0.0,East,Online,Debit Card,39.0,4.0,2024-12,2024,Thursday
ORD103897,2024-12-05,Apparel,Sneakers,61.75,1,61.75,0.05,Central,Online,Debit Card,20.0,4.0,2024-12,2024,Thursday
ORD104918,2024-12-05,Apparel,Jeans,40.5,1,40.5,0.1,North,Online,Credit Card,41.0,2.0,2024-12,2024,Thursday
ORD100326,2024-12-05,Beauty,Shampoo,12.0,1,12.0,0.0,Central,In-Store,Credit Card,27.0,5.0,2024-12,2024,Thursday
ORD100650,2024-12-05,Electronics,Headphones,49.0,1,49.0,0.0,North,Online,UPI,37.0,4.0,2024-12,2024,Thursday
ORD104707,2024-12-05,Sports,Tent,109.65,1,109.65,0.15,West,Online,UPI,44.0,4.0,2024-12,2024,Thursday
ORD100805,2024-12-06,Apparel,T-Shirt,14.25,1,14.25,0.05,South,In-Store,UPI,51.0,5.0,2024-12,2024,Friday
ORD102876,2024-12-06,Beauty,Perfume,65.0,3,195.0,0.0,North,In-Store,UPI,18.0,4.0,2024-12,2024,Friday
ORD103265,2024-12-06,Apparel,Jacket,89.0,1,89.0,0.0,South,Online,Credit Card,47.0,5.0,2024-12,2024,Friday
ORD103930,2024-12-06,Electronics,Smartphone,629.1,4,2516.4,0.1,North,Online,Cash,41.0,4.0,2024-12,2024,Friday
ORD100822,2024-12-06,Sports,Yoga Mat,23.75,2,47.5,0.05,Central,Online,Debit Card,18.0,4.0,2024-12,2024,Friday
ORD102198,2024-12-06,Apparel,Jeans,45.0,2,90.0,0.0,East,In-Store,Credit Card,44.0,4.0,2024-12,2024,Friday
ORD102653,2024-12-06,Electronics,Smartwatch,199.0,1,199.0,0.0,North,Online,Credit Card,33.0,4.0,2024-12,2024,Friday
ORD102363,2024-12-07,Electronics,Smartwatch,199.0,2,398.0,0.0,South,Online,Credit Card,29.0,1.0,2024-12,2024,Saturday
ORD102170,2024-12-07,Electronics,Tablet,349.0,1,349.0,0.0,West,Online,UPI,43.0,3.0,2024-12,2024,Saturday
ORD102172,2024-12-07,Electronics,Tablet,349.0,1,349.0,0.0,Central,Online,Credit Card,29.0,4.0,2024-12,2024,Saturday
ORD101912,2024-12-07,Home & Kitchen,Coffee Maker,56.05,1,56.05,0.05,North,Online,Debit Card,35.0,4.0,2024-12,2024,Saturday
ORD102744,2024-12-07,Sports,Tent,129.0,1,129.0,0.0,Central,Online,Cash,41.0,4.0,2024-12,2024,Saturday
ORD103683,2024-12-07,Electronics,Tablet,349.0,1,349.0,0.0,North,Online,Debit Card,37.0,3.0,2024-12,2024,Saturday
ORD104643,2024-12-07,Sports,Dumbbells,42.75,5,213.75,0.05,North,Online,Wallet,18.0,5.0,2024-12,2024,Saturday
ORD101604,2024-12-07,Home & Kitchen,Coffee Maker,59.0,2,118.0,0.0,West,Online,Wallet,33.0,2.0,2024-12,2024,Saturday
ORD102294,2024-12-08,Electronics,Smartwatch,179.1,4,716.4,0.1,Central,Online,Wallet,29.0,5.0,2024-12,2024,Sunday
ORD102335,2024-12-08,Electronics,Laptop,799.2,1,799.2,0.2,East,Online,Credit Card,21.0,1.0,2024-12,2024,Sunday
ORD101573,2024-12-08,Beauty,Shampoo,12.0,1,12.0,0.0,Central,In-Store,Debit Card,37.0,4.0,2024-12,2024,Sunday
ORD101196,2024-12-08,Sports,Tent,129.0,1,129.0,0.0,East,Online,Credit Card,51.0,3.0,2024-12,2024,Sunday
ORD102844,2024-12-08,Electronics,Headphones,41.65,1,41.65,0.15,Central,In-Store,Credit Card,49.0,3.0,2024-12,2024,Sunday
ORD100492,2024-12-08,Beauty,Sunscreen,12.8,4,51.2,0.2,Central,In-Store,Credit Card,25.0,4.0,2024-12,2024,Sunday
ORD102019,2024-12-08,Apparel,Dress,55.0,2,110.0,0.0,Central,Online,Debit Card,58.0,4.0,2024-12,2024,Sunday
ORD101238,2024-12-09,Sports,Bicycle,331.55,3,994.65,0.05,South,In-Store,Debit Card,48.0,4.0,2024-12,2024,Monday
ORD103999,2024-12-09,Beauty,Perfume,65.0,2,130.0,0.0,Central,Online,Debit Card,45.0,3.0,2024-12,2024,Monday
ORD103435,2024-12-09,Home & Kitchen,Coffee Maker,59.0,1,59.0,0.0,West,Online,Wallet,47.0,5.0,2024-12,2024,Monday
ORD100781,2024-12-09,Home & Kitchen,Coffee Maker,50.15,1,50.15,0.15,North,Online,Cash,47.0,5.0,2024-12,2024,Monday
ORD104683,2024-12-09,Apparel,T-Shirt,15.0,2,30.0,0.0,East,Online,Credit Card,45.0,4.0,2024-12,2024,Monday
ORD102826,2024-12-09,Apparel,Jacket,80.1,2,160.2,0.1,North,Online,Cash,29.0,5.0,2024-12,2024,Monday
ORD104243,2024-12-09,Sports,Running Shoes,79.0,1,79.0,0.0,North,Online,Debit Card,29.0,5.0,2024-12,2024,Monday
ORD103138,2024-12-09,Electronics,Smartphone,699.0,2,1398.0,0.0,East,Online,UPI,45.0,5.0,2024-12,2024,Monday
ORD100104,2024-12-09,Electronics,Headphones,49.0,4,196.0,0.0,East,Online,Wallet,36.0,5.0,2024-12,2024,Monday
ORD103771,2024-12-10,Apparel,Dress,55.0,5,275.0,0.0,East,In-Store,Credit Card,31.0,4.0,2024-12,2024,Tuesday
ORD104924,2024-12-10,Home & Kitchen,Air Fryer,80.1,2,160.2,0.1,West,Online,Wallet,51.0,5.0,2024-12,2024,Tuesday
ORD103726,2024-12-10,Apparel,T-Shirt,14.25,1,14.25,0.05,East,Online,Debit Card,26.0,5.0,2024-12,2024,Tuesday
ORD100349,2024-12-10,Sports,Bicycle,349.0,1,349.0,0.0,West,Online,Cash,23.0,5.0,2024-12,2024,Tuesday
ORD101998,2024-12-10,Home & Kitchen,Air Fryer,89.0,2,178.0,0.0,West,In-Store,Credit Card,41.0,5.0,2024-12,2024,Tuesday
ORD100365,2024-12-10,Home & Kitchen,Air Fryer,89.0,2,178.0,0.0,Central,Online,Credit Card,46.0,4.0,2024-12,2024,Tuesday
ORD102147,2024-12-10,Apparel,Jacket,80.1,1,80.1,0.1,South,Online,UPI,34.0,5.0,2024-12,2024,Tuesday
ORD100139,2024-12-10,Electronics,Smartwatch,169.15,1,169.15,0.15,Central,In-Store,Debit Card,27.0,4.0,2024-12,2024,Tuesday
ORD104006,2024-12-11,Electronics,Smartphone,699.0,1,699.0,0.0,East,In-Store,UPI,32.0,5.0,2024-12,2024,Wednesday
ORD104581,2024-12-11,Electronics,Laptop,999.0,1,999.0,0.0,North,Online,Wallet,35.0,4.0,2024-12,2024,Wednesday
ORD101000,2024-12-11,Beauty,Shampoo,12.0,1,12.0,0.0,West,Online,Credit Card,23.0,5.0,2024-12,2024,Wednesday
ORD103358,2024-12-11,Electronics,Laptop,799.2,1,799.2,0.2,Central,In-Store,Credit Card,18.0,3.0,2024-12,2024,Wednesday
ORD103961,2024-12-11,Sports,Dumbbells,45.0,1,45.0,0.0,East,Online,Debit Card,24.0,5.0,2024-12,2024,Wednesday
ORD102059,2024-12-11,Electronics,Smartphone,699.0,2,1398.0,0.0,South,Online,UPI,32.0,1.0,2024-12,2024,Wednesday
ORD102738,2024-12-11,Electronics,Laptop,949.05,2,1898.1,0.05,North,Online,Cash,34.0,3.0,2024-12,2024,Wednesday
ORD104042,2024-12-12,Electronics,Tablet,331.55,1,331.55,0.05,Central,In-Store,Credit Card,56.0,4.0,2024-12,2024,Thursday
ORD101159,2024-12-12,Home & Kitchen,Cookware Set,129.0,1,129.0,0.0,Central,Online,Cash,30.0,3.0,2024-12,2024,Thursday
ORD104656,2024-12-12,Electronics,Smartphone,664.05,2,1328.1,0.05,South,Online,UPI,58.0,4.0,2024-12,2024,Thursday
ORD102759,2024-12-12,Sports,Yoga Mat,21.25,2,42.5,0.15,Central,In-Store,Credit Card,50.0,2.0,2024-12,2024,Thursday
ORD100391,2024-12-13,Electronics,Headphones,49.0,1,49.0,0.0,South,Online,Debit Card,63.0,2.0,2024-12,2024,Friday
ORD100320,2024-12-13,Electronics,Headphones,44.1,2,88.2,0.1,North,Online,Debit Card,48.0,4.0,2024-12,2024,Friday
ORD103259,2024-12-13,Home & Kitchen,Cookware Set,129.0,6,774.0,0.0,North,Online,Debit Card,32.0,4.0,2024-12,2024,Friday
ORD102576,2024-12-13,Electronics,Tablet,331.55,2,663.1,0.05,Central,In-Store,Credit Card,56.0,5.0,2024-12,2024,Friday
ORD100052,2024-12-13,Electronics,Smartphone,699.0,1,699.0,0.0,East,Online,Cash,58.0,5.0,2024-12,2024,Friday
ORD100841,2024-12-13,Apparel,T-Shirt,14.25,2,28.5,0.05,West,Online,UPI,39.0,4.0,2024-12,2024,Friday
ORD103850,2024-12-13,Beauty,Sunscreen,12.8,1,12.8,0.2,West,In-Store,Debit Card,39.0,3.0,2024-12,2024,Friday
ORD102104,2024-12-13,Sports,Bicycle,349.0,2,698.0,0.0,North,In-Store,Credit Card,26.0,4.0,2024-12,2024,Friday
ORD100947,2024-12-13,Sports,Yoga Mat,23.75,1,23.75,0.05,North,Online,Debit Card,18.0,1.0,2024-12,2024,Friday
ORD103610,2024-12-14,Home & Kitchen,Air Fryer,89.0,1,89.0,0.0,East,In-Store,Debit Card,54.0,5.0,2024-12,2024,Saturday
ORD103046,2024-12-14,Electronics,Smartwatch,189.05,2,378.1,0.05,East,Online,UPI,36.0,4.0,2024-12,2024,Saturday
ORD104721,2024-12-14,Home & Kitchen,Coffee Maker,53.1,4,212.4,0.1,West,In-Store,Credit Card,36.0,4.0,2024-12,2024,Saturday
ORD102745,2024-12-14,Sports,Yoga Mat,22.5,1,22.5,0.1,West,Online,Debit Card,25.0,5.0,2024-12,2024,Saturday
ORD103360,2024-12-14,Sports,Running Shoes,79.0,1,79.0,0.0,Central,Online,Wallet,45.0,5.0,2024-12,2024,Saturday
ORD103480,2024-12-14,Beauty,Moisturizer,20.9,2,41.8,0.05,North,Online,Wallet,37.0,4.0,2024-12,2024,Saturday
ORD103270,2024-12-15,Apparel,Sneakers,61.75,1,61.75,0.05,West,In-Store,Debit Card,41.0,5.0,2024-12,2024,Sunday
ORD101757,2024-12-15,Apparel,T-Shirt,14.25,1,14.25,0.05,West,Online,Credit Card,44.0,4.0,2024-12,2024,Sunday
ORD104837,2024-12-15,Electronics,Headphones,49.0,1,49.0,0.0,South,Online,Debit Card,38.0,2.0,2024-12,2024,Sunday
ORD104809,2024-12-15,Beauty,Perfume,61.75,1,61.75,0.05,East,Online,Wallet,46.0,5.0,2024-12,2024,Sunday
ORD104869,2024-12-15,Electronics,Tablet,349.0,2,698.0,0.0,West,Online,Credit Card,59.0,2.0,2024-12,2024,Sunday
ORD100966,2024-12-15,Electronics,Laptop,999.0,3,2997.0,0.0,North,In-Store,Debit Card,27.0,4.0,2024-12,2024,Sunday
ORD103753,2024-12-15,Sports,Yoga Mat,23.75,2,47.5,0.05,South,In-Store,Credit Card,34.0,4.0,2024-12,2024,Sunday
ORD100661,2024-12-15,Home & Kitchen,Air Fryer,84.55,1,84.55,0.05,South,Online,Debit Card,34.0,5.0,2024-12,2024,Sunday
ORD102965,2024-12-16,Sports,Tent,129.0,1,129.0,0.0,Central,Online,Wallet,30.0,4.0,2024-12,2024,Monday
ORD102395,2024-12-16,Sports,Bicycle,349.0,2,698.0,0.0,Central,Online,Wallet,36.0,4.0,2024-12,2024,Monday
ORD101526,2024-12-16,Home & Kitchen,Vacuum,149.0,1,149.0,0.0,Central,Online,Cash,18.0,2.0,2024-12,2024,Monday
ORD100490,2024-12-17,Beauty,Moisturizer,22.0,1,22.0,0.0,South,Online,Debit Card,48.0,4.0,2024-12,2024,Tuesday
ORD101067,2024-12-17,Beauty,Sunscreen,16.0,4,64.0,0.0,West,In-Store,Debit Card,18.0,4.0,2024-12,2024,Tuesday
ORD100431,2024-12-17,Apparel,Jacket,84.55,1,84.55,0.05,North,Online,Credit Card,20.0,3.0,2024-12,2024,Tuesday
ORD103226,2024-12-17,Sports,Dumbbells,45.0,1,45.0,0.0,Central,Online,Credit Card,37.0,4.0,2024-12,2024,Tuesday
ORD101445,2024-12-17,Beauty,Lipstick,18.0,1,18.0,0.0,Central,Online,Debit Card,40.0,3.0,2024-12,2024,Tuesday
ORD101677,2024-12-17,Sports,Bicycle,349.0,1,349.0,0.0,South,Online,Cash,32.0,2.0,2024-12,2024,Tuesday
ORD104274,2024-12-17,Electronics,Headphones,49.0,1,49.0,0.0,West,Online,Credit Card,27.0,2.0,2024-12,2024,Tuesday
ORD102296,2024-12-17,Beauty,Shampoo,12.0,2,24.0,0.0,North,Online,Debit Card,35.0,4.0,2024-12,2024,Tuesday
ORD101553,2024-12-17,Sports,Yoga Mat,20.0,2,40.0,0.2,South,In-Store,Credit Card,29.0,4.0,2024-12,2024,Tuesday
ORD101654,2024-12-17,Electronics,Smartwatch,199.0,1,199.0,0.0,Central,Online,UPI,37.0,4.0,2024-12,2024,Tuesday
ORD103534,2024-12-17,Sports,Bicycle,331.55,1,331.55,0.05,West,Online,Cash,55.0,3.0,2024-12,2024,Tuesday
ORD100138,2024-12-17,Electronics,Tablet,296.65,1,296.65,0.15,South,Online,Credit Card,42.0,5.0,2024-12,2024,Tuesday
ORD102928,2024-12-17,Sports,Tent,129.0,1,129.0,0.0,South,In-Store,Credit Card,21.0,4.0,2024-12,2024,Tuesday
ORD100755,2024-12-18,Beauty,Shampoo,11.4,4,45.6,0.05,South,Online,Cash,29.0,5.0,2024-12,2024,Wednesday
ORD103235,2024-12-18,Beauty,Lipstick,16.2,2,32.4,0.1,South,Online,Credit Card,45.0,2.0,2024-12,2024,Wednesday
ORD100153,2024-12-18,Beauty,Sunscreen,16.0,1,16.0,0.0,North,Online,Debit Card,53.0,5.0,2024-12,2024,Wednesday
ORD104647,2024-12-18,Apparel,Dress,52.25,2,104.5,0.05,South,Online,Credit Card,23.0,2.0,2024-12,2024,Wednesday
ORD100691,2024-12-18,Sports,Tent,116.1,1,116.1,0.1,South,Online,Cash,35.0,4.0,2024-12,2024,Wednesday
ORD100840,2024-12-18,Sports,Dumbbells,45.0,2,90.0,0.0,West,Online,UPI,35.0,4.0,2024-12,2024,Wednesday
ORD104719,2024-12-18,Home & Kitchen,Blender,39.0,1,39.0,0.0,South,Online,Debit Card,25.0,5.0,2024-12,2024,Wednesday
ORD104086,2024-12-18,Sports,Dumbbells,45.0,2,90.0,0.0,South,In-Store,Credit Card,24.0,5.0,2024-12,2024,Wednesday
ORD104432,2024-12-18,Sports,Tent,129.0,2,258.0,0.0,North,Online,Wallet,18.0,5.0,2024-12,2024,Wednesday
ORD100799,2024-12-18,Electronics,Headphones,49.0,4,196.0,0.0,South,In-Store,Credit Card,35.0,5.0,2024-12,2024,Wednesday
ORD100111,2024-12-18,Apparel,Sneakers,65.0,1,65.0,0.0,Central,In-Store,UPI,35.0,5.0,2024-12,2024,Wednesday
ORD102242,2024-12-19,Sports,Yoga Mat,25.0,2,50.0,0.0,West,In-Store,Cash,28.0,3.0,2024-12,2024,Thursday
ORD100313,2024-12-19,Home & Kitchen,Blender,37.05,1,37.05,0.05,Central,In-Store,Debit Card,18.0,5.0,2024-12,2024,Thursday
ORD103948,2024-12-19,Electronics,Headphones,49.0,1,49.0,0.0,Central,Online,UPI,32.0,4.0,2024-12,2024,Thursday
ORD104441,2024-12-19,Beauty,Shampoo,12.0,2,24.0,0.0,West,Online,UPI,54.0,5.0,2024-12,2024,Thursday
ORD103506,2024-12-19,Apparel,Jeans,45.0,1,45.0,0.0,North,Online,Credit Card,38.0,5.0,2024-12,2024,Thursday
ORD100254,2024-12-20,Beauty,Moisturizer,22.0,1,22.0,0.0,West,In-Store,Credit Card,18.0,5.0,2024-12,2024,Friday
ORD104793,2024-12-20,Home & Kitchen,Cookware Set,129.0,1,129.0,0.0,Central,Online,UPI,31.0,5.0,2024-12,2024,Friday
ORD101611,2024-12-20,Beauty,Lipstick,18.0,1,18.0,0.0,South,In-Store,Credit Card,45.0,5.0,2024-12,2024,Friday
ORD104727,2024-12-20,Electronics,Headphones,49.0,1,49.0,0.0,South,Online,Credit Card,37.0,5.0,2024-12,2024,Friday
ORD102005,2024-12-20,Home & Kitchen,Blender,31.2,1,31.2,0.2,Central,Online,Credit Card,25.0,4.0,2024-12,2024,Friday
ORD100682,2024-12-20,Home & Kitchen,Blender,39.0,1,39.0,0.0,Central,Online,Wallet,18.0,3.0,2024-12,2024,Friday
ORD103602,2024-12-20,Beauty,Moisturizer,19.8,1,19.8,0.1,Central,In-Store,Debit Card,32.0,4.0,2024-12,2024,Friday
ORD101862,2024-12-20,Home & Kitchen,Coffee Maker,59.0,1,59.0,0.0,Central,In-Store,Credit Card,52.0,5.0,2024-12,2024,Friday
ORD100993,2024-12-21,Apparel,T-Shirt,14.25,2,28.5,0.05,West,Online,Debit Card,65.0,4.0,2024-12,2024,Saturday
ORD103215,2024-12-21,Beauty,Lipstick,15.3,1,15.3,0.15,East,In-Store,Credit Card,63.0,4.0,2024-12,2024,Saturday
ORD101978,2024-12-21,Beauty,Lipstick,17.1,1,17.1,0.05,West,In-Store,Credit Card,53.0,4.0,2024-12,2024,Saturday
ORD100694,2024-12-21,Home & Kitchen,Cookware Set,129.0,6,774.0,0.0,East,In-Store,Credit Card,35.0,4.0,2024-12,2024,Saturday
ORD101793,2024-12-21,Beauty,Moisturizer,19.8,5,99.0,0.1,West,Online,Debit Card,56.0,3.0,2024-12,2024,Saturday
ORD104593,2024-12-21,Electronics,Laptop,899.1,1,899.1,0.1,Central,In-Store,Credit Card,33.0,5.0,2024-12,2024,Saturday
ORD104479,2024-12-21,Home & Kitchen,Blender,37.05,1,37.05,0.05,North,Online,Debit Card,23.0,5.0,2024-12,2024,Saturday
ORD104002,2024-12-21,Sports,Tent,122.55,1,122.55,0.05,North,Online,Cash,21.0,4.0,2024-12,2024,Saturday
ORD104495,2024-12-21,Home & Kitchen,Air Fryer,71.2,6,427.2,0.2,Central,Online,Credit Card,18.0,5.0,2024-12,2024,Saturday
ORD100330,2024-12-21,Home & Kitchen,Blender,35.1,1,35.1,0.1,Central,In-Store,Debit Card,35.0,5.0,2024-12,2024,Saturday
ORD101426,2024-12-21,Sports,Tent,129.0,3,387.0,0.0,West,Online,Debit Card,43.0,4.0,2024-12,2024,Saturday
ORD103557,2024-12-21,Electronics,Laptop,949.05,1,949.05,0.05,East,In-Store,UPI,18.0,5.0,2024-12,2024,Saturday
ORD101077,2024-12-21,Sports,Tent,129.0,1,129.0,0.0,Central,In-Store,UPI,36.0,5.0,2024-12,2024,Saturday
ORD102287,2024-12-22,Electronics,Headphones,46.55,1,46.55,0.05,West,Online,Credit Card,21.0,2.0,2024-12,2024,Sunday
ORD104995,2024-12-22,Home & Kitchen,Coffee Maker,59.0,2,118.0,0.0,West,Online,Credit Card,18.0,5.0,2024-12,2024,Sunday
ORD100617,2024-12-22,Home & Kitchen,Cookware Set,129.0,1,129.0,0.0,North,Online,UPI,61.0,5.0,2024-12,2024,Sunday
ORD100798,2024-12-22,Home & Kitchen,Cookware Set,116.1,1,116.1,0.1,East,Online,Debit Card,54.0,4.0,2024-12,2024,Sunday
ORD101755,2024-12-22,Electronics,Headphones,49.0,1,49.0,0.0,South,Online,Credit Card,29.0,4.0,2024-12,2024,Sunday
ORD100627,2024-12-22,Electronics,Smartphone,664.05,1,664.05,0.05,South,Online,Debit Card,18.0,5.0,2024-12,2024,Sunday
ORD102932,2024-12-22,Beauty,Perfume,65.0,1,65.0,0.0,North,In-Store,UPI,27.0,5.0,2024-12,2024,Sunday
ORD104163,2024-12-22,Sports,Dumbbells,40.5,2,81.0,0.1,East,Online,Credit Card,49.0,5.0,2024-12,2024,Sunday
ORD104612,2024-12-22,Home & Kitchen,Blender,35.1,1,35.1,0.1,West,Online,UPI,35.0,5.0,2024-12,2024,Sunday
ORD101733,2024-12-23,Electronics,Smartphone,699.0,1,699.0,0.0,West,Online,Debit Card,32.0,4.0,2024-12,2024,Monday
ORD102673,2024-12-23,Sports,Tent,129.0,2,258.0,0.0,South,Online,Credit Card,54.0,4.0,2024-12,2024,Monday
ORD103450,2024-12-23,Apparel,Dress,55.0,1,55.0,0.0,North,Online,Debit Card,54.0,5.0,2024-12,2024,Monday
ORD102849,2024-12-23,Apparel,Sneakers,65.0,1,65.0,0.0,West,In-Store,Wallet,29.0,4.0,2024-12,2024,Monday
ORD100509,2024-12-23,Home & Kitchen,Air Fryer,71.2,1,71.2,0.2,West,In-Store,UPI,33.0,5.0,2024-12,2024,Monday
ORD102946,2024-12-23,Beauty,Moisturizer,22.0,2,44.0,0.0,West,Online,Wallet,26.0,5.0,2024-12,2024,Monday
ORD102111,2024-12-23,Electronics,Tablet,314.1,1,314.1,0.1,West,In-Store,Credit Card,41.0,5.0,2024-12,2024,Monday
ORD104103,2024-12-23,Electronics,Headphones,44.1,1,44.1,0.1,West,Online,Debit Card,31.0,4.0,2024-12,2024,Monday
ORD104019,2024-12-24,Beauty,Sunscreen,13.6,1,13.6,0.15,North,Online,Credit Card,41.0,5.0,2024-12,2024,Tuesday
ORD100633,2024-12-24,Sports,Running Shoes,75.05,4,300.2,0.05,Central,Online,Debit Card,31.0,2.0,2024-12,2024,Tuesday
ORD100274,2024-12-24,Apparel,T-Shirt,15.0,1,15.0,0.0,Central,Online,Debit Card,19.0,3.0,2024-12,2024,Tuesday
ORD102859,2024-12-24,Home & Kitchen,Air Fryer,75.65,1,75.65,0.15,Central,Online,Wallet,37.0,5.0,2024-12,2024,Tuesday
ORD102071,2024-12-24,Home & Kitchen,Air Fryer,71.2,1,71.2,0.2,West,Online,Debit Card,36.0,4.0,2024-12,2024,Tuesday
ORD104388,2024-12-25,Sports,Running Shoes,79.0,1,79.0,0.0,East,In-Store,Credit Card,37.0,2.0,2024-12,2024,Wednesday
ORD104550,2024-12-25,Beauty,Perfume,65.0,2,130.0,0.0,South,In-Store,Credit Card,49.0,5.0,2024-12,2024,Wednesday
ORD104665,2024-12-25,Beauty,Perfume,61.75,1,61.75,0.05,South,Online,Debit Card,40.0,5.0,2024-12,2024,Wednesday
ORD101050,2024-12-25,Sports,Bicycle,296.65,1,296.65,0.15,West,Online,UPI,33.0,5.0,2024-12,2024,Wednesday
ORD104263,2024-12-25,Sports,Dumbbells,40.5,1,40.5,0.1,South,In-Store,Credit Card,32.0,4.0,2024-12,2024,Wednesday
ORD104776,2024-12-25,Sports,Tent,122.55,1,122.55,0.05,West,Online,UPI,32.0,4.0,2024-12,2024,Wednesday
ORD102082,2024-12-25,Sports,Bicycle,279.2,1,279.2,0.2,Central,Online,Credit Card,18.0,2.0,2024-12,2024,Wednesday
ORD101295,2024-12-25,Beauty,Shampoo,11.4,1,11.4,0.05,West,Online,Wallet,32.0,4.0,2024-12,2024,Wednesday
ORD102863,2024-12-25,Home & Kitchen,Air Fryer,89.0,1,89.0,0.0,North,Online,Wallet,33.0,3.0,2024-12,2024,Wednesday
ORD104314,2024-12-25,Electronics,Laptop,949.05,1,949.05,0.05,Central,Online,Debit Card,40.0,4.0,2024-12,2024,Wednesday
ORD101285,2024-12-25,Electronics,Smartphone,664.05,1,664.05,0.05,North,Online,Debit Card,34.0,4.0,2024-12,2024,Wednesday
ORD103717,2024-12-25,Apparel,Jacket,89.0,1,89.0,0.0,North,In-Store,Credit Card,19.0,3.0,2024-12,2024,Wednesday
ORD101298,2024-12-26,Beauty,Shampoo,10.2,1,10.2,0.15,South,In-Store,Wallet,38.0,5.0,2024-12,2024,Thursday
ORD102138,2024-12-26,Home & Kitchen,Blender,39.0,1,39.0,0.0,Central,Online,Wallet,56.0,4.0,2024-12,2024,Thursday
ORD101945,2024-12-26,Electronics,Smartphone,699.0,3,2097.0,0.0,Central,In-Store,UPI,31.0,5.0,2024-12,2024,Thursday
ORD104508,2024-12-26,Apparel,Sneakers,58.5,2,117.0,0.1,West,Online,UPI,54.0,3.0,2024-12,2024,Thursday
ORD104728,2024-12-26,Beauty,Lipstick,16.2,1,16.2,0.1,West,Online,Credit Card,32.0,4.0,2024-12,2024,Thursday
ORD102640,2024-12-26,Electronics,Tablet,349.0,2,698.0,0.0,Central,Online,UPI,37.0,5.0,2024-12,2024,Thursday
ORD101815,2024-12-26,Apparel,Sneakers,65.0,2,130.0,0.0,East,Online,Wallet,48.0,5.0,2024-12,2024,Thursday
ORD102606,2024-12-26,Apparel,Dress,52.25,2,104.5,0.05,Central,Online,Cash,35.0,5.0,2024-12,2024,Thursday
ORD103426,2024-12-26,Beauty,Moisturizer,22.0,1,22.0,0.0,West,In-Store,UPI,49.0,4.0,2024-12,2024,Thursday
ORD104516,2024-12-26,Home & Kitchen,Air Fryer,89.0,1,89.0,0.0,East,In-Store,Debit Card,27.0,4.0,2024-12,2024,Thursday
ORD100266,2024-12-26,Beauty,Lipstick,18.0,1,18.0,0.0,South,Online,Debit Card,27.0,4.0,2024-12,2024,Thursday
ORD101807,2024-12-26,Apparel,T-Shirt,15.0,1,15.0,0.0,East,Online,UPI,18.0,5.0,2024-12,2024,Thursday
ORD102595,2024-12-26,Home & Kitchen,Vacuum,149.0,1,149.0,0.0,West,In-Store,UPI,51.0,2.0,2024-12,2024,Thursday
ORD104645,2024-12-27,Home & Kitchen,Vacuum,149.0,1,149.0,0.0,East,Online,Credit Card,38.0,5.0,2024-12,2024,Friday
ORD102006,2024-12-27,Electronics,Smartwatch,179.1,1,179.1,0.1,North,Online,Credit Card,39.0,4.0,2024-12,2024,Friday
ORD103861,2024-12-27,Electronics,Headphones,49.0,1,49.0,0.0,South,In-Store,Credit Card,35.0,5.0,2024-12,2024,Friday
ORD101233,2024-12-27,Home & Kitchen,Vacuum,149.0,1,149.0,0.0,West,Online,Credit Card,50.0,5.0,2024-12,2024,Friday
ORD102120,2024-12-27,Beauty,Perfume,58.5,2,117.0,0.1,East,Online,UPI,35.0,4.0,2024-12,2024,Friday
ORD102347,2024-12-28,Beauty,Perfume,61.75,2,123.5,0.05,South,In-Store,Debit Card,54.0,5.0,2024-12,2024,Saturday
ORD102267,2024-12-28,Apparel,Jacket,84.55,1,84.55,0.05,South,Online,Debit Card,49.0,4.0,2024-12,2024,Saturday
ORD102447,2024-12-28,Sports,Tent,109.65,1,109.65,0.15,South,In-Store,Credit Card,42.0,5.0,2024-12,2024,Saturday
ORD102586,2024-12-28,Apparel,T-Shirt,13.5,3,40.5,0.1,West,In-Store,Debit Card,45.0,5.0,2024-12,2024,Saturday
ORD103491,2024-12-28,Home & Kitchen,Coffee Maker,59.0,2,118.0,0.0,North,In-Store,Credit Card,39.0,4.0,2024-12,2024,Saturday
ORD103562,2024-12-28,Beauty,Lipstick,18.0,1,18.0,0.0,North,In-Store,Debit Card,34.0,4.0,2024-12,2024,Saturday
ORD100842,2024-12-29,Apparel,Dress,49.5,2,99.0,0.1,East,In-Store,Debit Card,42.0,4.0,2024-12,2024,Sunday
ORD100316,2024-12-29,Electronics,Laptop,999.0,1,999.0,0.0,East,In-Store,Cash,24.0,4.0,2024-12,2024,Sunday
ORD102559,2024-12-29,Apparel,Jeans,42.75,1,42.75,0.05,Central,In-Store,Debit Card,20.0,2.0,2024-12,2024,Sunday
ORD100484,2024-12-29,Home & Kitchen,Cookware Set,129.0,1,129.0,0.0,North,In-Store,Cash,33.0,3.0,2024-12,2024,Sunday
ORD104571,2024-12-29,Beauty,Perfume,65.0,5,325.0,0.0,East,Online,Debit Card,18.0,3.0,2024-12,2024,Sunday
ORD104632,2024-12-29,Electronics,Headphones,49.0,2,98.0,0.0,North,Online,Wallet,38.0,5.0,2024-12,2024,Sunday
ORD104791,2024-12-30,Sports,Tent,129.0,1,129.0,0.0,West,In-Store,Debit Card,29.0,5.0,2024-12,2024,Monday
ORD101123,2024-12-30,Sports,Tent,129.0,1,129.0,0.0,West,Online,Credit Card,29.0,5.0,2024-12,2024,Monday
ORD100746,2024-12-30,Apparel,Jeans,36.0,1,36.0,0.2,Central,In-Store,Credit Card,54.0,4.0,2024-12,2024,Monday
ORD101955,2024-12-30,Apparel,Jeans,45.0,1,45.0,0.0,East,Online,Credit Card,41.0,4.0,2024-12,2024,Monday
ORD100508,2024-12-30,Beauty,Perfume,65.0,1,65.0,0.0,South,Online,Wallet,18.0,5.0,2024-12,2024,Monday
ORD103135,2024-12-30,Electronics,Tablet,314.1,1,314.1,0.1,East,Online,Credit Card,63.0,4.0,2024-12,2024,Monday
ORD101565,2024-12-31,Sports,Dumbbells,42.75,1,42.75,0.05,North,Online,Debit Card,35.0,3.0,2024-12,2024,Tuesday
ORD100301,2024-12-31,Beauty,Moisturizer,18.7,1,18.7,0.15,South,Online,Debit Card,40.0,4.0,2024-12,2024,Tuesday
ORD101853,2024-12-31,Apparel,Sneakers,65.0,1,65.0,0.0,West,Online,Debit Card,20.0,4.0,2024-12,2024,Tuesday
ORD104962,2024-12-31,Sports,Dumbbells,45.0,1,45.0,0.0,West,In-Store,UPI,40.0,3.0,2024-12,2024,Tuesday
ORD104864,2024-12-31,Electronics,Smartphone,629.1,1,629.1,0.1,Central,In-Store,Debit Card,40.0,1.0,2024-12,2024,Tuesday
ORD103367,2024-12-31,Home & Kitchen,Cookware Set,122.55,1,122.55,0.05,Central,Online,UPI,41.0,4.0,2024-12,2024,Tuesday
ORD103988,2024-12-31,Sports,Bicycle,349.0,1,349.0,0.0,North,In-Store,Cash,35.0,5.0,2024-12,2024,Tuesday
ORD101341,2024-12-31,Beauty,Perfume,65.0,1,65.0,0.0,North,Online,Debit Card,18.0,5.0,2024-12,2024,Tuesday
ORD100370,2024-12-31,Sports,Running Shoes,79.0,1,79.0,0.0,Central,Online,Credit Card,36.0,4.0,2024-12,2024,Tuesday
ORD101762,2025-01-01,Beauty,Moisturizer,20.9,1,20.9,0.05,West,In-Store,Credit Card,52.0,4.0,2025-01,2025,Wednesday
ORD103041,2025-01-01,Sports,Dumbbells,40.5,2,81.0,0.1,East,Online,Debit Card,60.0,5.0,2025-01,2025,Wednesday
ORD104542,2025-01-01,Electronics,Headphones,41.65,1,41.65,0.15,South,Online,UPI,37.0,5.0,2025-01,2025,Wednesday
ORD103403,2025-01-01,Beauty,Sunscreen,16.0,1,16.0,0.0,East,Online,Cash,36.0,2.0,2025-01,2025,Wednesday
ORD102700,2025-01-01,Sports,Tent,129.0,2,258.0,0.0,Central,Online,Cash,22.0,3.0,2025-01,2025,Wednesday
ORD100295,2025-01-01,Beauty,Perfume,65.0,1,65.0,0.0,East,Online,Debit Card,30.0,4.0,2025-01,2025,Wednesday
ORD103112,2025-01-01,Apparel,Jeans,40.5,2,81.0,0.1,North,Online,Wallet,29.0,5.0,2025-01,2025,Wednesday
ORD104947,2025-01-01,Sports,Dumbbells,42.75,1,42.75,0.05,West,Online,Credit Card,31.0,5.0,2025-01,2025,Wednesday
ORD102396,2025-01-01,Electronics,Smartwatch,179.1,1,179.1,0.1,North,Online,Credit Card,18.0,4.0,2025-01,2025,Wednesday
ORD104606,2025-01-01,Electronics,Smartwatch,179.1,1,179.1,0.1,West,In-Store,Wallet,18.0,4.0,2025-01,2025,Wednesday
ORD100040,2025-01-01,Apparel,Jeans,45.0,1,45.0,0.0,North,Online,Credit Card,55.0,5.0,2025-01,2025,Wednesday
ORD103679,2025-01-01,Home & Kitchen,Air Fryer,89.0,1,89.0,0.0,Central,In-Store,Debit Card,57.0,2.0,2025-01,2025,Wednesday
ORD104131,2025-01-02,Sports,Dumbbells,45.0,2,90.0,0.0,West,In-Store,Debit Card,29.0,4.0,2025-01,2025,Thursday
ORD102970,2025-01-02,Apparel,Jeans,40.5,1,40.5,0.1,East,Online,Debit Card,50.0,4.0,2025-01,2025,Thursday
ORD102843,2025-01-02,Beauty,Sunscreen,16.0,2,32.0,0.0,Central,In-Store,Debit Card,51.0,5.0,2025-01,2025,Thursday
ORD103452,2025-01-02,Home & Kitchen,Vacuum,149.0,1,149.0,0.0,West,Online,Debit Card,58.0,4.0,2025-01,2025,Thursday
ORD102710,2025-01-02,Home & Kitchen,Air Fryer,80.1,2,160.2,0.1,South,Online,Credit Card,36.0,5.0,2025-01,2025,Thursday
ORD101582,2025-01-02,Apparel,T-Shirt,15.0,1,15.0,0.0,North,Online,Debit Card,31.0,3.0,2025-01,2025,Thursday
ORD104585,2025-01-02,Apparel,Jacket,89.0,1,89.0,0.0,North,In-Store,Credit Card,41.0,5.0,2025-01,2025,Thursday
ORD101928,2025-01-02,Sports,Yoga Mat,25.0,1,25.0,0.0,South,In-Store,Debit Card,34.0,3.0,2025-01,2025,Thursday
ORD101339,2025-01-02,Sports,Tent,122.55,1,122.55,0.05,East,Online,Debit Card,32.0,5.0,2025-01,2025,Thursday
ORD101856,2025-01-02,Apparel,Dress,44.0,2,88.0,0.2,North,Online,Credit Card,33.0,5.0,2025-01,2025,Thursday
ORD100233,2025-01-03,Beauty,Moisturizer,22.0,4,88.0,0.0,West,Online,Wallet,29.0,5.0,2025-01,2025,Friday
ORD103431,2025-01-03,Home & Kitchen,Cookware Set,129.0,1,129.0,0.0,North,Online,UPI,66.0,4.0,2025-01,2025,Friday
ORD103642,2025-01-03,Home & Kitchen,Cookware Set,122.55,2,245.1,0.05,North,Online,Debit Card,32.0,4.0,2025-01,2025,Friday
ORD102077,2025-01-03,Sports,Tent,129.0,1,129.0,0.0,West,Online,Credit Card,28.0,4.0,2025-01,2025,Friday
ORD102163,2025-01-03,Apparel,Jeans,45.0,2,90.0,0.0,East,Online,Credit Card,44.0,5.0,2025-01,2025,Friday
ORD104742,2025-01-03,Apparel,Sneakers,65.0,1,65.0,0.0,North,In-Store,Debit Card,37.0,5.0,2025-01,2025,Friday
ORD101870,2025-01-03,Sports,Tent,129.0,1,129.0,0.0,West,In-Store,Debit Card,50.0,5.0,2025-01,2025,Friday
ORD100038,2025-01-03,Sports,Bicycle,314.1,2,628.2,0.1,North,Online,Debit Card,18.0,4.0,2025-01,2025,Friday
ORD103825,2025-01-04,Sports,Running Shoes,79.0,1,79.0,0.0,Central,Online,Cash,44.0,5.0,2025-01,2025,Saturday
ORD104730,2025-01-04,Beauty,Perfume,65.0,1,65.0,0.0,South,In-Store,Credit Card,18.0,4.0,2025-01,2025,Saturday
ORD103981,2025-01-04,Sports,Tent,109.65,2,219.3,0.15,North,Online,Credit Card,43.0,3.0,2025-01,2025,Saturday
ORD104420,2025-01-04,Electronics,Headphones,49.0,1,49.0,0.0,East,Online,Credit Card,18.0,4.0,2025-01,2025,Saturday
ORD104825,2025-01-04,Beauty,Moisturizer,22.0,1,22.0,0.0,West,Online,Credit Card,32.0,4.0,2025-01,2025,Saturday
ORD103918,2025-01-04,Electronics,Smartwatch,189.05,1,189.05,0.05,East,In-Store,Debit Card,44.0,4.0,2025-01,2025,Saturday
ORD103875,2025-01-04,Home & Kitchen,Blender,39.0,1,39.0,0.0,South,Online,UPI,43.0,3.0,2025-01,2025,Saturday
ORD102487,2025-01-04,Beauty,Lipstick,18.0,2,36.0,0.0,East,Online,Debit Card,34.0,3.0,2025-01,2025,Saturday
ORD104450,2025-01-04,Electronics,Tablet,349.0,1,349.0,0.0,Central,In-Store,Credit Card,40.0,5.0,2025-01,2025,Saturday
ORD103629,2025-01-04,Apparel,Sneakers,65.0,5,325.0,0.0,Central,In-Store,Cash,18.0,5.0,2025-01,2025,Saturday
ORD102435,2025-01-05,Beauty,Lipstick,14.4,1,14.4,0.2,South,Online,Credit Card,31.0,4.0,2025-01,2025,Sunday
ORD100130,2025-01-05,Home & Kitchen,Coffee Maker,50.15,1,50.15,0.15,Central,Online,Cash,42.0,4.0,2025-01,2025,Sunday
ORD101523,2025-01-05,Electronics,Laptop,949.05,1,949.05,0.05,North,Online,UPI,42.0,4.0,2025-01,2025,Sunday
ORD100651,2025-01-05,Apparel,Dress,49.5,1,49.5,0.1,North,Online,UPI,37.0,1.0,2025-01,2025,Sunday
ORD104910,2025-01-05,Home & Kitchen,Blender,31.2,1,31.2,0.2,West,Online,Cash,38.0,5.0,2025-01,2025,Sunday
ORD101578,2025-01-05,Home & Kitchen,Blender,39.0,1,39.0,0.0,East,Online,UPI,45.0,5.0,2025-01,2025,Sunday
ORD104746,2025-01-05,Beauty,Lipstick,18.0,2,36.0,0.0,South,In-Store,Credit Card,24.0,5.0,2025-01,2025,Sunday
ORD102804,2025-01-05,Home & Kitchen,Vacuum,149.0,2,298.0,0.0,Central,Online,UPI,36.0,5.0,2025-01,2025,Sunday
ORD103279,2025-01-05,Electronics,Smartwatch,179.1,1,179.1,0.1,North,Online,Credit Card,28.0,3.0,2025-01,2025,Sunday
ORD102500,2025-01-05,Electronics,Headphones,49.0,2,98.0,0.0,North,Online,UPI,43.0,5.0,2025-01,2025,Sunday
ORD101228,2025-01-05,Beauty,Shampoo,10.2,1,10.2,0.15,East,Online,Credit Card,39.0,4.0,2025-01,2025,Sunday
ORD103649,2025-01-06,Apparel,Dress,55.0,2,110.0,0.0,Central,Online,Debit Card,51.0,4.0,2025-01,2025,Monday
ORD100553,2025-01-06,Apparel,Dress,52.25,1,52.25,0.05,West,In-Store,Debit Card,29.0,5.0,2025-01,2025,Monday
ORD104129,2025-01-06,Home & Kitchen,Blender,39.0,1,39.0,0.0,North,Online,Debit Card,31.0,4.0,2025-01,2025,Monday
ORD102240,2025-01-06,Electronics,Laptop,949.05,2,1898.1,0.05,Central,Online,Debit Card,30.0,2.0,2025-01,2025,Monday
ORD100596,2025-01-06,Sports,Bicycle,349.0,1,349.0,0.0,West,Online,Debit Card,37.0,5.0,2025-01,2025,Monday
ORD100537,2025-01-06,Apparel,Dress,55.0,2,110.0,0.0,East,Online,Debit Card,48.0,4.0,2025-01,2025,Monday
ORD104502,2025-01-06,Sports,Yoga Mat,25.0,1,25.0,0.0,West,Online,Credit Card,31.0,4.0,2025-01,2025,Monday
ORD101854,2025-01-07,Apparel,Jeans,40.5,2,81.0,0.1,Central,Online,Cash,38.0,5.0,2025-01,2025,Tuesday
ORD102625,2025-01-07,Sports,Running Shoes,75.05,1,75.05,0.05,West,In-Store,Debit Card,41.0,4.0,2025-01,2025,Tuesday
ORD102214,2025-01-07,Electronics,Tablet,349.0,1,349.0,0.0,South,In-Store,Cash,42.0,3.0,2025-01,2025,Tuesday
ORD100514,2025-01-07,Sports,Running Shoes,71.1,1,71.1,0.1,East,In-Store,Credit Card,30.0,4.0,2025-01,2025,Tuesday
ORD104270,2025-01-07,Home & Kitchen,Vacuum,149.0,1,149.0,0.0,Central,In-Store,Debit Card,27.0,4.0,2025-01,2025,Tuesday
ORD103695,2025-01-07,Apparel,Sneakers,61.75,1,61.75,0.05,South,In-Store,Wallet,34.0,4.0,2025-01,2025,Tuesday
ORD102802,2025-01-07,Apparel,Dress,52.25,1,52.25,0.05,Central,Online,Cash,32.0,5.0,2025-01,2025,Tuesday
ORD103540,2025-01-07,Beauty,Lipstick,18.0,4,72.0,0.0,Central,In-Store,Cash,46.0,4.0,2025-01,2025,Tuesday
ORD103730,2025-01-08,Home & Kitchen,Coffee Maker,59.0,1,59.0,0.0,Central,Online,UPI,22.0,4.0,2025-01,2025,Wednesday
ORD101281,2025-01-08,Apparel,Sneakers,61.75,3,185.25,0.05,West,In-Store,Credit Card,26.0,3.0,2025-01,2025,Wednesday
ORD104120,2025-01-08,Apparel,Jacket,89.0,2,178.0,0.0,Central,Online,UPI,26.0,5.0,2025-01,2025,Wednesday
ORD103322,2025-01-08,Apparel,Jeans,45.0,1,45.0,0.0,South,Online,Credit Card,43.0,5.0,2025-01,2025,Wednesday
ORD103443,2025-01-08,Electronics,Headphones,41.65,4,166.6,0.15,North,In-Store,Credit Card,31.0,5.0,2025-01,2025,Wednesday
ORD101598,2025-01-08,Apparel,T-Shirt,15.0,1,15.0,0.0,South,Online,UPI,50.0,3.0,2025-01,2025,Wednesday
ORD102067,2025-01-08,Home & Kitchen,Blender,31.2,2,62.4,0.2,Central,In-Store,Debit Card,52.0,5.0,2025-01,2025,Wednesday
ORD103896,2025-01-08,Electronics,Tablet,314.1,2,628.2,0.1,East,In-Store,UPI,42.0,5.0,2025-01,2025,Wednesday
ORD104295,2025-01-08,Home & Kitchen,Vacuum,149.0,1,149.0,0.0,South,In-Store,UPI,28.0,5.0,2025-01,2025,Wednesday
ORD101682,2025-01-08,Apparel,T-Shirt,13.5,2,27.0,0.1,Central,Online,Debit Card,46.0,5.0,2025-01,2025,Wednesday
ORD104660,2025-01-09,Beauty,Shampoo,12.0,1,12.0,0.0,Central,Online,Credit Card,24.0,4.0,2025-01,2025,Thursday
ORD101092,2025-01-09,Apparel,Dress,49.5,2,99.0,0.1,South,Online,Wallet,25.0,5.0,2025-01,2025,Thursday
ORD104395,2025-01-10,Sports,Dumbbells,38.25,1,38.25,0.15,West,Online,UPI,40.0,5.0,2025-01,2025,Friday
ORD104216,2025-01-10,Apparel,Jacket,84.55,1,84.55,0.05,North,Online,UPI,37.0,4.0,2025-01,2025,Friday
ORD104292,2025-01-10,Sports,Yoga Mat,22.5,1,22.5,0.1,North,In-Store,Debit Card,43.0,2.0,2025-01,2025,Friday
ORD102382,2025-01-10,Apparel,Jeans,40.5,1,40.5,0.1,Central,In-Store,Wallet,25.0,4.0,2025-01,2025,Friday
ORD100213,2025-01-10,Electronics,Headphones,49.0,1,49.0,0.0,East,Online,UPI,56.0,4.0,2025-01,2025,Friday
ORD102617,2025-01-10,Electronics,Tablet,314.1,1,314.1,0.1,Central,In-Store,Credit Card,36.0,2.0,2025-01,2025,Friday
ORD103049,2025-01-10,Apparel,Dress,55.0,1,55.0,0.0,South,In-Store,Debit Card,36.0,3.0,2025-01,2025,Friday
ORD100384,2025-01-10,Sports,Yoga Mat,22.5,3,67.5,0.1,West,Online,Credit Card,42.0,2.0,2025-01,2025,Friday
ORD103816,2025-01-11,Home & Kitchen,Cookware Set,129.0,1,129.0,0.0,Central,In-Store,Debit Card,37.0,5.0,2025-01,2025,Saturday
ORD102388,2025-01-11,Home & Kitchen,Blender,37.05,2,74.1,0.05,South,In-Store,Credit Card,42.0,4.0,2025-01,2025,Saturday
ORD102255,2025-01-11,Home & Kitchen,Vacuum,149.0,1,149.0,0.0,South,In-Store,Wallet,33.0,4.0,2025-01,2025,Saturday
ORD102409,2025-01-11,Electronics,Headphones,49.0,1,49.0,0.0,Central,Online,UPI,24.0,4.0,2025-01,2025,Saturday
ORD102061,2025-01-11,Apparel,Dress,55.0,1,55.0,0.0,East,Online,UPI,29.0,5.0,2025-01,2025,Saturday
ORD103768,2025-01-11,Electronics,Smartwatch,169.15,2,338.3,0.15,Central,Online,Wallet,32.0,2.0,2025-01,2025,Saturday
ORD103425,2025-01-12,Apparel,Dress,55.0,2,110.0,0.0,North,Online,Debit Card,31.0,4.0,2025-01,2025,Sunday
ORD100972,2025-01-12,Beauty,Shampoo,10.8,1,10.8,0.1,North,Online,UPI,37.0,5.0,2025-01,2025,Sunday
ORD100090,2025-01-12,Sports,Yoga Mat,25.0,1,25.0,0.0,Central,Online,Credit Card,23.0,5.0,2025-01,2025,Sunday
ORD103893,2025-01-12,Apparel,Jeans,36.0,1,36.0,0.2,East,In-Store,Credit Card,30.0,4.0,2025-01,2025,Sunday
ORD103183,2025-01-12,Home & Kitchen,Air Fryer,80.1,3,240.3,0.1,West,Online,Credit Card,18.0,3.0,2025-01,2025,Sunday
ORD103382,2025-01-12,Apparel,Jacket,89.0,1,89.0,0.0,East,In-Store,UPI,47.0,4.0,2025-01,2025,Sunday
ORD100786,2025-01-12,Electronics,Tablet,349.0,2,698.0,0.0,North,Online,UPI,35.0,3.0,2025-01,2025,Sunday
ORD100325,2025-01-12,Beauty,Sunscreen,16.0,1,16.0,0.0,South,In-Store,Cash,47.0,5.0,2025-01,2025,Sunday
ORD101500,2025-01-12,Sports,Dumbbells,45.0,1,45.0,0.0,South,In-Store,Credit Card,52.0,4.0,2025-01,2025,Sunday
ORD101207,2025-01-12,Sports,Dumbbells,45.0,1,45.0,0.0,North,Online,Debit Card,31.0,5.0,2025-01,2025,Sunday
ORD103596,2025-01-12,Electronics,Headphones,49.0,1,49.0,0.0,Central,Online,Credit Card,27.0,3.0,2025-01,2025,Sunday
ORD103849,2025-01-13,Sports,Tent,129.0,1,129.0,0.0,South,Online,UPI,25.0,5.0,2025-01,2025,Monday
ORD101617,2025-01-13,Electronics,Smartwatch,199.0,1,199.0,0.0,South,In-Store,Credit Card,18.0,5.0,2025-01,2025,Monday
ORD102852,2025-01-13,Beauty,Lipstick,18.0,1,18.0,0.0,Central,In-Store,Cash,42.0,2.0,2025-01,2025,Monday
ORD104754,2025-01-13,Home & Kitchen,Blender,39.0,1,39.0,0.0,South,Online,Credit Card,29.0,5.0,2025-01,2025,Monday
ORD104266,2025-01-13,Electronics,Laptop,849.15,2,1698.3,0.15,North,Online,Debit Card,20.0,4.0,2025-01,2025,Monday
ORD103490,2025-01-13,Beauty,Lipstick,16.2,1,16.2,0.1,West,Online,Cash,44.0,4.0,2025-01,2025,Monday
ORD104224,2025-01-13,Apparel,Jacket,89.0,5,445.0,0.0,West,Online,Debit Card,31.0,4.0,2025-01,2025,Monday
ORD103257,2025-01-13,Apparel,Jeans,45.0,1,45.0,0.0,Central,Online,Credit Card,44.0,4.0,2025-01,2025,Monday
ORD100339,2025-01-14,Sports,Bicycle,349.0,2,698.0,0.0,South,In-Store,Credit Card,50.0,4.0,2025-01,2025,Tuesday
ORD102518,2025-01-14,Home & Kitchen,Air Fryer,89.0,1,89.0,0.0,East,Online,Cash,22.0,4.0,2025-01,2025,Tuesday
ORD102772,2025-01-14,Beauty,Lipstick,16.2,2,32.4,0.1,Central,In-Store,Wallet,41.0,5.0,2025-01,2025,Tuesday
ORD101290,2025-01-15,Home & Kitchen,Blender,31.2,2,62.4,0.2,South,Online,Debit Card,36.0,5.0,2025-01,2025,Wednesday
ORD104819,2025-01-15,Sports,Bicycle,279.2,3,837.6,0.2,South,In-Store,UPI,36.0,4.0,2025-01,2025,Wednesday
ORD102381,2025-01-15,Beauty,Perfume,65.0,2,130.0,0.0,West,Online,Credit Card,27.0,5.0,2025-01,2025,Wednesday
ORD101911,2025-01-15,Apparel,Sneakers,65.0,4,260.0,0.0,North,In-Store,UPI,31.0,4.0,2025-01,2025,Wednesday
ORD104070,2025-01-15,Beauty,Perfume,65.0,1,65.0,0.0,Central,Online,UPI,32.0,4.0,2025-01,2025,Wednesday
ORD103756,2025-01-15,Apparel,Sneakers,65.0,1,65.0,0.0,South,Online,Credit Card,35.0,5.0,2025-01,2025,Wednesday
ORD100759,2025-01-15,Home & Kitchen,Air Fryer,84.55,1,84.55,0.05,West,Online,Credit Card,29.0,4.0,2025-01,2025,Wednesday
ORD103789,2025-01-16,Sports,Tent,109.65,1,109.65,0.15,North,Online,Credit Card,18.0,5.0,2025-01,2025,Thursday
ORD103678,2025-01-16,Beauty,Moisturizer,18.7,1,18.7,0.15,West,In-Store,Debit Card,18.0,5.0,2025-01,2025,Thursday
ORD104758,2025-01-16,Home & Kitchen,Vacuum,134.1,2,268.2,0.1,East,In-Store,UPI,31.0,1.0,2025-01,2025,Thursday
ORD104704,2025-01-17,Home & Kitchen,Vacuum,134.1,2,268.2,0.1,East,Online,Wallet,23.0,4.0,2025-01,2025,Friday
ORD104169,2025-01-17,Home & Kitchen,Air Fryer,84.55,1,84.55,0.05,North,Online,Wallet,39.0,5.0,2025-01,2025,Friday
ORD100235,2025-01-17,Electronics,Tablet,349.0,2,698.0,0.0,West,Online,Debit Card,23.0,3.0,2025-01,2025,Friday
ORD104403,2025-01-17,Apparel,T-Shirt,14.25,1,14.25,0.05,South,In-Store,UPI,18.0,5.0,2025-01,2025,Friday
ORD104137,2025-01-17,Beauty,Perfume,65.0,5,325.0,0.0,North,Online,Credit Card,18.0,4.0,2025-01,2025,Friday
ORD102418,2025-01-17,Electronics,Smartphone,664.05,2,1328.1,0.05,North,In-Store,UPI,26.0,4.0,2025-01,2025,Friday
ORD100419,2025-01-17,Home & Kitchen,Cookware Set,129.0,1,129.0,0.0,Central,Online,Wallet,18.0,4.0,2025-01,2025,Friday
ORD103646,2025-01-17,Sports,Yoga Mat,25.0,4,100.0,0.0,West,Online,Wallet,27.0,4.0,2025-01,2025,Friday
ORD102245,2025-01-18,Sports,Yoga Mat,21.25,1,21.25,0.15,West,In-Store,Debit Card,26.0,5.0,2025-01,2025,Saturday
ORD100317,2025-01-18,Home & Kitchen,Coffee Maker,59.0,1,59.0,0.0,West,Online,UPI,33.0,5.0,2025-01,2025,Saturday
ORD100638,2025-01-18,Apparel,T-Shirt,14.25,1,14.25,0.05,East,Online,Credit Card,37.0,4.0,2025-01,2025,Saturday
ORD104902,2025-01-18,Apparel,Jacket,89.0,1,89.0,0.0,Central,In-Store,Wallet,46.0,4.0,2025-01,2025,Saturday
ORD103140,2025-01-19,Beauty,Perfume,55.25,1,55.25,0.15,West,Online,Cash,45.0,5.0,2025-01,2025,Sunday
ORD103326,2025-01-19,Home & Kitchen,Blender,39.0,3,117.0,0.0,West,Online,Debit Card,24.0,4.0,2025-01,2025,Sunday
ORD100812,2025-01-19,Beauty,Perfume,65.0,1,65.0,0.0,West,In-Store,Cash,22.0,5.0,2025-01,2025,Sunday
ORD101719,2025-01-19,Sports,Bicycle,331.55,1,331.55,0.05,North,In-Store,Debit Card,31.0,5.0,2025-01,2025,Sunday
ORD104265,2025-01-20,Sports,Dumbbells,45.0,1,45.0,0.0,North,Online,Cash,27.0,2.0,2025-01,2025,Monday
ORD102139,2025-01-20,Electronics,Smartwatch,199.0,2,398.0,0.0,Central,Online,UPI,18.0,5.0,2025-01,2025,Monday
ORD100323,2025-01-20,Electronics,Tablet,296.65,2,593.3,0.15,East,Online,Credit Card,52.0,5.0,2025-01,2025,Monday
ORD100643,2025-01-20,Home & Kitchen,Cookware Set,129.0,1,129.0,0.0,East,Online,Debit Card,23.0,4.0,2025-01,2025,Monday
ORD100562,2025-01-20,Electronics,Smartphone,664.05,1,664.05,0.05,Central,In-Store,Credit Card,38.0,5.0,2025-01,2025,Monday
ORD100026,2025-01-20,Apparel,Jeans,40.5,2,81.0,0.1,East,In-Store,Debit Card,25.0,4.0,2025-01,2025,Monday
ORD102816,2025-01-21,Home & Kitchen,Blender,33.15,1,33.15,0.15,North,Online,Debit Card,32.0,5.0,2025-01,2025,Tuesday
ORD103623,2025-01-21,Sports,Tent,122.55,2,245.1,0.05,South,Online,Credit Card,51.0,4.0,2025-01,2025,Tuesday
ORD104831,2025-01-21,Electronics,Smartwatch,199.0,1,199.0,0.0,South,Online,Credit Card,18.0,5.0,2025-01,2025,Tuesday
ORD100448,2025-01-21,Apparel,Jacket,89.0,2,178.0,0.0,North,Online,Cash,20.0,5.0,2025-01,2025,Tuesday
ORD101320,2025-01-21,Sports,Tent,129.0,1,129.0,0.0,Central,In-Store,Wallet,18.0,3.0,2025-01,2025,Tuesday
ORD102514,2025-01-21,Home & Kitchen,Blender,39.0,1,39.0,0.0,Central,Online,Cash,27.0,5.0,2025-01,2025,Tuesday
ORD100421,2025-01-21,Sports,Running Shoes,71.1,1,71.1,0.1,East,Online,Debit Card,35.0,4.0,2025-01,2025,Tuesday
ORD104639,2025-01-21,Beauty,Moisturizer,22.0,1,22.0,0.0,East,Online,Debit Card,33.0,3.0,2025-01,2025,Tuesday
ORD101948,2025-01-21,Apparel,Dress,55.0,1,55.0,0.0,West,In-Store,Debit Card,34.0,3.0,2025-01,2025,Tuesday
ORD102862,2025-01-22,Beauty,Lipstick,17.1,2,34.2,0.05,South,Online,Credit Card,50.0,5.0,2025-01,2025,Wednesday
ORD103239,2025-01-22,Sports,Bicycle,349.0,2,698.0,0.0,South,In-Store,Credit Card,18.0,4.0,2025-01,2025,Wednesday
ORD102099,2025-01-22,Beauty,Moisturizer,22.0,1,22.0,0.0,West,In-Store,Debit Card,36.0,4.0,2025-01,2025,Wednesday
ORD102900,2025-01-22,Electronics,Smartphone,699.0,1,699.0,0.0,Central,Online,Credit Card,34.0,4.0,2025-01,2025,Wednesday
ORD104281,2025-01-22,Home & Kitchen,Cookware Set,122.55,1,122.55,0.05,West,Online,Credit Card,23.0,4.0,2025-01,2025,Wednesday
ORD103253,2025-01-22,Beauty,Perfume,65.0,1,65.0,0.0,East,In-Store,UPI,26.0,3.0,2025-01,2025,Wednesday
ORD104233,2025-01-22,Sports,Running Shoes,79.0,1,79.0,0.0,South,Online,Credit Card,32.0,1.0,2025-01,2025,Wednesday
ORD103219,2025-01-22,Electronics,Smartphone,699.0,2,1398.0,0.0,North,Online,Credit Card,56.0,3.0,2025-01,2025,Wednesday
ORD100618,2025-01-23,Home & Kitchen,Coffee Maker,59.0,1,59.0,0.0,East,In-Store,Credit Card,30.0,5.0,2025-01,2025,Thursday
ORD103365,2025-01-23,Apparel,Jacket,71.2,2,142.4,0.2,West,In-Store,Wallet,39.0,3.0,2025-01,2025,Thursday
ORD103186,2025-01-23,Home & Kitchen,Blender,39.0,1,39.0,0.0,South,Online,Cash,27.0,3.0,2025-01,2025,Thursday
ORD100579,2025-01-23,Sports,Dumbbells,42.75,1,42.75,0.05,Central,Online,UPI,35.0,4.0,2025-01,2025,Thursday
ORD104071,2025-01-23,Apparel,Dress,49.5,2,99.0,0.1,Central,In-Store,Cash,38.0,5.0,2025-01,2025,Thursday
ORD102173,2025-01-23,Electronics,Laptop,999.0,1,999.0,0.0,Central,Online,Credit Card,28.0,4.0,2025-01,2025,Thursday
ORD102632,2025-01-24,Apparel,Jacket,75.65,2,151.3,0.15,Central,In-Store,Cash,22.0,3.0,2025-01,2025,Friday
ORD104785,2025-01-24,Electronics,Tablet,314.1,1,314.1,0.1,South,In-Store,UPI,50.0,4.0,2025-01,2025,Friday
ORD101373,2025-01-24,Beauty,Shampoo,12.0,1,12.0,0.0,East,Online,Wallet,29.0,4.0,2025-01,2025,Friday
ORD102043,2025-01-24,Beauty,Perfume,58.5,1,58.5,0.1,North,Online,Credit Card,51.0,4.0,2025-01,2025,Friday
ORD102983,2025-01-24,Sports,Tent,116.1,1,116.1,0.1,North,In-Store,UPI,19.0,4.0,2025-01,2025,Friday
ORD104547,2025-01-25,Apparel,Jacket,89.0,1,89.0,0.0,Central,Online,UPI,18.0,3.0,2025-01,2025,Saturday
ORD104110,2025-01-25,Beauty,Sunscreen,13.6,1,13.6,0.15,Central,Online,Debit Card,19.0,2.0,2025-01,2025,Saturday
ORD104657,2025-01-26,Apparel,Jacket,89.0,1,89.0,0.0,Central,In-Store,Credit Card,27.0,3.0,2025-01,2025,Sunday
ORD101566,2025-01-26,Apparel,Jeans,45.0,2,90.0,0.0,North,Online,Debit Card,24.0,4.0,2025-01,2025,Sunday
ORD103990,2025-01-26,Apparel,Sneakers,65.0,1,65.0,0.0,East,In-Store,Credit Card,26.0,5.0,2025-01,2025,Sunday
ORD103182,2025-01-26,Electronics,Headphones,49.0,2,98.0,0.0,East,In-Store,Credit Card,26.0,4.0,2025-01,2025,Sunday
ORD104246,2025-01-26,Sports,Running Shoes,75.05,1,75.05,0.05,East,Online,UPI,30.0,4.0,2025-01,2025,Sunday
ORD104511,2025-01-26,Beauty,Perfume,65.0,1,65.0,0.0,North,In-Store,Credit Card,40.0,3.0,2025-01,2025,Sunday
ORD101908,2025-01-26,Apparel,Jeans,40.5,1,40.5,0.1,Central,Online,Debit Card,53.0,4.0,2025-01,2025,Sunday
ORD101527,2025-01-26,Beauty,Perfume,52.0,1,52.0,0.2,West,In-Store,Credit Card,29.0,3.0,2025-01,2025,Sunday
ORD103137,2025-01-26,Electronics,Headphones,46.55,1,46.55,0.05,South,Online,UPI,18.0,5.0,2025-01,2025,Sunday
ORD103471,2025-01-26,Beauty,Moisturizer,19.8,2,39.6,0.1,South,In-Store,Debit Card,32.0,3.0,2025-01,2025,Sunday
ORD104979,2025-01-26,Apparel,Sneakers,65.0,4,260.0,0.0,North,Online,Credit Card,49.0,3.0,2025-01,2025,Sunday
ORD102535,2025-01-27,Beauty,Sunscreen,15.2,1,15.2,0.05,West,In-Store,Credit Card,18.0,4.0,2025-01,2025,Monday
ORD103818,2025-01-27,Electronics,Smartphone,699.0,2,1398.0,0.0,East,In-Store,UPI,27.0,5.0,2025-01,2025,Monday
ORD101407,2025-01-27,Home & Kitchen,Coffee Maker,59.0,2,118.0,0.0,West,Online,Debit Card,20.0,5.0,2025-01,2025,Monday
ORD104198,2025-01-27,Electronics,Smartwatch,179.1,1,179.1,0.1,Central,Online,Credit Card,36.0,5.0,2025-01,2025,Monday
ORD104524,2025-01-27,Apparel,Jacket,80.1,2,160.2,0.1,East,Online,UPI,26.0,3.0,2025-01,2025,Monday
ORD101942,2025-01-28,Sports,Yoga Mat,25.0,1,25.0,0.0,North,In-Store,Credit Card,35.0,5.0,2025-01,2025,Tuesday
ORD101525,2025-01-28,Beauty,Shampoo,10.2,1,10.2,0.15,North,Online,Debit Card,32.0,2.0,2025-01,2025,Tuesday
ORD103592,2025-01-28,Electronics,Smartwatch,189.05,1,189.05,0.05,West,In-Store,Debit Card,34.0,5.0,2025-01,2025,Tuesday
ORD101243,2025-01-28,Electronics,Laptop,949.05,1,949.05,0.05,West,In-Store,Wallet,31.0,4.0,2025-01,2025,Tuesday
ORD104544,2025-01-28,Home & Kitchen,Blender,35.1,1,35.1,0.1,North,Online,Debit Card,49.0,5.0,2025-01,2025,Tuesday
ORD104592,2025-01-28,Home & Kitchen,Air Fryer,75.65,1,75.65,0.15,West,In-Store,Debit Card,37.0,4.0,2025-01,2025,Tuesday
ORD104674,2025-01-28,Apparel,Dress,55.0,1,55.0,0.0,East,Online,Wallet,51.0,3.0,2025-01,2025,Tuesday
ORD103311,2025-01-28,Beauty,Lipstick,16.2,1,16.2,0.1,West,Online,Wallet,47.0,5.0,2025-01,2025,Tuesday
ORD100790,2025-01-28,Sports,Tent,129.0,1,129.0,0.0,Central,Online,Credit Card,25.0,3.0,2025-01,2025,Tuesday
ORD101557,2025-01-28,Electronics,Laptop,999.0,1,999.0,0.0,North,In-Store,Wallet,41.0,4.0,2025-01,2025,Tuesday
ORD100532,2025-01-29,Electronics,Tablet,314.1,1,314.1,0.1,South,In-Store,UPI,27.0,4.0,2025-01,2025,Wednesday
ORD101907,2025-01-29,Beauty,Shampoo,12.0,2,24.0,0.0,Central,Online,UPI,35.0,4.0,2025-01,2025,Wednesday
ORD103463,2025-01-29,Beauty,Perfume,65.0,1,65.0,0.0,North,Online,Debit Card,36.0,1.0,2025-01,2025,Wednesday
ORD100238,2025-01-29,Beauty,Sunscreen,16.0,2,32.0,0.0,West,Online,Credit Card,23.0,5.0,2025-01,2025,Wednesday
ORD102123,2025-01-29,Apparel,Jeans,45.0,1,45.0,0.0,East,Online,Wallet,36.0,4.0,2025-01,2025,Wednesday
ORD103231,2025-01-29,Electronics,Laptop,999.0,1,999.0,0.0,North,Online,Credit Card,47.0,5.0,2025-01,2025,Wednesday
ORD100645,2025-01-29,Home & Kitchen,Vacuum,149.0,2,298.0,0.0,Central,In-Store,Cash,18.0,5.0,2025-01,2025,Wednesday
ORD101606,2025-01-29,Beauty,Shampoo,12.0,1,12.0,0.0,South,Online,UPI,22.0,5.0,2025-01,2025,Wednesday
ORD104588,2025-01-29,Home & Kitchen,Air Fryer,71.2,1,71.2,0.2,South,Online,Debit Card,36.0,3.0,2025-01,2025,Wednesday
ORD101189,2025-01-30,Beauty,Moisturizer,22.0,2,44.0,0.0,West,In-Store,Debit Card,44.0,2.0,2025-01,2025,Thursday
ORD102982,2025-01-30,Apparel,Jeans,45.0,1,45.0,0.0,Central,In-Store,Credit Card,36.0,4.0,2025-01,2025,Thursday
ORD101414,2025-01-30,Home & Kitchen,Air Fryer,89.0,1,89.0,0.0,North,Online,Wallet,48.0,4.0,2025-01,2025,Thursday
ORD104536,2025-01-30,Sports,Tent,129.0,1,129.0,0.0,South,Online,Credit Card,33.0,4.0,2025-01,2025,Thursday
ORD104186,2025-01-30,Apparel,Sneakers,65.0,4,260.0,0.0,East,Online,Credit Card,33.0,5.0,2025-01,2025,Thursday
ORD102046,2025-01-30,Sports,Yoga Mat,23.75,2,47.5,0.05,South,Online,Credit Card,37.0,5.0,2025-01,2025,Thursday
ORD103338,2025-01-30,Beauty,Moisturizer,22.0,1,22.0,0.0,South,Online,UPI,43.0,5.0,2025-01,2025,Thursday
ORD101872,2025-01-31,Apparel,Jacket,84.55,2,169.1,0.05,North,In-Store,UPI,44.0,4.0,2025-01,2025,Friday
ORD103303,2025-01-31,Apparel,T-Shirt,15.0,1,15.0,0.0,South,In-Store,Debit Card,46.0,5.0,2025-01,2025,Friday
ORD101769,2025-01-31,Electronics,Smartwatch,189.05,1,189.05,0.05,Central,Online,Credit Card,27.0,5.0,2025-01,2025,Friday
ORD103935,2025-01-31,Apparel,Jeans,45.0,1,45.0,0.0,West,Online,Debit Card,20.0,4.0,2025-01,2025,Friday
ORD102835,2025-01-31,Apparel,Dress,46.75,1,46.75,0.15,West,In-Store,Cash,28.0,3.0,2025-01,2025,Friday
ORD102002,2025-01-31,Home & Kitchen,Coffee Maker,59.0,1,59.0,0.0,West,In-Store,Credit Card,19.0,2.0,2025-01,2025,Friday
ORD104857,2025-02-01,Beauty,Sunscreen,16.0,1,16.0,0.0,South,Online,UPI,25.0,3.0,2025-02,2025,Saturday
ORD104678,2025-02-01,Apparel,Dress,46.75,1,46.75,0.15,Central,Online,Credit Card,37.0,4.0,2025-02,2025,Saturday
ORD104275,2025-02-01,Sports,Tent,129.0,1,129.0,0.0,East,In-Store,UPI,43.0,4.0,2025-02,2025,Saturday
ORD101219,2025-02-01,Apparel,Sneakers,58.5,1,58.5,0.1,North,Online,Debit Card,18.0,4.0,2025-02,2025,Saturday
ORD103625,2025-02-01,Home & Kitchen,Vacuum,149.0,1,149.0,0.0,West,In-Store,Wallet,30.0,5.0,2025-02,2025,Saturday
ORD104215,2025-02-01,Apparel,Dress,49.5,1,49.5,0.1,South,Online,Credit Card,30.0,4.0,2025-02,2025,Saturday
ORD102467,2025-02-01,Home & Kitchen,Blender,33.15,1,33.15,0.15,South,In-Store,UPI,31.0,1.0,2025-02,2025,Saturday
ORD100258,2025-02-01,Home & Kitchen,Blender,39.0,2,78.0,0.0,North,In-Store,Credit Card,41.0,2.0,2025-02,2025,Saturday
ORD101069,2025-02-01,Sports,Bicycle,331.55,1,331.55,0.05,West,In-Store,Debit Card,30.0,5.0,2025-02,2025,Saturday
ORD104715,2025-02-02,Apparel,Jeans,45.0,1,45.0,0.0,North,In-Store,Debit Card,32.0,1.0,2025-02,2025,Sunday
ORD103895,2025-02-02,Sports,Bicycle,349.0,4,1396.0,0.0,South,In-Store,UPI,50.0,5.0,2025-02,2025,Sunday
ORD102122,2025-02-02,Home & Kitchen,Blender,39.0,2,78.0,0.0,West,Online,Credit Card,18.0,5.0,2025-02,2025,Sunday
ORD100598,2025-02-02,Beauty,Sunscreen,16.0,1,16.0,0.0,West,Online,Credit Card,31.0,2.0,2025-02,2025,Sunday
ORD102740,2025-02-02,Home & Kitchen,Vacuum,141.55,1,141.55,0.05,South,Online,Debit Card,21.0,5.0,2025-02,2025,Sunday
ORD102537,2025-02-02,Electronics,Laptop,999.0,2,1998.0,0.0,West,In-Store,Credit Card,18.0,5.0,2025-02,2025,Sunday
ORD102670,2025-02-03,Electronics,Headphones,49.0,1,49.0,0.0,East,In-Store,Credit Card,18.0,5.0,2025-02,2025,Monday
ORD103734,2025-02-03,Beauty,Shampoo,12.0,5,60.0,0.0,North,In-Store,Debit Card,30.0,4.0,2025-02,2025,Monday
ORD104349,2025-02-03,Electronics,Headphones,49.0,1,49.0,0.0,West,In-Store,Debit Card,20.0,4.0,2025-02,2025,Monday
ORD104957,2025-02-03,Sports,Tent,129.0,1,129.0,0.0,East,Online,Debit Card,25.0,2.0,2025-02,2025,Monday
ORD104173,2025-02-03,Beauty,Moisturizer,22.0,1,22.0,0.0,West,In-Store,Debit Card,44.0,4.0,2025-02,2025,Monday
ORD103790,2025-02-03,Beauty,Moisturizer,17.6,1,17.6,0.2,East,In-Store,UPI,29.0,5.0,2025-02,2025,Monday
ORD103937,2025-02-04,Apparel,Jeans,45.0,1,45.0,0.0,South,In-Store,UPI,30.0,5.0,2025-02,2025,Tuesday
ORD103614,2025-02-04,Electronics,Smartphone,699.0,1,699.0,0.0,West,Online,Credit Card,18.0,4.0,2025-02,2025,Tuesday
ORD103727,2025-02-04,Sports,Running Shoes,79.0,1,79.0,0.0,North,Online,Credit Card,35.0,3.0,2025-02,2025,Tuesday
ORD100015,2025-02-04,Apparel,Jacket,80.1,1,80.1,0.1,South,In-Store,Debit Card,18.0,2.0,2025-02,2025,Tuesday
ORD100021,2025-02-04,Beauty,Perfume,61.75,1,61.75,0.05,East,In-Store,Credit Card,43.0,4.0,2025-02,2025,Tuesday
ORD101105,2025-02-04,Electronics,Headphones,49.0,3,147.0,0.0,East,Online,Credit Card,22.0,4.0,2025-02,2025,Tuesday
ORD101415,2025-02-05,Electronics,Tablet,349.0,1,349.0,0.0,East,In-Store,Wallet,35.0,5.0,2025-02,2025,Wednesday
ORD100099,2025-02-05,Beauty,Perfume,58.5,1,58.5,0.1,East,Online,Debit Card,29.0,5.0,2025-02,2025,Wednesday
ORD103731,2025-02-05,Sports,Dumbbells,45.0,1,45.0,0.0,West,In-Store,Credit Card,39.0,4.0,2025-02,2025,Wednesday
ORD103082,2025-02-05,Sports,Yoga Mat,20.0,1,20.0,0.2,Central,In-Store,UPI,23.0,4.0,2025-02,2025,Wednesday
ORD102169,2025-02-05,Home & Kitchen,Blender,33.15,2,66.3,0.15,North,In-Store,Credit Card,18.0,4.0,2025-02,2025,Wednesday
ORD103880,2025-02-05,Apparel,Dress,52.25,1,52.25,0.05,North,Online,Credit Card,35.0,4.0,2025-02,2025,Wednesday
ORD100046,2025-02-05,Beauty,Moisturizer,20.9,2,41.8,0.05,North,In-Store,Debit Card,32.0,5.0,2025-02,2025,Wednesday
ORD104104,2025-02-06,Sports,Dumbbells,45.0,1,45.0,0.0,Central,In-Store,Debit Card,54.0,3.0,2025-02,2025,Thursday
ORD102699,2025-02-06,Home & Kitchen,Coffee Maker,59.0,1,59.0,0.0,South,In-Store,Credit Card,37.0,3.0,2025-02,2025,Thursday
ORD103537,2025-02-06,Apparel,Dress,55.0,1,55.0,0.0,South,In-Store,Debit Card,29.0,3.0,2025-02,2025,Thursday
ORD102787,2025-02-06,Home & Kitchen,Cookware Set,109.65,2,219.3,0.15,East,In-Store,Debit Card,41.0,5.0,2025-02,2025,Thursday
ORD102445,2025-02-06,Beauty,Lipstick,16.2,1,16.2,0.1,West,In-Store,Credit Card,21.0,5.0,2025-02,2025,Thursday
ORD100474,2025-02-07,Beauty,Shampoo,11.4,1,11.4,0.05,Central,Online,Debit Card,42.0,5.0,2025-02,2025,Friday
ORD103690,2025-02-07,Sports,Running Shoes,79.0,1,79.0,0.0,South,In-Store,UPI,41.0,5.0,2025-02,2025,Friday
ORD104376,2025-02-07,Home & Kitchen,Vacuum,149.0,2,298.0,0.0,North,Online,Credit Card,25.0,4.0,2025-02,2025,Friday
ORD100292,2025-02-07,Apparel,Dress,46.75,3,140.25,0.15,South,Online,Wallet,35.0,5.0,2025-02,2025,Friday
ORD101199,2025-02-07,Apparel,T-Shirt,15.0,1,15.0,0.0,West,Online,Cash,51.0,4.0,2025-02,2025,Friday
ORD101089,2025-02-08,Apparel,Dress,55.0,2,110.0,0.0,North,In-Store,Wallet,19.0,4.0,2025-02,2025,Saturday
ORD104670,2025-02-08,Home & Kitchen,Coffee Maker,59.0,1,59.0,0.0,North,Online,UPI,25.0,4.0,2025-02,2025,Saturday
ORD101195,2025-02-08,Home & Kitchen,Blender,39.0,1,39.0,0.0,West,Online,Debit Card,18.0,5.0,2025-02,2025,Saturday
ORD101492,2025-02-08,Beauty,Sunscreen,15.2,1,15.2,0.05,South,Online,Credit Card,27.0,5.0,2025-02,2025,Saturday
ORD100277,2025-02-08,Home & Kitchen,Vacuum,134.1,1,134.1,0.1,South,Online,Debit Card,18.0,3.0,2025-02,2025,Saturday
ORD101583,2025-02-09,Beauty,Sunscreen,16.0,1,16.0,0.0,West,In-Store,UPI,37.0,5.0,2025-02,2025,Sunday
ORD103601,2025-02-09,Beauty,Perfume,65.0,5,325.0,0.0,North,Online,Wallet,35.0,3.0,2025-02,2025,Sunday
ORD100217,2025-02-09,Beauty,Lipstick,18.0,2,36.0,0.0,South,Online,Debit Card,30.0,5.0,2025-02,2025,Sunday
ORD104985,2025-02-09,Apparel,Jacket,84.55,2,169.1,0.05,South,Online,Credit Card,22.0,2.0,2025-02,2025,Sunday
ORD100997,2025-02-09,Beauty,Lipstick,16.2,3,48.6,0.1,East,Online,Credit Card,33.0,5.0,2025-02,2025,Sunday
ORD102570,2025-02-09,Home & Kitchen,Coffee Maker,56.05,1,56.05,0.05,South,Online,UPI,39.0,4.0,2025-02,2025,Sunday
ORD103742,2025-02-09,Apparel,Dress,55.0,2,110.0,0.0,North,In-Store,Wallet,37.0,3.0,2025-02,2025,Sunday
ORD100969,2025-02-09,Beauty,Perfume,65.0,5,325.0,0.0,South,In-Store,UPI,39.0,4.0,2025-02,2025,Sunday
ORD101304,2025-02-09,Electronics,Smartphone,594.15,1,594.15,0.15,Central,Online,Wallet,47.0,5.0,2025-02,2025,Sunday
ORD103794,2025-02-10,Apparel,Dress,49.5,1,49.5,0.1,South,In-Store,Cash,18.0,5.0,2025-02,2025,Monday
ORD102761,2025-02-10,Sports,Yoga Mat,22.5,2,45.0,0.1,South,Online,Wallet,45.0,4.0,2025-02,2025,Monday
ORD104308,2025-02-10,Electronics,Laptop,999.0,1,999.0,0.0,Central,Online,UPI,47.0,4.0,2025-02,2025,Monday
ORD104760,2025-02-10,Apparel,T-Shirt,15.0,1,15.0,0.0,West,Online,Credit Card,41.0,5.0,2025-02,2025,Monday
ORD104816,2025-02-10,Apparel,Sneakers,65.0,1,65.0,0.0,North,In-Store,UPI,23.0,5.0,2025-02,2025,Monday
ORD104700,2025-02-10,Beauty,Lipstick,18.0,1,18.0,0.0,Central,In-Store,Credit Card,24.0,5.0,2025-02,2025,Monday
ORD101342,2025-02-10,Electronics,Smartphone,629.1,1,629.1,0.1,North,Online,Wallet,33.0,1.0,2025-02,2025,Monday
ORD100873,2025-02-10,Electronics,Laptop,899.1,1,899.1,0.1,West,Online,Debit Card,32.0,4.0,2025-02,2025,Monday
ORD101257,2025-02-10,Electronics,Smartphone,559.2,1,559.2,0.2,Central,Online,Credit Card,18.0,3.0,2025-02,2025,Monday
ORD101417,2025-02-11,Electronics,Tablet,349.0,1,349.0,0.0,North,Online,Credit Card,41.0,5.0,2025-02,2025,Tuesday
ORD101283,2025-02-11,Electronics,Smartwatch,199.0,1,199.0,0.0,South,Online,Credit Card,30.0,2.0,2025-02,2025,Tuesday
ORD100395,2025-02-11,Beauty,Lipstick,18.0,2,36.0,0.0,South,Online,Cash,30.0,4.0,2025-02,2025,Tuesday
ORD103843,2025-02-11,Beauty,Sunscreen,16.0,1,16.0,0.0,Central,Online,Cash,31.0,4.0,2025-02,2025,Tuesday
ORD101536,2025-02-11,Sports,Bicycle,349.0,1,349.0,0.0,East,In-Store,Credit Card,18.0,5.0,2025-02,2025,Tuesday
ORD103333,2025-02-11,Electronics,Smartwatch,199.0,1,199.0,0.0,South,Online,Credit Card,35.0,5.0,2025-02,2025,Tuesday
ORD104749,2025-02-11,Home & Kitchen,Vacuum,149.0,1,149.0,0.0,North,Online,Debit Card,29.0,4.0,2025-02,2025,Tuesday
ORD101771,2025-02-11,Sports,Yoga Mat,21.25,1,21.25,0.15,East,Online,Credit Card,24.0,5.0,2025-02,2025,Tuesday
ORD103977,2025-02-12,Sports,Tent,129.0,1,129.0,0.0,West,In-Store,Debit Card,18.0,4.0,2025-02,2025,Wednesday
ORD100894,2025-02-12,Beauty,Perfume,55.25,1,55.25,0.15,South,In-Store,Credit Card,18.0,3.0,2025-02,2025,Wednesday
ORD103302,2025-02-12,Apparel,Dress,44.0,1,44.0,0.2,West,Online,UPI,27.0,5.0,2025-02,2025,Wednesday
ORD104930,2025-02-12,Sports,Tent,129.0,1,129.0,0.0,North,In-Store,Credit Card,27.0,5.0,2025-02,2025,Wednesday
ORD102592,2025-02-12,Home & Kitchen,Air Fryer,84.55,3,253.65,0.05,North,In-Store,Debit Card,39.0,3.0,2025-02,2025,Wednesday
ORD100498,2025-02-12,Beauty,Sunscreen,16.0,2,32.0,0.0,North,Online,Debit Card,31.0,5.0,2025-02,2025,Wednesday
ORD102698,2025-02-12,Sports,Dumbbells,42.75,1,42.75,0.05,South,In-Store,Cash,27.0,5.0,2025-02,2025,Wednesday
ORD103408,2025-02-13,Electronics,Tablet,349.0,1,349.0,0.0,East,Online,Credit Card,18.0,5.0,2025-02,2025,Thursday
ORD104503,2025-02-13,Beauty,Sunscreen,14.4,3,43.2,0.1,East,Online,Credit Card,24.0,4.0,2025-02,2025,Thursday
ORD102645,2025-02-13,Apparel,T-Shirt,15.0,1,15.0,0.0,East,Online,Debit Card,27.0,5.0,2025-02,2025,Thursday
ORD100769,2025-02-13,Sports,Tent,129.0,1,129.0,0.0,Central,Online,Wallet,24.0,4.0,2025-02,2025,Thursday
ORD100939,2025-02-13,Home & Kitchen,Vacuum,126.65,1,126.65,0.15,East,Online,Cash,30.0,5.0,2025-02,2025,Thursday
ORD102519,2025-02-14,Electronics,Tablet,314.1,2,628.2,0.1,West,Online,Debit Card,21.0,2.0,2025-02,2025,Friday
ORD103509,2025-02-14,Beauty,Perfume,65.0,2,130.0,0.0,South,In-Store,UPI,30.0,4.0,2025-02,2025,Friday
ORD102492,2025-02-14,Beauty,Perfume,61.75,4,247.0,0.05,Central,In-Store,Credit Card,35.0,4.0,2025-02,2025,Friday
ORD103732,2025-02-14,Sports,Running Shoes,75.05,1,75.05,0.05,South,Online,UPI,43.0,4.0,2025-02,2025,Friday
ORD103064,2025-02-14,Beauty,Perfume,65.0,1,65.0,0.0,Central,Online,Debit Card,43.0,5.0,2025-02,2025,Friday
ORD103246,2025-02-14,Sports,Running Shoes,79.0,1,79.0,0.0,Central,Online,Debit Card,26.0,5.0,2025-02,2025,Friday
ORD100074,2025-02-14,Sports,Dumbbells,42.75,1,42.75,0.05,South,Online,Credit Card,18.0,4.0,2025-02,2025,Friday
ORD104107,2025-02-14,Electronics,Laptop,899.1,1,899.1,0.1,West,Online,Debit Card,34.0,4.0,2025-02,2025,Friday
ORD104412,2025-02-15,Home & Kitchen,Blender,31.2,1,31.2,0.2,West,Online,Credit Card,46.0,4.0,2025-02,2025,Saturday
ORD101485,2025-02-15,Electronics,Laptop,899.1,1,899.1,0.1,East,Online,Debit Card,29.0,5.0,2025-02,2025,Saturday
ORD102057,2025-02-15,Electronics,Headphones,49.0,1,49.0,0.0,Central,In-Store,UPI,32.0,3.0,2025-02,2025,Saturday
ORD104483,2025-02-15,Apparel,Jacket,84.55,1,84.55,0.05,North,In-Store,Debit Card,23.0,3.0,2025-02,2025,Saturday
ORD101076,2025-02-15,Apparel,Jacket,84.55,1,84.55,0.05,North,Online,Debit Card,46.0,5.0,2025-02,2025,Saturday
ORD102191,2025-02-15,Sports,Dumbbells,42.75,1,42.75,0.05,East,Online,Credit Card,18.0,5.0,2025-02,2025,Saturday
ORD101036,2025-02-15,Beauty,Lipstick,18.0,1,18.0,0.0,East,Online,Wallet,36.0,5.0,2025-02,2025,Saturday
ORD101841,2025-02-15,Home & Kitchen,Cookware Set,116.1,1,116.1,0.1,East,Online,Debit Card,31.0,5.0,2025-02,2025,Saturday
ORD102612,2025-02-15,Apparel,Jeans,45.0,4,180.0,0.0,West,In-Store,Debit Card,31.0,3.0,2025-02,2025,Saturday
ORD100878,2025-02-16,Electronics,Laptop,999.0,2,1998.0,0.0,South,In-Store,UPI,23.0,4.0,2025-02,2025,Sunday
ORD102623,2025-02-16,Electronics,Laptop,999.0,1,999.0,0.0,Central,In-Store,Wallet,35.0,5.0,2025-02,2025,Sunday
ORD102618,2025-02-16,Apparel,Jacket,80.1,1,80.1,0.1,Central,In-Store,Debit Card,34.0,4.0,2025-02,2025,Sunday
ORD100784,2025-02-17,Electronics,Smartwatch,199.0,2,398.0,0.0,West,Online,UPI,38.0,4.0,2025-02,2025,Monday
ORD104895,2025-02-17,Home & Kitchen,Coffee Maker,56.05,1,56.05,0.05,North,Online,UPI,28.0,2.0,2025-02,2025,Monday
ORD101910,2025-02-17,Beauty,Moisturizer,22.0,1,22.0,0.0,North,Online,Wallet,33.0,5.0,2025-02,2025,Monday
ORD102774,2025-02-17,Apparel,T-Shirt,15.0,2,30.0,0.0,East,Online,Debit Card,42.0,4.0,2025-02,2025,Monday
ORD100831,2025-02-18,Home & Kitchen,Vacuum,126.65,1,126.65,0.15,West,Online,UPI,26.0,2.0,2025-02,2025,Tuesday
ORD102748,2025-02-18,Home & Kitchen,Vacuum,141.55,2,283.1,0.05,Central,Online,Credit Card,29.0,5.0,2025-02,2025,Tuesday
ORD104859,2025-02-18,Sports,Tent,116.1,1,116.1,0.1,West,Online,Debit Card,34.0,4.0,2025-02,2025,Tuesday
ORD102777,2025-02-18,Beauty,Sunscreen,15.2,1,15.2,0.05,Central,In-Store,Cash,44.0,5.0,2025-02,2025,Tuesday
ORD101943,2025-02-18,Electronics,Smartphone,699.0,1,699.0,0.0,North,Online,Credit Card,38.0,3.0,2025-02,2025,Tuesday
ORD103423,2025-02-18,Home & Kitchen,Vacuum,149.0,4,596.0,0.0,West,Online,Credit Card,52.0,5.0,2025-02,2025,Tuesday
ORD102024,2025-02-18,Beauty,Moisturizer,19.8,4,79.2,0.1,West,Online,Credit Card,37.0,4.0,2025-02,2025,Tuesday
ORD102934,2025-02-19,Sports,Dumbbells,45.0,1,45.0,0.0,North,Online,Debit Card,39.0,4.0,2025-02,2025,Wednesday
ORD103676,2025-02-19,Sports,Tent,122.55,1,122.55,0.05,North,Online,Cash,54.0,3.0,2025-02,2025,Wednesday
ORD103925,2025-02-19,Beauty,Moisturizer,17.6,1,17.6,0.2,East,Online,UPI,39.0,4.0,2025-02,2025,Wednesday
ORD100791,2025-02-19,Sports,Tent,122.55,1,122.55,0.05,North,In-Store,Debit Card,38.0,5.0,2025-02,2025,Wednesday
ORD104694,2025-02-19,Sports,Tent,122.55,1,122.55,0.05,West,In-Store,Wallet,59.0,4.0,2025-02,2025,Wednesday
ORD100315,2025-02-19,Sports,Running Shoes,79.0,1,79.0,0.0,West,In-Store,UPI,24.0,4.0,2025-02,2025,Wednesday
ORD100311,2025-02-19,Electronics,Laptop,849.15,1,849.15,0.15,West,Online,Credit Card,34.0,3.0,2025-02,2025,Wednesday
ORD100378,2025-02-19,Beauty,Moisturizer,19.8,1,19.8,0.1,North,Online,UPI,34.0,5.0,2025-02,2025,Wednesday
ORD100704,2025-02-20,Sports,Running Shoes,75.05,1,75.05,0.05,North,In-Store,Cash,29.0,3.0,2025-02,2025,Thursday
ORD102534,2025-02-20,Apparel,Dress,46.75,1,46.75,0.15,Central,Online,UPI,20.0,5.0,2025-02,2025,Thursday
ORD100714,2025-02-20,Electronics,Laptop,999.0,1,999.0,0.0,Central,Online,Debit Card,53.0,5.0,2025-02,2025,Thursday
ORD100720,2025-02-20,Electronics,Smartphone,629.1,2,1258.2,0.1,West,In-Store,Credit Card,18.0,4.0,2025-02,2025,Thursday
ORD103410,2025-02-20,Home & Kitchen,Vacuum,149.0,1,149.0,0.0,East,Online,Debit Card,23.0,3.0,2025-02,2025,Thursday
ORD104853,2025-02-20,Electronics,Tablet,349.0,1,349.0,0.0,East,Online,Debit Card,36.0,4.0,2025-02,2025,Thursday
ORD101868,2025-02-20,Electronics,Tablet,349.0,1,349.0,0.0,North,In-Store,Debit Card,31.0,4.0,2025-02,2025,Thursday
ORD104935,2025-02-20,Sports,Yoga Mat,25.0,4,100.0,0.0,South,Online,Debit Card,36.0,4.0,2025-02,2025,Thursday
ORD100855,2025-02-21,Beauty,Sunscreen,16.0,2,32.0,0.0,West,In-Store,Wallet,35.0,5.0,2025-02,2025,Friday
ORD104140,2025-02-21,Sports,Yoga Mat,23.75,1,23.75,0.05,East,Online,Debit Card,34.0,4.0,2025-02,2025,Friday
ORD101467,2025-02-21,Electronics,Smartwatch,199.0,2,398.0,0.0,North,In-Store,Wallet,27.0,1.0,2025-02,2025,Friday
ORD103283,2025-02-21,Electronics,Tablet,349.0,2,698.0,0.0,West,Online,UPI,34.0,4.0,2025-02,2025,Friday
ORD102391,2025-02-21,Sports,Dumbbells,40.5,1,40.5,0.1,East,Online,Credit Card,37.0,4.0,2025-02,2025,Friday
ORD103022,2025-02-21,Home & Kitchen,Air Fryer,84.55,2,169.1,0.05,North,In-Store,Debit Card,32.0,5.0,2025-02,2025,Friday
ORD104953,2025-02-21,Beauty,Moisturizer,18.7,1,18.7,0.15,East,Online,Debit Card,39.0,5.0,2025-02,2025,Friday
ORD103653,2025-02-21,Beauty,Perfume,65.0,1,65.0,0.0,East,Online,Debit Card,39.0,5.0,2025-02,2025,Friday
ORD101656,2025-02-22,Beauty,Sunscreen,16.0,1,16.0,0.0,North,In-Store,UPI,44.0,5.0,2025-02,2025,Saturday
ORD102953,2025-02-22,Sports,Yoga Mat,22.5,1,22.5,0.1,West,In-Store,Debit Card,40.0,5.0,2025-02,2025,Saturday
ORD100299,2025-02-22,Apparel,Jeans,40.5,3,121.5,0.1,West,In-Store,Cash,20.0,4.0,2025-02,2025,Saturday
ORD103242,2025-02-22,Home & Kitchen,Vacuum,149.0,1,149.0,0.0,West,In-Store,Cash,18.0,4.0,2025-02,2025,Saturday
ORD104181,2025-02-22,Electronics,Smartphone,699.0,2,1398.0,0.0,South,Online,Wallet,22.0,5.0,2025-02,2025,Saturday
ORD104929,2025-02-22,Apparel,Dress,55.0,2,110.0,0.0,South,Online,UPI,34.0,3.0,2025-02,2025,Saturday
ORD101405,2025-02-22,Electronics,Laptop,949.05,1,949.05,0.05,East,Online,Wallet,46.0,5.0,2025-02,2025,Saturday
ORD100430,2025-02-22,Beauty,Lipstick,14.4,1,14.4,0.2,Central,Online,Credit Card,18.0,4.0,2025-02,2025,Saturday
ORD104756,2025-02-22,Beauty,Sunscreen,14.4,2,28.8,0.1,South,In-Store,Credit Card,21.0,4.0,2025-02,2025,Saturday
ORD101377,2025-02-22,Home & Kitchen,Cookware Set,103.2,1,103.2,0.2,North,Online,Credit Card,34.0,4.0,2025-02,2025,Saturday
ORD101930,2025-02-23,Sports,Running Shoes,79.0,1,79.0,0.0,North,Online,Credit Card,18.0,5.0,2025-02,2025,Sunday
ORD101063,2025-02-23,Apparel,Jacket,89.0,3,267.0,0.0,East,In-Store,Debit Card,39.0,4.0,2025-02,2025,Sunday
ORD102263,2025-02-23,Beauty,Moisturizer,22.0,1,22.0,0.0,South,In-Store,Wallet,40.0,4.0,2025-02,2025,Sunday
ORD104119,2025-02-23,Electronics,Smartwatch,179.1,1,179.1,0.1,South,Online,Cash,21.0,2.0,2025-02,2025,Sunday
ORD103077,2025-02-23,Beauty,Shampoo,9.6,1,9.6,0.2,North,In-Store,Debit Card,47.0,5.0,2025-02,2025,Sunday
ORD101370,2025-02-23,Beauty,Sunscreen,15.2,1,15.2,0.05,East,In-Store,Credit Card,18.0,3.0,2025-02,2025,Sunday
ORD103964,2025-02-24,Beauty,Perfume,61.75,1,61.75,0.05,East,Online,Debit Card,22.0,5.0,2025-02,2025,Monday
ORD100252,2025-02-24,Beauty,Perfume,65.0,1,65.0,0.0,West,In-Store,UPI,45.0,5.0,2025-02,2025,Monday
ORD103477,2025-02-24,Sports,Running Shoes,79.0,2,158.0,0.0,Central,Online,Debit Card,61.0,3.0,2025-02,2025,Monday
ORD103760,2025-02-24,Sports,Running Shoes,79.0,2,158.0,0.0,South,Online,UPI,18.0,5.0,2025-02,2025,Monday
ORD103828,2025-02-25,Sports,Yoga Mat,23.75,2,47.5,0.05,South,In-Store,Debit Card,21.0,4.0,2025-02,2025,Tuesday
ORD101783,2025-02-25,Beauty,Moisturizer,20.9,1,20.9,0.05,South,In-Store,Debit Card,54.0,1.0,2025-02,2025,Tuesday
ORD101751,2025-02-25,Beauty,Sunscreen,16.0,1,16.0,0.0,South,Online,Credit Card,29.0,3.0,2025-02,2025,Tuesday
ORD103402,2025-02-25,Home & Kitchen,Air Fryer,84.55,2,169.1,0.05,West,In-Store,Debit Card,18.0,3.0,2025-02,2025,Tuesday
ORD100348,2025-02-25,Home & Kitchen,Vacuum,141.55,1,141.55,0.05,East,In-Store,Cash,48.0,4.0,2025-02,2025,Tuesday
ORD103903,2025-02-25,Home & Kitchen,Air Fryer,80.1,3,240.3,0.1,North,Online,Debit Card,34.0,3.0,2025-02,2025,Tuesday
ORD100644,2025-02-25,Beauty,Shampoo,10.2,1,10.2,0.15,South,Online,Debit Card,56.0,4.0,2025-02,2025,Tuesday
ORD102973,2025-02-26,Electronics,Laptop,999.0,1,999.0,0.0,North,In-Store,Debit Card,32.0,3.0,2025-02,2025,Wednesday
ORD102539,2025-02-26,Beauty,Shampoo,10.8,4,43.2,0.1,East,In-Store,Credit Card,38.0,4.0,2025-02,2025,Wednesday
ORD103038,2025-02-26,Beauty,Moisturizer,22.0,1,22.0,0.0,West,In-Store,Credit Card,51.0,5.0,2025-02,2025,Wednesday
ORD101306,2025-02-26,Beauty,Lipstick,17.1,1,17.1,0.05,East,Online,Wallet,28.0,5.0,2025-02,2025,Wednesday
ORD103785,2025-02-26,Beauty,Shampoo,10.8,1,10.8,0.1,West,Online,Credit Card,35.0,5.0,2025-02,2025,Wednesday
ORD104916,2025-02-26,Sports,Running Shoes,75.05,1,75.05,0.05,East,In-Store,Credit Card,35.0,5.0,2025-02,2025,Wednesday
ORD104038,2025-02-26,Home & Kitchen,Cookware Set,122.55,1,122.55,0.05,West,Online,UPI,29.0,4.0,2025-02,2025,Wednesday
ORD103014,2025-02-27,Electronics,Smartphone,664.05,1,664.05,0.05,Central,Online,Debit Card,40.0,5.0,2025-02,2025,Thursday
ORD100211,2025-02-27,Electronics,Headphones,49.0,4,196.0,0.0,North,Online,Wallet,29.0,5.0,2025-02,2025,Thursday
ORD103107,2025-02-27,Sports,Running Shoes,75.05,2,150.1,0.05,North,Online,Credit Card,27.0,3.0,2025-02,2025,Thursday
ORD101343,2025-02-27,Sports,Dumbbells,45.0,2,90.0,0.0,Central,Online,Wallet,36.0,2.0,2025-02,2025,Thursday
ORD103853,2025-02-27,Beauty,Lipstick,16.2,1,16.2,0.1,North,Online,Debit Card,48.0,3.0,2025-02,2025,Thursday
ORD102251,2025-02-27,Apparel,Sneakers,65.0,1,65.0,0.0,South,Online,UPI,32.0,3.0,2025-02,2025,Thursday
ORD103974,2025-02-27,Sports,Dumbbells,36.0,2,72.0,0.2,South,Online,Credit Card,39.0,4.0,2025-02,2025,Thursday
ORD101023,2025-02-27,Home & Kitchen,Cookware Set,129.0,1,129.0,0.0,Central,In-Store,Debit Card,23.0,4.0,2025-02,2025,Thursday
ORD104939,2025-02-27,Home & Kitchen,Air Fryer,75.65,2,151.3,0.15,East,In-Store,Cash,28.0,5.0,2025-02,2025,Thursday
ORD104584,2025-02-28,Electronics,Headphones,41.65,2,83.3,0.15,West,Online,Cash,73.0,4.0,2025-02,2025,Friday
ORD103585,2025-02-28,Electronics,Smartwatch,199.0,3,597.0,0.0,South,Online,Cash,24.0,5.0,2025-02,2025,Friday
ORD102870,2025-02-28,Electronics,Smartwatch,199.0,1,199.0,0.0,East,Online,UPI,36.0,4.0,2025-02,2025,Friday
ORD103751,2025-02-28,Home & Kitchen,Cookware Set,129.0,1,129.0,0.0,East,In-Store,Debit Card,28.0,3.0,2025-02,2025,Friday
ORD100570,2025-02-28,Home & Kitchen,Air Fryer,89.0,1,89.0,0.0,Central,Online,Cash,21.0,5.0,2025-02,2025,Friday
ORD102704,2025-02-28,Sports,Yoga Mat,21.25,2,42.5,0.15,West,Online,Credit Card,38.0,5.0,2025-02,2025,Friday
ORD100925,2025-03-01,Sports,Yoga Mat,23.75,2,47.5,0.05,Central,In-Store,Cash,50.0,4.0,2025-03,2025,Saturday
ORD100189,2025-03-01,Sports,Running Shoes,79.0,2,158.0,0.0,Central,Online,Debit Card,43.0,4.0,2025-03,2025,Saturday
ORD101551,2025-03-01,Beauty,Shampoo,11.4,2,22.8,0.05,Central,In-Store,Wallet,52.0,5.0,2025-03,2025,Saturday
ORD103151,2025-03-01,Home & Kitchen,Blender,33.15,1,33.15,0.15,South,In-Store,Credit Card,20.0,4.0,2025-03,2025,Saturday
ORD102279,2025-03-01,Home & Kitchen,Blender,39.0,2,78.0,0.0,West,In-Store,UPI,33.0,2.0,2025-03,2025,Saturday
ORD103037,2025-03-01,Sports,Bicycle,331.55,1,331.55,0.05,West,Online,Debit Card,31.0,3.0,2025-03,2025,Saturday
ORD103539,2025-03-01,Home & Kitchen,Coffee Maker,59.0,1,59.0,0.0,North,Online,Debit Card,33.0,5.0,2025-03,2025,Saturday
ORD102945,2025-03-01,Beauty,Shampoo,11.4,1,11.4,0.05,North,Online,Credit Card,26.0,4.0,2025-03,2025,Saturday
ORD102365,2025-03-01,Electronics,Smartphone,699.0,1,699.0,0.0,Central,Online,Debit Card,39.0,4.0,2025-03,2025,Saturday
ORD100309,2025-03-01,Electronics,Tablet,314.1,2,628.2,0.1,East,Online,Credit Card,18.0,4.0,2025-03,2025,Saturday
ORD103467,2025-03-02,Sports,Tent,129.0,2,258.0,0.0,West,In-Store,Cash,49.0,5.0,2025-03,2025,Sunday
ORD100200,2025-03-02,Apparel,Jeans,45.0,1,45.0,0.0,West,Online,Credit Card,38.0,5.0,2025-03,2025,Sunday
ORD102056,2025-03-02,Electronics,Smartwatch,199.0,1,199.0,0.0,East,Online,Debit Card,18.0,2.0,2025-03,2025,Sunday
ORD100622,2025-03-02,Home & Kitchen,Cookware Set,129.0,1,129.0,0.0,North,Online,Wallet,24.0,4.0,2025-03,2025,Sunday
ORD103017,2025-03-02,Beauty,Sunscreen,15.2,4,60.8,0.05,West,Online,Cash,18.0,4.0,2025-03,2025,Sunday
ORD101482,2025-03-02,Sports,Running Shoes,75.05,1,75.05,0.05,North,Online,Debit Card,33.0,5.0,2025-03,2025,Sunday
ORD104797,2025-03-03,Home & Kitchen,Vacuum,141.55,1,141.55,0.05,Central,In-Store,Credit Card,54.0,4.0,2025-03,2025,Monday
ORD102246,2025-03-03,Sports,Bicycle,314.1,2,628.2,0.1,West,Online,Credit Card,35.0,2.0,2025-03,2025,Monday
ORD100154,2025-03-03,Beauty,Sunscreen,15.2,1,15.2,0.05,South,In-Store,Credit Card,18.0,2.0,2025-03,2025,Monday
ORD103956,2025-03-03,Sports,Yoga Mat,25.0,1,25.0,0.0,North,Online,Debit Card,35.0,5.0,2025-03,2025,Monday
ORD100428,2025-03-03,Home & Kitchen,Vacuum,149.0,1,149.0,0.0,East,Online,UPI,54.0,5.0,2025-03,2025,Monday
ORD104687,2025-03-03,Apparel,T-Shirt,14.25,1,14.25,0.05,South,Online,UPI,43.0,5.0,2025-03,2025,Monday
ORD100826,2025-03-03,Beauty,Sunscreen,13.6,1,13.6,0.15,North,Online,Debit Card,28.0,4.0,2025-03,2025,Monday
ORD101333,2025-03-03,Home & Kitchen,Cookware Set,129.0,1,129.0,0.0,South,Online,Credit Card,40.0,3.0,2025-03,2025,Monday
ORD104203,2025-03-04,Home & Kitchen,Vacuum,149.0,1,149.0,0.0,South,Online,Credit Card,45.0,5.0,2025-03,2025,Tuesday
ORD102720,2025-03-04,Apparel,Jeans,42.75,3,128.25,0.05,Central,Online,Debit Card,37.0,4.0,2025-03,2025,Tuesday
ORD102962,2025-03-04,Home & Kitchen,Air Fryer,89.0,1,89.0,0.0,West,In-Store,Debit Card,18.0,5.0,2025-03,2025,Tuesday
ORD101777,2025-03-04,Sports,Running Shoes,79.0,1,79.0,0.0,West,Online,Credit Card,42.0,5.0,2025-03,2025,Tuesday
ORD102531,2025-03-04,Sports,Running Shoes,67.15,1,67.15,0.15,South,Online,UPI,19.0,4.0,2025-03,2025,Tuesday
ORD100103,2025-03-04,Electronics,Laptop,999.0,2,1998.0,0.0,South,Online,Credit Card,18.0,1.0,2025-03,2025,Tuesday
ORD104729,2025-03-04,Apparel,Jeans,45.0,1,45.0,0.0,Central,Online,UPI,45.0,4.0,2025-03,2025,Tuesday
ORD103520,2025-03-04,Beauty,Shampoo,10.2,1,10.2,0.15,East,In-Store,Cash,30.0,5.0,2025-03,2025,Tuesday
ORD102893,2025-03-05,Apparel,Sneakers,65.0,3,195.0,0.0,Central,Online,Credit Card,34.0,5.0,2025-03,2025,Wednesday
ORD104151,2025-03-05,Sports,Running Shoes,79.0,1,79.0,0.0,North,Online,UPI,26.0,4.0,2025-03,2025,Wednesday
ORD101371,2025-03-06,Apparel,Dress,55.0,4,220.0,0.0,South,Online,Credit Card,32.0,4.0,2025-03,2025,Thursday
ORD104635,2025-03-06,Electronics,Laptop,949.05,1,949.05,0.05,Central,Online,Credit Card,18.0,2.0,2025-03,2025,Thursday
ORD100752,2025-03-06,Electronics,Smartwatch,199.0,1,199.0,0.0,Central,Online,Debit Card,18.0,4.0,2025-03,2025,Thursday
ORD104848,2025-03-07,Sports,Running Shoes,79.0,1,79.0,0.0,West,Online,UPI,18.0,5.0,2025-03,2025,Friday
ORD104562,2025-03-08,Beauty,Lipstick,16.2,1,16.2,0.1,Central,Online,UPI,30.0,5.0,2025-03,2025,Saturday
ORD103528,2025-03-08,Electronics,Headphones,41.65,1,41.65,0.15,Central,Online,UPI,43.0,5.0,2025-03,2025,Saturday
ORD104296,2025-03-08,Beauty,Perfume,61.75,2,123.5,0.05,East,In-Store,Debit Card,40.0,3.0,2025-03,2025,Saturday
ORD104339,2025-03-08,Home & Kitchen,Air Fryer,89.0,4,356.0,0.0,West,In-Store,Cash,28.0,5.0,2025-03,2025,Saturday
ORD101239,2025-03-09,Sports,Dumbbells,38.25,2,76.5,0.15,Central,Online,Credit Card,38.0,5.0,2025-03,2025,Sunday
ORD104551,2025-03-09,Apparel,Jeans,45.0,3,135.0,0.0,North,Online,Credit Card,27.0,2.0,2025-03,2025,Sunday
ORD102325,2025-03-09,Apparel,Sneakers,61.75,2,123.5,0.05,Central,In-Store,Debit Card,18.0,3.0,2025-03,2025,Sunday
ORD100465,2025-03-09,Home & Kitchen,Air Fryer,89.0,2,178.0,0.0,North,In-Store,Credit Card,52.0,4.0,2025-03,2025,Sunday
ORD100231,2025-03-09,Electronics,Tablet,349.0,1,349.0,0.0,East,Online,Credit Card,58.0,3.0,2025-03,2025,Sunday
ORD102049,2025-03-09,Beauty,Moisturizer,22.0,1,22.0,0.0,East,Online,UPI,20.0,3.0,2025-03,2025,Sunday
ORD100335,2025-03-09,Home & Kitchen,Cookware Set,129.0,1,129.0,0.0,West,Online,UPI,27.0,5.0,2025-03,2025,Sunday
ORD103383,2025-03-10,Sports,Yoga Mat,23.75,1,23.75,0.05,North,Online,Wallet,29.0,5.0,2025-03,2025,Monday
ORD102853,2025-03-10,Home & Kitchen,Cookware Set,116.1,4,464.4,0.1,North,In-Store,UPI,18.0,5.0,2025-03,2025,Monday
ORD103907,2025-03-10,Home & Kitchen,Vacuum,141.55,1,141.55,0.05,Central,In-Store,Debit Card,34.0,3.0,2025-03,2025,Monday
ORD100854,2025-03-10,Electronics,Tablet,349.0,2,698.0,0.0,Central,Online,Debit Card,43.0,2.0,2025-03,2025,Monday
ORD102734,2025-03-10,Apparel,Jacket,80.1,3,240.3,0.1,East,Online,Debit Card,26.0,4.0,2025-03,2025,Monday
ORD103111,2025-03-11,Sports,Running Shoes,79.0,1,79.0,0.0,Central,In-Store,Credit Card,30.0,4.0,2025-03,2025,Tuesday
ORD102579,2025-03-11,Home & Kitchen,Coffee Maker,53.1,3,159.3,0.1,West,In-Store,Credit Card,53.0,5.0,2025-03,2025,Tuesday
ORD102951,2025-03-11,Beauty,Sunscreen,14.4,1,14.4,0.1,North,Online,Wallet,47.0,4.0,2025-03,2025,Tuesday
ORD101703,2025-03-11,Apparel,Sneakers,65.0,2,130.0,0.0,North,In-Store,Wallet,37.0,5.0,2025-03,2025,Tuesday
ORD102642,2025-03-11,Beauty,Perfume,65.0,2,130.0,0.0,West,Online,Credit Card,22.0,5.0,2025-03,2025,Tuesday
ORD101271,2025-03-12,Home & Kitchen,Cookware Set,122.55,1,122.55,0.05,East,In-Store,Wallet,18.0,2.0,2025-03,2025,Wednesday
ORD102702,2025-03-12,Apparel,Sneakers,65.0,1,65.0,0.0,East,Online,Wallet,18.0,3.0,2025-03,2025,Wednesday
ORD104429,2025-03-12,Electronics,Tablet,349.0,1,349.0,0.0,North,In-Store,UPI,20.0,5.0,2025-03,2025,Wednesday
ORD104328,2025-03-12,Home & Kitchen,Coffee Maker,59.0,1,59.0,0.0,West,In-Store,Credit Card,18.0,3.0,2025-03,2025,Wednesday
ORD104132,2025-03-12,Home & Kitchen,Coffee Maker,53.1,1,53.1,0.1,North,In-Store,Wallet,37.0,5.0,2025-03,2025,Wednesday
ORD104964,2025-03-12,Home & Kitchen,Coffee Maker,56.05,1,56.05,0.05,Central,Online,Wallet,18.0,4.0,2025-03,2025,Wednesday
ORD104277,2025-03-12,Beauty,Moisturizer,18.7,2,37.4,0.15,South,Online,Debit Card,36.0,4.0,2025-03,2025,Wednesday
ORD104564,2025-03-12,Beauty,Perfume,55.25,1,55.25,0.15,Central,Online,Credit Card,51.0,4.0,2025-03,2025,Wednesday
ORD100367,2025-03-13,Sports,Tent,116.1,1,116.1,0.1,South,Online,Credit Card,30.0,2.0,2025-03,2025,Thursday
ORD101819,2025-03-13,Home & Kitchen,Coffee Maker,59.0,2,118.0,0.0,West,Online,Credit Card,32.0,4.0,2025-03,2025,Thursday
ORD100227,2025-03-13,Beauty,Sunscreen,16.0,2,32.0,0.0,North,Online,UPI,18.0,4.0,2025-03,2025,Thursday
ORD102864,2025-03-13,Electronics,Laptop,999.0,1,999.0,0.0,West,Online,Credit Card,33.0,5.0,2025-03,2025,Thursday
ORD103962,2025-03-13,Apparel,Jeans,40.5,1,40.5,0.1,West,Online,Credit Card,40.0,4.0,2025-03,2025,Thursday
ORD100811,2025-03-13,Sports,Tent,116.1,2,232.2,0.1,Central,Online,Credit Card,46.0,3.0,2025-03,2025,Thursday
ORD101631,2025-03-13,Apparel,T-Shirt,14.25,1,14.25,0.05,South,Online,Credit Card,18.0,4.0,2025-03,2025,Thursday
ORD103559,2025-03-13,Apparel,Jacket,75.65,1,75.65,0.15,Central,Online,Credit Card,18.0,3.0,2025-03,2025,Thursday
ORD100022,2025-03-13,Sports,Running Shoes,75.05,2,150.1,0.05,North,Online,Debit Card,41.0,4.0,2025-03,2025,Thursday
ORD104055,2025-03-14,Apparel,Sneakers,65.0,1,65.0,0.0,West,Online,Credit Card,40.0,4.0,2025-03,2025,Friday
ORD100974,2025-03-14,Beauty,Perfume,65.0,1,65.0,0.0,North,In-Store,Credit Card,49.0,5.0,2025-03,2025,Friday
ORD103005,2025-03-14,Sports,Tent,129.0,1,129.0,0.0,East,Online,Debit Card,31.0,4.0,2025-03,2025,Friday
ORD102156,2025-03-14,Home & Kitchen,Coffee Maker,53.1,2,106.2,0.1,Central,In-Store,Cash,33.0,4.0,2025-03,2025,Friday
ORD100456,2025-03-14,Beauty,Shampoo,12.0,1,12.0,0.0,South,In-Store,Credit Card,21.0,3.0,2025-03,2025,Friday
ORD100737,2025-03-15,Electronics,Smartphone,699.0,1,699.0,0.0,Central,In-Store,Debit Card,36.0,5.0,2025-03,2025,Saturday
ORD100397,2025-03-15,Sports,Bicycle,349.0,2,698.0,0.0,West,In-Store,Credit Card,25.0,1.0,2025-03,2025,Saturday
ORD103466,2025-03-15,Apparel,Jacket,84.55,1,84.55,0.05,North,Online,UPI,24.0,4.0,2025-03,2025,Saturday
ORD103675,2025-03-16,Beauty,Lipstick,16.2,1,16.2,0.1,North,Online,Credit Card,45.0,4.0,2025-03,2025,Sunday
ORD104218,2025-03-16,Electronics,Laptop,999.0,1,999.0,0.0,South,Online,Debit Card,23.0,5.0,2025-03,2025,Sunday
ORD103741,2025-03-16,Apparel,Jacket,71.2,2,142.4,0.2,South,Online,Credit Card,38.0,4.0,2025-03,2025,Sunday
ORD101605,2025-03-16,Electronics,Laptop,799.2,4,3196.8,0.2,East,Online,Debit Card,25.0,1.0,2025-03,2025,Sunday
ORD100389,2025-03-16,Home & Kitchen,Coffee Maker,50.15,1,50.15,0.15,Central,In-Store,Debit Card,18.0,4.0,2025-03,2025,Sunday
ORD103106,2025-03-16,Home & Kitchen,Cookware Set,129.0,1,129.0,0.0,South,In-Store,Cash,56.0,4.0,2025-03,2025,Sunday
ORD102643,2025-03-17,Sports,Tent,129.0,1,129.0,0.0,East,Online,Debit Card,18.0,4.0,2025-03,2025,Monday
ORD102779,2025-03-17,Beauty,Perfume,65.0,2,130.0,0.0,East,Online,Cash,34.0,5.0,2025-03,2025,Monday
ORD104106,2025-03-17,Apparel,Jacket,84.55,2,169.1,0.05,West,In-Store,UPI,60.0,3.0,2025-03,2025,Monday
ORD102357,2025-03-17,Beauty,Moisturizer,22.0,1,22.0,0.0,West,Online,Cash,36.0,5.0,2025-03,2025,Monday
ORD102626,2025-03-18,Apparel,Dress,55.0,2,110.0,0.0,South,In-Store,Credit Card,38.0,5.0,2025-03,2025,Tuesday
ORD102387,2025-03-18,Beauty,Moisturizer,19.8,1,19.8,0.1,Central,Online,Credit Card,22.0,4.0,2025-03,2025,Tuesday
ORD100913,2025-03-19,Sports,Dumbbells,45.0,1,45.0,0.0,Central,Online,UPI,58.0,3.0,2025-03,2025,Wednesday
ORD103087,2025-03-19,Beauty,Sunscreen,13.6,1,13.6,0.15,South,Online,Debit Card,37.0,5.0,2025-03,2025,Wednesday
ORD103117,2025-03-19,Electronics,Smartwatch,199.0,2,398.0,0.0,South,Online,Credit Card,48.0,4.0,2025-03,2025,Wednesday
ORD101268,2025-03-19,Electronics,Headphones,39.2,1,39.2,0.2,South,Online,UPI,24.0,3.0,2025-03,2025,Wednesday
ORD102866,2025-03-19,Electronics,Smartwatch,189.05,1,189.05,0.05,West,In-Store,Debit Card,34.0,4.0,2025-03,2025,Wednesday
ORD102793,2025-03-19,Sports,Tent,129.0,3,387.0,0.0,East,Online,Cash,30.0,2.0,2025-03,2025,Wednesday
ORD104191,2025-03-20,Sports,Bicycle,349.0,1,349.0,0.0,East,Online,Cash,24.0,4.0,2025-03,2025,Thursday
ORD104803,2025-03-20,Beauty,Perfume,58.5,1,58.5,0.1,Central,Online,Credit Card,27.0,4.0,2025-03,2025,Thursday
ORD103958,2025-03-20,Electronics,Headphones,49.0,1,49.0,0.0,North,Online,Cash,42.0,5.0,2025-03,2025,Thursday
ORD102786,2025-03-20,Sports,Yoga Mat,23.75,1,23.75,0.05,North,Online,Debit Card,55.0,2.0,2025-03,2025,Thursday
ORD103462,2025-03-20,Beauty,Perfume,65.0,1,65.0,0.0,West,Online,Debit Card,26.0,4.0,2025-03,2025,Thursday
ORD100043,2025-03-20,Beauty,Perfume,65.0,3,195.0,0.0,East,Online,Debit Card,43.0,4.0,2025-03,2025,Thursday
ORD101996,2025-03-20,Apparel,Sneakers,65.0,1,65.0,0.0,North,Online,Wallet,39.0,4.0,2025-03,2025,Thursday
ORD102209,2025-03-20,Beauty,Moisturizer,22.0,1,22.0,0.0,North,Online,Credit Card,25.0,5.0,2025-03,2025,Thursday
ORD100304,2025-03-20,Apparel,Dress,55.0,2,110.0,0.0,South,Online,Debit Card,38.0,4.0,2025-03,2025,Thursday
ORD100613,2025-03-21,Electronics,Laptop,999.0,1,999.0,0.0,North,Online,Debit Card,38.0,4.0,2025-03,2025,Friday
ORD102115,2025-03-21,Home & Kitchen,Blender,39.0,1,39.0,0.0,East,Online,UPI,55.0,5.0,2025-03,2025,Friday
ORD100994,2025-03-21,Home & Kitchen,Cookware Set,129.0,1,129.0,0.0,Central,In-Store,Debit Card,35.0,2.0,2025-03,2025,Friday
ORD103314,2025-03-22,Sports,Tent,116.1,4,464.4,0.1,South,Online,UPI,38.0,3.0,2025-03,2025,Saturday
ORD103724,2025-03-22,Sports,Bicycle,349.0,2,698.0,0.0,Central,Online,Cash,26.0,3.0,2025-03,2025,Saturday
ORD100543,2025-03-23,Sports,Running Shoes,71.1,1,71.1,0.1,North,Online,Debit Card,18.0,5.0,2025-03,2025,Sunday
ORD104923,2025-03-23,Apparel,Jeans,45.0,3,135.0,0.0,West,Online,UPI,21.0,4.0,2025-03,2025,Sunday
ORD100455,2025-03-23,Sports,Bicycle,349.0,1,349.0,0.0,North,Online,Credit Card,47.0,1.0,2025-03,2025,Sunday
ORD103931,2025-03-23,Sports,Yoga Mat,25.0,1,25.0,0.0,West,Online,Credit Card,40.0,5.0,2025-03,2025,Sunday
ORD104881,2025-03-23,Sports,Yoga Mat,22.5,1,22.5,0.1,North,Online,Debit Card,22.0,5.0,2025-03,2025,Sunday
ORD101986,2025-03-23,Sports,Bicycle,349.0,3,1047.0,0.0,Central,Online,Debit Card,31.0,2.0,2025-03,2025,Sunday
ORD104409,2025-03-23,Home & Kitchen,Cookware Set,116.1,1,116.1,0.1,Central,Online,Cash,30.0,5.0,2025-03,2025,Sunday
ORD104125,2025-03-24,Apparel,Dress,52.25,1,52.25,0.05,South,Online,UPI,34.0,4.0,2025-03,2025,Monday
ORD100549,2025-03-24,Home & Kitchen,Vacuum,126.65,4,506.6,0.15,West,In-Store,Credit Card,26.0,5.0,2025-03,2025,Monday
ORD102887,2025-03-24,Home & Kitchen,Vacuum,149.0,2,298.0,0.0,West,Online,Credit Card,34.0,4.0,2025-03,2025,Monday
ORD103149,2025-03-24,Electronics,Tablet,349.0,1,349.0,0.0,West,Online,Wallet,31.0,3.0,2025-03,2025,Monday
ORD100711,2025-03-24,Home & Kitchen,Cookware Set,122.55,2,245.1,0.05,North,In-Store,Credit Card,40.0,5.0,2025-03,2025,Monday
ORD103558,2025-03-24,Electronics,Headphones,41.65,1,41.65,0.15,West,Online,Credit Card,36.0,4.0,2025-03,2025,Monday
ORD103915,2025-03-24,Home & Kitchen,Coffee Maker,53.1,1,53.1,0.1,South,Online,Credit Card,36.0,4.0,2025-03,2025,Monday
ORD101608,2025-03-24,Sports,Yoga Mat,22.5,1,22.5,0.1,North,In-Store,UPI,39.0,5.0,2025-03,2025,Monday
ORD100094,2025-03-25,Electronics,Smartphone,699.0,1,699.0,0.0,North,Online,UPI,18.0,5.0,2025-03,2025,Tuesday
ORD102654,2025-03-25,Apparel,T-Shirt,15.0,1,15.0,0.0,North,Online,Credit Card,19.0,3.0,2025-03,2025,Tuesday
ORD100246,2025-03-25,Beauty,Shampoo,11.4,1,11.4,0.05,South,Online,Cash,32.0,5.0,2025-03,2025,Tuesday
ORD101208,2025-03-25,Home & Kitchen,Cookware Set,129.0,1,129.0,0.0,South,Online,Credit Card,31.0,4.0,2025-03,2025,Tuesday
ORD100291,2025-03-25,Apparel,Dress,55.0,4,220.0,0.0,Central,In-Store,UPI,45.0,3.0,2025-03,2025,Tuesday
ORD104118,2025-03-25,Sports,Running Shoes,79.0,1,79.0,0.0,West,Online,Debit Card,27.0,3.0,2025-03,2025,Tuesday
ORD103254,2025-03-26,Sports,Dumbbells,40.5,2,81.0,0.1,North,Online,Credit Card,32.0,5.0,2025-03,2025,Wednesday
ORD100505,2025-03-27,Sports,Running Shoes,79.0,1,79.0,0.0,West,In-Store,UPI,27.0,5.0,2025-03,2025,Thursday
ORD104117,2025-03-27,Apparel,Sneakers,58.5,1,58.5,0.1,West,In-Store,Debit Card,44.0,5.0,2025-03,2025,Thursday
ORD100253,2025-03-27,Beauty,Perfume,65.0,1,65.0,0.0,East,In-Store,Wallet,48.0,4.0,2025-03,2025,Thursday
ORD100398,2025-03-27,Apparel,Jacket,84.55,1,84.55,0.05,West,Online,UPI,18.0,3.0,2025-03,2025,Thursday
ORD102351,2025-03-27,Apparel,Jeans,45.0,1,45.0,0.0,East,Online,UPI,49.0,5.0,2025-03,2025,Thursday
ORD104076,2025-03-27,Home & Kitchen,Air Fryer,89.0,5,445.0,0.0,North,In-Store,UPI,35.0,3.0,2025-03,2025,Thursday
ORD102969,2025-03-27,Home & Kitchen,Air Fryer,75.65,2,151.3,0.15,West,In-Store,UPI,48.0,5.0,2025-03,2025,Thursday
ORD102803,2025-03-27,Electronics,Tablet,331.55,1,331.55,0.05,North,In-Store,Debit Card,32.0,5.0,2025-03,2025,Thursday
ORD102451,2025-03-27,Apparel,Jeans,42.75,1,42.75,0.05,West,Online,Cash,31.0,3.0,2025-03,2025,Thursday
ORD102012,2025-03-27,Home & Kitchen,Cookware Set,129.0,1,129.0,0.0,West,Online,Debit Card,21.0,1.0,2025-03,2025,Thursday
ORD103498,2025-03-27,Beauty,Sunscreen,16.0,2,32.0,0.0,East,In-Store,Debit Card,41.0,4.0,2025-03,2025,Thursday
ORD103847,2025-03-27,Home & Kitchen,Cookware Set,116.1,1,116.1,0.1,Central,Online,UPI,31.0,1.0,2025-03,2025,Thursday
ORD101826,2025-03-27,Beauty,Perfume,61.75,1,61.75,0.05,North,In-Store,Cash,43.0,4.0,2025-03,2025,Thursday
ORD101484,2025-03-28,Beauty,Moisturizer,20.9,1,20.9,0.05,South,In-Store,Credit Card,38.0,1.0,2025-03,2025,Friday
ORD102079,2025-03-28,Electronics,Tablet,314.1,4,1256.4,0.1,East,In-Store,Credit Card,26.0,5.0,2025-03,2025,Friday
ORD104494,2025-03-28,Home & Kitchen,Vacuum,149.0,1,149.0,0.0,West,Online,Debit Card,37.0,3.0,2025-03,2025,Friday
ORD102297,2025-03-28,Beauty,Lipstick,14.4,2,28.8,0.2,East,In-Store,Credit Card,31.0,4.0,2025-03,2025,Friday
ORD104280,2025-03-28,Electronics,Laptop,999.0,1,999.0,0.0,South,In-Store,Wallet,57.0,5.0,2025-03,2025,Friday
ORD104944,2025-03-28,Beauty,Sunscreen,15.2,2,30.4,0.05,West,Online,UPI,44.0,5.0,2025-03,2025,Friday
ORD104245,2025-03-28,Home & Kitchen,Blender,37.05,2,74.1,0.05,East,In-Store,Credit Card,50.0,2.0,2025-03,2025,Friday
ORD101959,2025-03-30,Sports,Tent,129.0,1,129.0,0.0,Central,Online,Cash,26.0,4.0,2025-03,2025,Sunday
ORD101146,2025-03-30,Sports,Dumbbells,38.25,1,38.25,0.15,South,Online,Wallet,39.0,5.0,2025-03,2025,Sunday
ORD102525,2025-03-30,Beauty,Moisturizer,22.0,1,22.0,0.0,West,In-Store,Credit Card,50.0,3.0,2025-03,2025,Sunday
ORD104396,2025-03-30,Home & Kitchen,Blender,39.0,3,117.0,0.0,North,In-Store,UPI,43.0,4.0,2025-03,2025,Sunday
ORD101190,2025-03-31,Home & Kitchen,Air Fryer,75.65,1,75.65,0.15,Central,In-Store,Credit Card,39.0,5.0,2025-03,2025,Monday
ORD103398,2025-03-31,Home & Kitchen,Coffee Maker,47.2,1,47.2,0.2,North,In-Store,Credit Card,18.0,3.0,2025-03,2025,Monday
ORD104377,2025-03-31,Apparel,Jacket,84.55,1,84.55,0.05,South,Online,UPI,44.0,3.0,2025-03,2025,Monday
ORD100747,2025-03-31,Beauty,Lipstick,16.2,1,16.2,0.1,Central,In-Store,Credit Card,26.0,5.0,2025-03,2025,Monday
ORD101513,2025-03-31,Sports,Dumbbells,45.0,1,45.0,0.0,East,Online,Debit Card,33.0,5.0,2025-03,2025,Monday
ORD100968,2025-03-31,Beauty,Moisturizer,22.0,1,22.0,0.0,Central,Online,Credit Card,25.0,5.0,2025-03,2025,Monday
ORD100044,2025-03-31,Beauty,Lipstick,16.2,2,32.4,0.1,East,Online,Wallet,18.0,5.0,2025-03,2025,Monday
ORD100954,2025-03-31,Sports,Dumbbells,45.0,1,45.0,0.0,Central,Online,Debit Card,44.0,4.0,2025-03,2025,Monday
ORD103223,2025-03-31,Home & Kitchen,Air Fryer,80.1,1,80.1,0.1,South,Online,Credit Card,28.0,5.0,2025-03,2025,Monday
ORD102778,2025-04-01,Apparel,Sneakers,55.25,4,221.0,0.15,East,Online,Debit Card,38.0,5.0,2025-04,2025,Tuesday
ORD102102,2025-04-01,Electronics,Headphones,49.0,1,49.0,0.0,West,Online,UPI,28.0,4.0,2025-04,2025,Tuesday
ORD101502,2025-04-01,Apparel,Jacket,89.0,1,89.0,0.0,West,In-Store,Debit Card,26.0,5.0,2025-04,2025,Tuesday
ORD100480,2025-04-01,Home & Kitchen,Air Fryer,89.0,1,89.0,0.0,West,In-Store,Cash,33.0,5.0,2025-04,2025,Tuesday
ORD102509,2025-04-02,Apparel,Jeans,45.0,1,45.0,0.0,East,In-Store,UPI,33.0,4.0,2025-04,2025,Wednesday
ORD104901,2025-04-02,Apparel,Jeans,42.75,2,85.5,0.05,North,Online,Credit Card,37.0,4.0,2025-04,2025,Wednesday
ORD104983,2025-04-02,Home & Kitchen,Vacuum,149.0,2,298.0,0.0,North,Online,Debit Card,33.0,5.0,2025-04,2025,Wednesday
ORD104886,2025-04-02,Sports,Running Shoes,71.1,2,142.2,0.1,East,Online,Credit Card,23.0,5.0,2025-04,2025,Wednesday
ORD102130,2025-04-02,Home & Kitchen,Vacuum,149.0,1,149.0,0.0,West,In-Store,Wallet,67.0,4.0,2025-04,2025,Wednesday
ORD100288,2025-04-02,Apparel,Jacket,89.0,1,89.0,0.0,South,In-Store,UPI,26.0,5.0,2025-04,2025,Wednesday
ORD100051,2025-04-02,Sports,Dumbbells,45.0,1,45.0,0.0,North,In-Store,UPI,34.0,3.0,2025-04,2025,Wednesday
ORD102504,2025-04-02,Sports,Running Shoes,67.15,2,134.3,0.15,West,Online,UPI,18.0,5.0,2025-04,2025,Wednesday
ORD100709,2025-04-02,Sports,Tent,129.0,1,129.0,0.0,North,Online,Wallet,36.0,4.0,2025-04,2025,Wednesday
ORD101678,2025-04-03,Apparel,Jeans,45.0,1,45.0,0.0,West,In-Store,Debit Card,51.0,4.0,2025-04,2025,Thursday
ORD101288,2025-04-03,Home & Kitchen,Coffee Maker,56.05,1,56.05,0.05,Central,Online,Debit Card,23.0,5.0,2025-04,2025,Thursday
ORD102140,2025-04-03,Beauty,Shampoo,12.0,1,12.0,0.0,Central,Online,Cash,42.0,5.0,2025-04,2025,Thursday
ORD104949,2025-04-03,Home & Kitchen,Cookware Set,129.0,1,129.0,0.0,East,In-Store,UPI,48.0,4.0,2025-04,2025,Thursday
ORD100956,2025-04-03,Electronics,Smartwatch,199.0,1,199.0,0.0,Central,Online,UPI,18.0,3.0,2025-04,2025,Thursday
ORD104284,2025-04-03,Electronics,Smartwatch,179.1,1,179.1,0.1,West,Online,Cash,40.0,4.0,2025-04,2025,Thursday
ORD100158,2025-04-04,Electronics,Tablet,349.0,1,349.0,0.0,West,Online,Credit Card,25.0,5.0,2025-04,2025,Friday
ORD103061,2025-04-04,Beauty,Shampoo,11.4,1,11.4,0.05,Central,Online,Cash,43.0,3.0,2025-04,2025,Friday
ORD103715,2025-04-04,Beauty,Perfume,65.0,3,195.0,0.0,West,In-Store,Credit Card,44.0,4.0,2025-04,2025,Friday
ORD100892,2025-04-04,Apparel,Jacket,75.65,4,302.6,0.15,Central,Online,UPI,18.0,4.0,2025-04,2025,Friday
ORD104434,2025-04-04,Home & Kitchen,Coffee Maker,56.05,2,112.1,0.05,South,Online,Wallet,41.0,3.0,2025-04,2025,Friday
ORD101451,2025-04-04,Sports,Running Shoes,75.05,1,75.05,0.05,East,Online,Debit Card,47.0,5.0,2025-04,2025,Friday
ORD100595,2025-04-04,Apparel,Sneakers,61.75,2,123.5,0.05,North,In-Store,UPI,29.0,3.0,2025-04,2025,Friday
ORD103205,2025-04-04,Home & Kitchen,Vacuum,141.55,1,141.55,0.05,North,In-Store,Credit Card,30.0,3.0,2025-04,2025,Friday
ORD100487,2025-04-04,Sports,Dumbbells,42.75,1,42.75,0.05,Central,In-Store,Credit Card,27.0,2.0,2025-04,2025,Friday
ORD102485,2025-04-04,Electronics,Laptop,999.0,1,999.0,0.0,West,In-Store,Debit Card,28.0,4.0,2025-04,2025,Friday
ORD103035,2025-04-05,Home & Kitchen,Coffee Maker,56.05,2,112.1,0.05,West,In-Store,UPI,18.0,2.0,2025-04,2025,Saturday
ORD101860,2025-04-05,Beauty,Lipstick,17.1,2,34.2,0.05,South,Online,Debit Card,51.0,5.0,2025-04,2025,Saturday
ORD100009,2025-04-05,Home & Kitchen,Air Fryer,84.55,1,84.55,0.05,West,In-Store,Credit Card,52.0,4.0,2025-04,2025,Saturday
ORD104072,2025-04-05,Electronics,Smartwatch,179.1,4,716.4,0.1,East,In-Store,Cash,37.0,4.0,2025-04,2025,Saturday
ORD100560,2025-04-05,Electronics,Headphones,49.0,2,98.0,0.0,West,In-Store,Debit Card,29.0,5.0,2025-04,2025,Saturday
ORD101924,2025-04-05,Sports,Bicycle,296.65,2,593.3,0.15,East,Online,Credit Card,18.0,3.0,2025-04,2025,Saturday
ORD100179,2025-04-05,Apparel,Sneakers,58.5,2,117.0,0.1,East,Online,Debit Card,26.0,5.0,2025-04,2025,Saturday
ORD101008,2025-04-05,Electronics,Smartwatch,199.0,1,199.0,0.0,West,In-Store,UPI,32.0,4.0,2025-04,2025,Saturday
ORD100887,2025-04-06,Electronics,Smartphone,699.0,1,699.0,0.0,East,In-Store,Cash,46.0,3.0,2025-04,2025,Sunday
ORD101574,2025-04-06,Sports,Yoga Mat,25.0,1,25.0,0.0,East,In-Store,Credit Card,45.0,4.0,2025-04,2025,Sunday
ORD104666,2025-04-06,Apparel,Jacket,80.1,2,160.2,0.1,East,In-Store,Credit Card,24.0,4.0,2025-04,2025,Sunday
ORD102817,2025-04-06,Apparel,Jacket,84.55,2,169.1,0.05,East,Online,UPI,57.0,3.0,2025-04,2025,Sunday
ORD100558,2025-04-06,Sports,Dumbbells,45.0,2,90.0,0.0,Central,In-Store,Credit Card,23.0,5.0,2025-04,2025,Sunday
ORD101721,2025-04-06,Beauty,Sunscreen,16.0,1,16.0,0.0,East,In-Store,UPI,23.0,3.0,2025-04,2025,Sunday
ORD100979,2025-04-06,Sports,Dumbbells,42.75,1,42.75,0.05,South,Online,UPI,40.0,4.0,2025-04,2025,Sunday
ORD104183,2025-04-06,Beauty,Sunscreen,16.0,1,16.0,0.0,Central,Online,Wallet,28.0,4.0,2025-04,2025,Sunday
ORD102305,2025-04-06,Apparel,Jacket,89.0,2,178.0,0.0,East,Online,UPI,46.0,3.0,2025-04,2025,Sunday
ORD100174,2025-04-07,Electronics,Headphones,49.0,1,49.0,0.0,North,In-Store,Debit Card,26.0,5.0,2025-04,2025,Monday
ORD101878,2025-04-07,Electronics,Smartphone,594.15,3,1782.45,0.15,Central,Online,Credit Card,39.0,5.0,2025-04,2025,Monday
ORD102532,2025-04-07,Apparel,Jeans,42.75,2,85.5,0.05,North,In-Store,Cash,32.0,5.0,2025-04,2025,Monday
ORD102568,2025-04-07,Home & Kitchen,Cookware Set,122.55,1,122.55,0.05,West,In-Store,Credit Card,19.0,4.0,2025-04,2025,Monday
ORD104391,2025-04-07,Beauty,Moisturizer,22.0,4,88.0,0.0,North,Online,Debit Card,35.0,3.0,2025-04,2025,Monday
ORD104912,2025-04-07,Apparel,Jacket,84.55,1,84.55,0.05,North,In-Store,UPI,37.0,4.0,2025-04,2025,Monday
ORD102289,2025-04-07,Electronics,Laptop,999.0,2,1998.0,0.0,Central,Online,Debit Card,22.0,4.0,2025-04,2025,Monday
ORD104171,2025-04-07,Electronics,Laptop,899.1,1,899.1,0.1,East,Online,Cash,43.0,3.0,2025-04,2025,Monday
ORD103433,2025-04-08,Home & Kitchen,Cookware Set,129.0,2,258.0,0.0,North,Online,Debit Card,41.0,3.0,2025-04,2025,Tuesday
ORD102499,2025-04-08,Sports,Running Shoes,75.05,1,75.05,0.05,Central,Online,UPI,36.0,5.0,2025-04,2025,Tuesday
ORD101530,2025-04-08,Sports,Dumbbells,45.0,1,45.0,0.0,West,Online,UPI,19.0,5.0,2025-04,2025,Tuesday
ORD101914,2025-04-08,Home & Kitchen,Vacuum,126.65,1,126.65,0.15,South,Online,Credit Card,42.0,4.0,2025-04,2025,Tuesday
ORD100712,2025-04-08,Apparel,Dress,52.25,1,52.25,0.05,East,Online,Credit Card,25.0,4.0,2025-04,2025,Tuesday
ORD100866,2025-04-08,Beauty,Moisturizer,19.8,1,19.8,0.1,Central,In-Store,Credit Card,18.0,4.0,2025-04,2025,Tuesday
ORD101848,2025-04-09,Electronics,Tablet,349.0,3,1047.0,0.0,West,Online,UPI,28.0,5.0,2025-04,2025,Wednesday
ORD100740,2025-04-09,Apparel,T-Shirt,13.5,2,27.0,0.1,Central,Online,Cash,42.0,4.0,2025-04,2025,Wednesday
ORD104960,2025-04-09,Sports,Yoga Mat,25.0,2,50.0,0.0,East,In-Store,Credit Card,45.0,3.0,2025-04,2025,Wednesday
ORD103512,2025-04-09,Home & Kitchen,Vacuum,141.55,1,141.55,0.05,Central,In-Store,Credit Card,38.0,2.0,2025-04,2025,Wednesday
ORD100775,2025-04-10,Sports,Running Shoes,79.0,1,79.0,0.0,Central,Online,Credit Card,42.0,5.0,2025-04,2025,Thursday
ORD103459,2025-04-10,Apparel,Jeans,45.0,1,45.0,0.0,North,Online,Wallet,18.0,5.0,2025-04,2025,Thursday
ORD104530,2025-04-10,Beauty,Lipstick,18.0,1,18.0,0.0,East,Online,UPI,46.0,4.0,2025-04,2025,Thursday
ORD104783,2025-04-10,Home & Kitchen,Coffee Maker,56.05,2,112.1,0.05,Central,Online,Debit Card,23.0,5.0,2025-04,2025,Thursday
ORD104967,2025-04-10,Electronics,Laptop,849.15,1,849.15,0.15,Central,In-Store,Wallet,18.0,4.0,2025-04,2025,Thursday
ORD104491,2025-04-10,Beauty,Lipstick,18.0,1,18.0,0.0,Central,Online,Debit Card,48.0,5.0,2025-04,2025,Thursday
ORD100606,2025-04-10,Sports,Yoga Mat,21.25,1,21.25,0.15,East,Online,Cash,36.0,5.0,2025-04,2025,Thursday
ORD101859,2025-04-10,Electronics,Headphones,44.1,3,132.3,0.1,West,In-Store,UPI,27.0,4.0,2025-04,2025,Thursday
ORD101858,2025-04-10,Sports,Running Shoes,75.05,1,75.05,0.05,North,Online,Credit Card,29.0,5.0,2025-04,2025,Thursday
ORD104209,2025-04-10,Apparel,Sneakers,61.75,3,185.25,0.05,North,In-Store,Credit Card,51.0,5.0,2025-04,2025,Thursday
ORD101356,2025-04-10,Sports,Tent,109.65,1,109.65,0.15,West,In-Store,UPI,52.0,2.0,2025-04,2025,Thursday
ORD104988,2025-04-10,Electronics,Headphones,49.0,2,98.0,0.0,North,In-Store,Credit Card,20.0,4.0,2025-04,2025,Thursday
ORD102726,2025-04-11,Beauty,Sunscreen,13.6,2,27.2,0.15,North,Online,Credit Card,18.0,5.0,2025-04,2025,Friday
ORD101968,2025-04-11,Sports,Running Shoes,79.0,1,79.0,0.0,Central,Online,Cash,43.0,5.0,2025-04,2025,Friday
ORD102495,2025-04-11,Apparel,T-Shirt,13.5,1,13.5,0.1,East,Online,Debit Card,36.0,4.0,2025-04,2025,Friday
ORD101855,2025-04-11,Home & Kitchen,Coffee Maker,53.1,3,159.3,0.1,South,In-Store,Credit Card,48.0,5.0,2025-04,2025,Friday
ORD101447,2025-04-12,Sports,Dumbbells,45.0,2,90.0,0.0,West,In-Store,Debit Card,18.0,5.0,2025-04,2025,Saturday
ORD100581,2025-04-12,Electronics,Laptop,999.0,2,1998.0,0.0,North,Online,Debit Card,51.0,4.0,2025-04,2025,Saturday
ORD100692,2025-04-12,Beauty,Moisturizer,22.0,2,44.0,0.0,Central,In-Store,UPI,18.0,3.0,2025-04,2025,Saturday
ORD101818,2025-04-12,Beauty,Moisturizer,22.0,3,66.0,0.0,East,Online,UPI,21.0,2.0,2025-04,2025,Saturday
ORD103127,2025-04-13,Beauty,Sunscreen,16.0,1,16.0,0.0,East,Online,Debit Card,31.0,4.0,2025-04,2025,Sunday
ORD104844,2025-04-13,Home & Kitchen,Air Fryer,84.55,1,84.55,0.05,East,Online,Debit Card,27.0,5.0,2025-04,2025,Sunday
ORD102324,2025-04-13,Electronics,Tablet,349.0,2,698.0,0.0,Central,In-Store,Debit Card,45.0,4.0,2025-04,2025,Sunday
ORD103890,2025-04-13,Apparel,Jeans,40.5,1,40.5,0.1,North,Online,UPI,29.0,3.0,2025-04,2025,Sunday
ORD103192,2025-04-13,Electronics,Smartwatch,189.05,2,378.1,0.05,North,Online,Debit Card,18.0,4.0,2025-04,2025,Sunday
ORD100080,2025-04-13,Beauty,Shampoo,12.0,4,48.0,0.0,North,Online,Cash,18.0,4.0,2025-04,2025,Sunday
ORD101441,2025-04-13,Apparel,Jeans,38.25,1,38.25,0.15,Central,Online,UPI,52.0,4.0,2025-04,2025,Sunday
ORD103296,2025-04-13,Electronics,Tablet,296.65,1,296.65,0.15,North,Online,Credit Card,18.0,4.0,2025-04,2025,Sunday
ORD104362,2025-04-14,Apparel,Jeans,45.0,2,90.0,0.0,North,Online,Credit Card,35.0,4.0,2025-04,2025,Monday
ORD101158,2025-04-14,Beauty,Sunscreen,16.0,1,16.0,0.0,East,In-Store,Cash,26.0,5.0,2025-04,2025,Monday
ORD103616,2025-04-14,Beauty,Moisturizer,20.9,3,62.7,0.05,North,Online,UPI,35.0,3.0,2025-04,2025,Monday
ORD104259,2025-04-14,Sports,Tent,129.0,5,645.0,0.0,South,Online,Credit Card,31.0,5.0,2025-04,2025,Monday
ORD101692,2025-04-14,Home & Kitchen,Cookware Set,129.0,1,129.0,0.0,West,Online,Credit Card,37.0,5.0,2025-04,2025,Monday
ORD102466,2025-04-14,Home & Kitchen,Coffee Maker,59.0,1,59.0,0.0,Central,In-Store,Cash,44.0,1.0,2025-04,2025,Monday
ORD102763,2025-04-14,Sports,Running Shoes,79.0,1,79.0,0.0,South,Online,Cash,32.0,3.0,2025-04,2025,Monday
ORD100600,2025-04-14,Sports,Dumbbells,45.0,4,180.0,0.0,West,Online,Credit Card,41.0,5.0,2025-04,2025,Monday
ORD100353,2025-04-15,Beauty,Sunscreen,16.0,1,16.0,0.0,West,In-Store,Wallet,20.0,5.0,2025-04,2025,Tuesday
ORD100249,2025-04-15,Sports,Running Shoes,79.0,1,79.0,0.0,South,Online,UPI,50.0,2.0,2025-04,2025,Tuesday
ORD100961,2025-04-15,Home & Kitchen,Cookware Set,129.0,2,258.0,0.0,Central,In-Store,Credit Card,46.0,2.0,2025-04,2025,Tuesday
ORD104428,2025-04-15,Electronics,Tablet,349.0,4,1396.0,0.0,South,In-Store,Debit Card,18.0,5.0,2025-04,2025,Tuesday
ORD100965,2025-04-15,Home & Kitchen,Vacuum,149.0,3,447.0,0.0,East,Online,Credit Card,39.0,4.0,2025-04,2025,Tuesday
ORD104529,2025-04-15,Sports,Bicycle,331.55,1,331.55,0.05,Central,Online,Debit Card,28.0,5.0,2025-04,2025,Tuesday
ORD104506,2025-04-15,Beauty,Sunscreen,16.0,2,32.0,0.0,North,Online,Debit Card,48.0,5.0,2025-04,2025,Tuesday
ORD103680,2025-04-15,Home & Kitchen,Cookware Set,129.0,1,129.0,0.0,Central,Online,Debit Card,35.0,4.0,2025-04,2025,Tuesday
ORD104623,2025-04-16,Home & Kitchen,Vacuum,141.55,1,141.55,0.05,East,In-Store,Debit Card,43.0,4.0,2025-04,2025,Wednesday
ORD100458,2025-04-16,Home & Kitchen,Air Fryer,84.55,1,84.55,0.05,Central,In-Store,UPI,36.0,5.0,2025-04,2025,Wednesday
ORD103662,2025-04-16,Home & Kitchen,Coffee Maker,59.0,1,59.0,0.0,South,In-Store,Credit Card,35.0,4.0,2025-04,2025,Wednesday
ORD100504,2025-04-16,Home & Kitchen,Blender,37.05,1,37.05,0.05,East,Online,Cash,18.0,4.0,2025-04,2025,Wednesday
ORD101985,2025-04-17,Home & Kitchen,Vacuum,149.0,3,447.0,0.0,North,Online,Debit Card,47.0,5.0,2025-04,2025,Thursday
ORD100181,2025-04-17,Home & Kitchen,Coffee Maker,53.1,2,106.2,0.1,East,Online,Debit Card,26.0,5.0,2025-04,2025,Thursday
ORD102317,2025-04-17,Home & Kitchen,Coffee Maker,59.0,1,59.0,0.0,West,In-Store,UPI,33.0,5.0,2025-04,2025,Thursday
ORD103983,2025-04-18,Sports,Yoga Mat,23.75,4,95.0,0.05,East,In-Store,Debit Card,40.0,4.0,2025-04,2025,Friday
ORD104154,2025-04-18,Electronics,Laptop,999.0,1,999.0,0.0,West,Online,Credit Card,75.0,4.0,2025-04,2025,Friday
ORD100715,2025-04-18,Electronics,Laptop,949.05,1,949.05,0.05,North,In-Store,Debit Card,38.0,4.0,2025-04,2025,Friday
ORD100286,2025-04-18,Sports,Yoga Mat,23.75,1,23.75,0.05,West,Online,Credit Card,18.0,5.0,2025-04,2025,Friday
ORD104157,2025-04-18,Apparel,Sneakers,65.0,1,65.0,0.0,North,In-Store,Credit Card,37.0,5.0,2025-04,2025,Friday
ORD102181,2025-04-18,Apparel,T-Shirt,13.5,1,13.5,0.1,East,In-Store,UPI,25.0,5.0,2025-04,2025,Friday
ORD100460,2025-04-18,Apparel,Dress,55.0,1,55.0,0.0,East,Online,Wallet,18.0,4.0,2025-04,2025,Friday
ORD101024,2025-04-18,Sports,Dumbbells,45.0,1,45.0,0.0,Central,Online,Debit Card,45.0,4.0,2025-04,2025,Friday
ORD101180,2025-04-18,Home & Kitchen,Blender,37.05,1,37.05,0.05,North,Online,Credit Card,35.0,4.0,2025-04,2025,Friday
ORD103577,2025-04-18,Home & Kitchen,Vacuum,149.0,1,149.0,0.0,East,Online,Credit Card,35.0,3.0,2025-04,2025,Friday
ORD101152,2025-04-19,Electronics,Smartphone,699.0,1,699.0,0.0,North,Online,Credit Card,25.0,2.0,2025-04,2025,Saturday
ORD104459,2025-04-19,Sports,Dumbbells,45.0,1,45.0,0.0,North,In-Store,Cash,50.0,5.0,2025-04,2025,Saturday
ORD104443,2025-04-19,Beauty,Sunscreen,14.4,2,28.8,0.1,Central,Online,Credit Card,31.0,4.0,2025-04,2025,Saturday
ORD104870,2025-04-19,Electronics,Smartphone,664.05,1,664.05,0.05,North,Online,Credit Card,18.0,1.0,2025-04,2025,Saturday
ORD101732,2025-04-19,Home & Kitchen,Coffee Maker,53.1,1,53.1,0.1,Central,Online,Debit Card,27.0,5.0,2025-04,2025,Saturday
ORD102486,2025-04-19,Beauty,Moisturizer,22.0,3,66.0,0.0,West,Online,UPI,45.0,5.0,2025-04,2025,Saturday
ORD100601,2025-04-19,Sports,Bicycle,314.1,2,628.2,0.1,South,Online,UPI,46.0,5.0,2025-04,2025,Saturday
ORD104712,2025-04-19,Apparel,Jacket,80.1,1,80.1,0.1,East,Online,Debit Card,28.0,5.0,2025-04,2025,Saturday
ORD100187,2025-04-20,Beauty,Moisturizer,19.8,2,39.6,0.1,Central,Online,UPI,18.0,4.0,2025-04,2025,Sunday
ORD102668,2025-04-20,Electronics,Tablet,296.65,1,296.65,0.15,Central,Online,UPI,18.0,4.0,2025-04,2025,Sunday
ORD102877,2025-04-20,Apparel,T-Shirt,14.25,1,14.25,0.05,Central,Online,Debit Card,19.0,4.0,2025-04,2025,Sunday
ORD103157,2025-04-20,Beauty,Shampoo,12.0,2,24.0,0.0,Central,In-Store,Credit Card,59.0,3.0,2025-04,2025,Sunday
ORD104936,2025-04-20,Home & Kitchen,Blender,39.0,1,39.0,0.0,North,In-Store,Debit Card,18.0,4.0,2025-04,2025,Sunday
ORD102949,2025-04-20,Home & Kitchen,Air Fryer,89.0,2,178.0,0.0,Central,Online,Credit Card,20.0,3.0,2025-04,2025,Sunday
ORD101161,2025-04-20,Sports,Yoga Mat,25.0,1,25.0,0.0,East,Online,Debit Card,33.0,4.0,2025-04,2025,Sunday
ORD102429,2025-04-21,Electronics,Smartwatch,199.0,1,199.0,0.0,West,Online,Wallet,28.0,1.0,2025-04,2025,Monday
ORD100102,2025-04-21,Beauty,Sunscreen,16.0,1,16.0,0.0,West,In-Store,UPI,18.0,5.0,2025-04,2025,Monday
ORD101867,2025-04-21,Sports,Tent,116.1,1,116.1,0.1,North,Online,UPI,38.0,4.0,2025-04,2025,Monday
ORD100664,2025-04-21,Apparel,T-Shirt,15.0,3,45.0,0.0,South,Online,Cash,27.0,3.0,2025-04,2025,Monday
ORD102226,2025-04-21,Apparel,Jacket,71.2,1,71.2,0.2,Central,Online,UPI,27.0,5.0,2025-04,2025,Monday
ORD103325,2025-04-21,Sports,Running Shoes,79.0,2,158.0,0.0,North,Online,Credit Card,27.0,5.0,2025-04,2025,Monday
ORD101026,2025-04-22,Apparel,Sneakers,61.75,1,61.75,0.05,South,Online,Cash,39.0,5.0,2025-04,2025,Tuesday
ORD100072,2025-04-22,Sports,Yoga Mat,23.75,5,118.75,0.05,North,Online,Credit Card,52.0,5.0,2025-04,2025,Tuesday
ORD100745,2025-04-22,Apparel,Sneakers,58.5,1,58.5,0.1,West,Online,Debit Card,33.0,2.0,2025-04,2025,Tuesday
ORD100883,2025-04-22,Home & Kitchen,Vacuum,126.65,4,506.6,0.15,Central,In-Store,Debit Card,20.0,5.0,2025-04,2025,Tuesday
ORD103472,2025-04-22,Apparel,T-Shirt,14.25,1,14.25,0.05,North,Online,Credit Card,30.0,5.0,2025-04,2025,Tuesday
ORD101003,2025-04-22,Home & Kitchen,Cookware Set,109.65,4,438.6,0.15,North,Online,Debit Card,32.0,5.0,2025-04,2025,Tuesday
ORD103748,2025-04-22,Home & Kitchen,Cookware Set,129.0,1,129.0,0.0,South,Online,Cash,37.0,4.0,2025-04,2025,Tuesday
ORD102314,2025-04-22,Electronics,Laptop,899.1,1,899.1,0.1,West,Online,Credit Card,24.0,5.0,2025-04,2025,Tuesday
ORD103440,2025-04-23,Electronics,Laptop,999.0,1,999.0,0.0,East,Online,UPI,56.0,4.0,2025-04,2025,Wednesday
ORD101785,2025-04-23,Beauty,Perfume,65.0,2,130.0,0.0,West,In-Store,Credit Card,20.0,4.0,2025-04,2025,Wednesday
ORD100230,2025-04-23,Apparel,Jacket,89.0,1,89.0,0.0,Central,Online,Cash,52.0,3.0,2025-04,2025,Wednesday
ORD103945,2025-04-23,Sports,Bicycle,349.0,1,349.0,0.0,East,Online,Credit Card,22.0,4.0,2025-04,2025,Wednesday
ORD100848,2025-04-23,Electronics,Tablet,349.0,1,349.0,0.0,Central,Online,Credit Card,45.0,4.0,2025-04,2025,Wednesday
ORD103523,2025-04-23,Sports,Tent,109.65,3,328.95,0.15,Central,Online,Debit Card,28.0,3.0,2025-04,2025,Wednesday
ORD102022,2025-04-24,Electronics,Laptop,949.05,5,4745.25,0.05,Central,Online,UPI,28.0,4.0,2025-04,2025,Thursday
ORD101071,2025-04-25,Home & Kitchen,Cookware Set,129.0,1,129.0,0.0,North,In-Store,Credit Card,40.0,5.0,2025-04,2025,Friday
ORD104534,2025-04-25,Electronics,Smartwatch,169.15,1,169.15,0.15,North,Online,Credit Card,61.0,5.0,2025-04,2025,Friday
ORD103989,2025-04-25,Home & Kitchen,Vacuum,141.55,2,283.1,0.05,East,Online,Credit Card,33.0,4.0,2025-04,2025,Friday
ORD104861,2025-04-25,Beauty,Shampoo,11.4,2,22.8,0.05,West,Online,UPI,42.0,5.0,2025-04,2025,Friday
ORD103750,2025-04-25,Home & Kitchen,Vacuum,141.55,1,141.55,0.05,North,Online,Debit Card,31.0,3.0,2025-04,2025,Friday
ORD101936,2025-04-25,Apparel,Jacket,89.0,5,445.0,0.0,West,Online,Cash,27.0,2.0,2025-04,2025,Friday
ORD103487,2025-04-25,Electronics,Headphones,46.55,1,46.55,0.05,North,Online,Debit Card,20.0,4.0,2025-04,2025,Friday
ORD103834,2025-04-25,Home & Kitchen,Coffee Maker,56.05,1,56.05,0.05,Central,Online,Debit Card,48.0,5.0,2025-04,2025,Friday
ORD100363,2025-04-25,Sports,Tent,129.0,1,129.0,0.0,South,Online,UPI,37.0,5.0,2025-04,2025,Friday
ORD103943,2025-04-26,Electronics,Smartphone,594.15,1,594.15,0.15,West,Online,Credit Card,30.0,5.0,2025-04,2025,Saturday
ORD102524,2025-04-26,Beauty,Shampoo,12.0,1,12.0,0.0,South,Online,UPI,26.0,5.0,2025-04,2025,Saturday
ORD104586,2025-04-26,Beauty,Sunscreen,16.0,1,16.0,0.0,East,In-Store,Credit Card,41.0,1.0,2025-04,2025,Saturday
ORD101537,2025-04-26,Electronics,Smartwatch,199.0,5,995.0,0.0,East,In-Store,Debit Card,31.0,4.0,2025-04,2025,Saturday
ORD104143,2025-04-26,Sports,Tent,129.0,2,258.0,0.0,Central,Online,Credit Card,33.0,3.0,2025-04,2025,Saturday
ORD103599,2025-04-27,Electronics,Smartphone,664.05,1,664.05,0.05,Central,In-Store,Wallet,59.0,5.0,2025-04,2025,Sunday
ORD103759,2025-04-27,Electronics,Smartwatch,199.0,4,796.0,0.0,South,Online,UPI,18.0,5.0,2025-04,2025,Sunday
ORD101670,2025-04-27,Home & Kitchen,Vacuum,141.55,2,283.1,0.05,South,Online,Debit Card,51.0,5.0,2025-04,2025,Sunday
ORD101642,2025-04-27,Beauty,Perfume,65.0,1,65.0,0.0,South,Online,Debit Card,31.0,5.0,2025-04,2025,Sunday
ORD100865,2025-04-27,Beauty,Lipstick,16.2,1,16.2,0.1,East,In-Store,Wallet,44.0,3.0,2025-04,2025,Sunday
ORD101510,2025-04-27,Sports,Running Shoes,79.0,1,79.0,0.0,East,In-Store,UPI,18.0,4.0,2025-04,2025,Sunday
ORD102316,2025-04-27,Beauty,Lipstick,18.0,3,54.0,0.0,South,Online,Debit Card,32.0,4.0,2025-04,2025,Sunday
ORD103859,2025-04-27,Home & Kitchen,Air Fryer,84.55,1,84.55,0.05,Central,Online,Debit Card,29.0,5.0,2025-04,2025,Sunday
ORD104438,2025-04-28,Home & Kitchen,Blender,39.0,1,39.0,0.0,East,In-Store,Credit Card,47.0,2.0,2025-04,2025,Monday
ORD101837,2025-04-28,Apparel,T-Shirt,12.75,1,12.75,0.15,East,Online,UPI,39.0,5.0,2025-04,2025,Monday
ORD102554,2025-04-28,Apparel,Dress,49.5,2,99.0,0.1,Central,Online,Credit Card,35.0,4.0,2025-04,2025,Monday
ORD100248,2025-04-28,Home & Kitchen,Air Fryer,89.0,2,178.0,0.0,South,In-Store,Cash,36.0,4.0,2025-04,2025,Monday
ORD102376,2025-04-28,Home & Kitchen,Coffee Maker,59.0,1,59.0,0.0,South,In-Store,Debit Card,51.0,4.0,2025-04,2025,Monday
ORD101981,2025-04-28,Beauty,Sunscreen,16.0,2,32.0,0.0,Central,Online,Debit Card,54.0,5.0,2025-04,2025,Monday
ORD103291,2025-04-28,Sports,Dumbbells,42.75,1,42.75,0.05,West,In-Store,Credit Card,18.0,4.0,2025-04,2025,Monday
ORD100888,2025-04-28,Electronics,Tablet,349.0,1,349.0,0.0,East,In-Store,UPI,61.0,5.0,2025-04,2025,Monday
ORD102427,2025-04-29,Beauty,Sunscreen,16.0,1,16.0,0.0,East,Online,Wallet,36.0,3.0,2025-04,2025,Tuesday
ORD103091,2025-04-29,Home & Kitchen,Blender,37.05,2,74.1,0.05,West,Online,Credit Card,40.0,4.0,2025-04,2025,Tuesday
ORD104207,2025-04-29,Sports,Tent,129.0,1,129.0,0.0,East,Online,Credit Card,46.0,5.0,2025-04,2025,Tuesday
ORD100796,2025-04-29,Sports,Tent,109.65,2,219.3,0.15,West,In-Store,UPI,26.0,5.0,2025-04,2025,Tuesday
ORD102088,2025-04-29,Electronics,Smartphone,629.1,2,1258.2,0.1,East,Online,Cash,38.0,5.0,2025-04,2025,Tuesday
ORD100512,2025-04-30,Beauty,Lipstick,15.3,1,15.3,0.15,Central,Online,Credit Card,25.0,5.0,2025-04,2025,Wednesday
ORD103916,2025-04-30,Home & Kitchen,Cookware Set,109.65,2,219.3,0.15,Central,Online,Wallet,29.0,5.0,2025-04,2025,Wednesday
ORD102845,2025-04-30,Beauty,Perfume,65.0,1,65.0,0.0,Central,Online,Cash,27.0,4.0,2025-04,2025,Wednesday
ORD101351,2025-04-30,Sports,Dumbbells,36.0,2,72.0,0.2,West,In-Store,Debit Card,25.0,4.0,2025-04,2025,Wednesday
ORD102883,2025-04-30,Apparel,Jacket,84.55,2,169.1,0.05,East,In-Store,Debit Card,37.0,5.0,2025-04,2025,Wednesday
ORD101255,2025-04-30,Home & Kitchen,Vacuum,134.1,2,268.2,0.1,North,In-Store,Credit Card,54.0,4.0,2025-04,2025,Wednesday
ORD101971,2025-05-01,Sports,Dumbbells,45.0,1,45.0,0.0,West,In-Store,Debit Card,35.0,1.0,2025-05,2025,Thursday
ORD103876,2025-05-01,Sports,Running Shoes,67.15,1,67.15,0.15,East,Online,Credit Card,38.0,5.0,2025-05,2025,Thursday
ORD100803,2025-05-01,Apparel,Sneakers,61.75,1,61.75,0.05,Central,Online,Cash,31.0,3.0,2025-05,2025,Thursday
ORD103411,2025-05-01,Home & Kitchen,Coffee Maker,59.0,1,59.0,0.0,South,In-Store,Credit Card,18.0,4.0,2025-05,2025,Thursday
ORD103919,2025-05-01,Electronics,Smartphone,699.0,1,699.0,0.0,South,Online,UPI,30.0,5.0,2025-05,2025,Thursday
ORD103121,2025-05-01,Beauty,Sunscreen,16.0,2,32.0,0.0,North,Online,UPI,24.0,5.0,2025-05,2025,Thursday
ORD101137,2025-05-01,Apparel,Jeans,45.0,2,90.0,0.0,South,Online,UPI,24.0,5.0,2025-05,2025,Thursday
ORD101636,2025-05-01,Sports,Running Shoes,79.0,1,79.0,0.0,East,Online,Wallet,29.0,4.0,2025-05,2025,Thursday
ORD103147,2025-05-01,Home & Kitchen,Vacuum,134.1,1,134.1,0.1,Central,Online,Debit Card,35.0,5.0,2025-05,2025,Thursday
ORD104197,2025-05-01,Sports,Running Shoes,75.05,3,225.15,0.05,Central,Online,Credit Card,36.0,5.0,2025-05,2025,Thursday
ORD101258,2025-05-01,Apparel,Dress,46.75,1,46.75,0.15,Central,In-Store,Credit Card,40.0,3.0,2025-05,2025,Thursday
ORD104360,2025-05-01,Home & Kitchen,Blender,39.0,2,78.0,0.0,East,In-Store,Debit Card,28.0,3.0,2025-05,2025,Thursday
ORD100824,2025-05-02,Sports,Tent,109.65,1,109.65,0.15,North,Online,Debit Card,30.0,4.0,2025-05,2025,Friday
ORD100176,2025-05-02,Electronics,Headphones,46.55,1,46.55,0.05,South,In-Store,Credit Card,31.0,5.0,2025-05,2025,Friday
ORD101037,2025-05-02,Home & Kitchen,Coffee Maker,56.05,1,56.05,0.05,South,In-Store,Wallet,23.0,2.0,2025-05,2025,Friday
ORD101259,2025-05-02,Beauty,Perfume,65.0,3,195.0,0.0,West,In-Store,Credit Card,24.0,4.0,2025-05,2025,Friday
ORD102308,2025-05-03,Apparel,T-Shirt,15.0,1,15.0,0.0,North,In-Store,Credit Card,26.0,4.0,2025-05,2025,Saturday
ORD102994,2025-05-03,Apparel,Jeans,45.0,5,225.0,0.0,South,In-Store,Debit Card,41.0,5.0,2025-05,2025,Saturday
ORD102903,2025-05-03,Sports,Tent,116.1,1,116.1,0.1,East,Online,Credit Card,27.0,4.0,2025-05,2025,Saturday
ORD104248,2025-05-03,Beauty,Perfume,65.0,1,65.0,0.0,North,In-Store,Cash,40.0,2.0,2025-05,2025,Saturday
ORD100234,2025-05-03,Sports,Tent,122.55,1,122.55,0.05,Central,In-Store,Debit Card,21.0,3.0,2025-05,2025,Saturday
ORD104937,2025-05-03,Sports,Tent,129.0,1,129.0,0.0,Central,Online,Debit Card,23.0,5.0,2025-05,2025,Saturday
ORD104401,2025-05-03,Sports,Dumbbells,42.75,2,85.5,0.05,South,Online,UPI,46.0,4.0,2025-05,2025,Saturday
ORD100117,2025-05-03,Apparel,Dress,52.25,2,104.5,0.05,East,Online,Credit Card,19.0,5.0,2025-05,2025,Saturday
ORD102448,2025-05-04,Apparel,Sneakers,52.0,2,104.0,0.2,North,Online,Debit Card,25.0,5.0,2025-05,2025,Sunday
ORD100007,2025-05-04,Apparel,Dress,52.25,3,156.75,0.05,North,In-Store,Credit Card,23.0,2.0,2025-05,2025,Sunday
ORD104369,2025-05-04,Sports,Dumbbells,38.25,4,153.0,0.15,North,In-Store,Credit Card,21.0,5.0,2025-05,2025,Sunday
ORD103162,2025-05-04,Sports,Tent,109.65,1,109.65,0.15,East,In-Store,UPI,23.0,5.0,2025-05,2025,Sunday
ORD103189,2025-05-05,Home & Kitchen,Blender,39.0,2,78.0,0.0,Central,In-Store,Debit Card,44.0,4.0,2025-05,2025,Monday
ORD101192,2025-05-05,Apparel,T-Shirt,15.0,5,75.0,0.0,South,Online,Wallet,33.0,4.0,2025-05,2025,Monday
ORD102143,2025-05-05,Apparel,T-Shirt,14.25,2,28.5,0.05,Central,In-Store,UPI,18.0,5.0,2025-05,2025,Monday
ORD102339,2025-05-05,Apparel,Dress,55.0,1,55.0,0.0,South,In-Store,Credit Card,51.0,4.0,2025-05,2025,Monday
ORD102117,2025-05-06,Sports,Tent,116.1,2,232.2,0.1,Central,In-Store,Debit Card,58.0,5.0,2025-05,2025,Tuesday
ORD104572,2025-05-06,Apparel,Jeans,42.75,2,85.5,0.05,Central,In-Store,Credit Card,39.0,5.0,2025-05,2025,Tuesday
ORD103315,2025-05-06,Electronics,Headphones,44.1,1,44.1,0.1,South,In-Store,Debit Card,33.0,4.0,2025-05,2025,Tuesday
ORD104692,2025-05-06,Home & Kitchen,Coffee Maker,59.0,1,59.0,0.0,South,In-Store,Credit Card,44.0,3.0,2025-05,2025,Tuesday
ORD102327,2025-05-06,Home & Kitchen,Air Fryer,71.2,1,71.2,0.2,South,Online,UPI,20.0,4.0,2025-05,2025,Tuesday
ORD100041,2025-05-06,Electronics,Smartphone,699.0,1,699.0,0.0,Central,Online,Debit Card,38.0,5.0,2025-05,2025,Tuesday
ORD100774,2025-05-06,Home & Kitchen,Air Fryer,89.0,1,89.0,0.0,West,Online,Debit Card,24.0,1.0,2025-05,2025,Tuesday
ORD102284,2025-05-06,Beauty,Moisturizer,22.0,1,22.0,0.0,South,Online,Debit Card,43.0,4.0,2025-05,2025,Tuesday
ORD104847,2025-05-07,Home & Kitchen,Vacuum,149.0,2,298.0,0.0,North,Online,Debit Card,22.0,4.0,2025-05,2025,Wednesday
ORD102222,2025-05-07,Electronics,Smartwatch,199.0,1,199.0,0.0,South,In-Store,Cash,31.0,4.0,2025-05,2025,Wednesday
ORD101300,2025-05-07,Electronics,Smartwatch,199.0,1,199.0,0.0,South,Online,UPI,18.0,5.0,2025-05,2025,Wednesday
ORD102229,2025-05-07,Home & Kitchen,Cookware Set,116.1,2,232.2,0.1,West,Online,Cash,26.0,5.0,2025-05,2025,Wednesday
ORD100356,2025-05-07,Home & Kitchen,Vacuum,149.0,1,149.0,0.0,North,Online,Credit Card,40.0,4.0,2025-05,2025,Wednesday
ORD101022,2025-05-07,Electronics,Laptop,999.0,1,999.0,0.0,East,In-Store,Credit Card,51.0,1.0,2025-05,2025,Wednesday
ORD101694,2025-05-08,Apparel,Dress,55.0,1,55.0,0.0,Central,Online,Credit Card,26.0,4.0,2025-05,2025,Thursday
ORD100278,2025-05-08,Apparel,Sneakers,65.0,4,260.0,0.0,Central,Online,Credit Card,44.0,4.0,2025-05,2025,Thursday
ORD102783,2025-05-08,Beauty,Shampoo,12.0,2,24.0,0.0,East,In-Store,Debit Card,60.0,4.0,2025-05,2025,Thursday
ORD100221,2025-05-08,Sports,Running Shoes,79.0,3,237.0,0.0,Central,Online,Debit Card,35.0,4.0,2025-05,2025,Thursday
ORD102679,2025-05-08,Apparel,Sneakers,65.0,1,65.0,0.0,East,In-Store,Debit Card,21.0,5.0,2025-05,2025,Thursday
ORD104689,2025-05-09,Apparel,Jacket,84.55,1,84.55,0.05,West,Online,Credit Card,38.0,4.0,2025-05,2025,Friday
ORD101318,2025-05-09,Beauty,Sunscreen,16.0,2,32.0,0.0,South,Online,Debit Card,37.0,5.0,2025-05,2025,Friday
ORD103650,2025-05-09,Electronics,Smartphone,699.0,1,699.0,0.0,North,Online,Cash,53.0,5.0,2025-05,2025,Friday
ORD102543,2025-05-09,Sports,Bicycle,349.0,1,349.0,0.0,South,Online,UPI,18.0,3.0,2025-05,2025,Friday
ORD101503,2025-05-09,Sports,Yoga Mat,25.0,3,75.0,0.0,South,Online,UPI,22.0,3.0,2025-05,2025,Friday
ORD102669,2025-05-10,Home & Kitchen,Cookware Set,109.65,1,109.65,0.15,Central,In-Store,UPI,46.0,5.0,2025-05,2025,Saturday
ORD102829,2025-05-10,Apparel,T-Shirt,14.25,2,28.5,0.05,West,In-Store,Credit Card,45.0,5.0,2025-05,2025,Saturday
ORD102563,2025-05-10,Electronics,Smartwatch,199.0,1,199.0,0.0,Central,Online,Credit Card,31.0,4.0,2025-05,2025,Saturday
ORD101619,2025-05-10,Home & Kitchen,Air Fryer,80.1,1,80.1,0.1,East,In-Store,UPI,61.0,4.0,2025-05,2025,Saturday
ORD101436,2025-05-10,Electronics,Laptop,999.0,1,999.0,0.0,Central,Online,Credit Card,26.0,3.0,2025-05,2025,Saturday
ORD101114,2025-05-11,Sports,Yoga Mat,25.0,1,25.0,0.0,South,In-Store,Credit Card,18.0,2.0,2025-05,2025,Sunday
ORD103752,2025-05-11,Home & Kitchen,Air Fryer,75.65,1,75.65,0.15,East,Online,Wallet,35.0,4.0,2025-05,2025,Sunday
ORD100767,2025-05-11,Electronics,Headphones,46.55,2,93.1,0.05,East,Online,Wallet,26.0,2.0,2025-05,2025,Sunday
ORD104144,2025-05-11,Beauty,Lipstick,18.0,2,36.0,0.0,North,In-Store,Credit Card,48.0,2.0,2025-05,2025,Sunday
ORD100351,2025-05-11,Sports,Tent,116.1,1,116.1,0.1,South,Online,UPI,36.0,5.0,2025-05,2025,Sunday
ORD100703,2025-05-12,Home & Kitchen,Air Fryer,89.0,1,89.0,0.0,North,In-Store,UPI,33.0,2.0,2025-05,2025,Monday
ORD103722,2025-05-12,Apparel,Dress,46.75,5,233.75,0.15,Central,Online,Wallet,29.0,4.0,2025-05,2025,Monday
ORD103234,2025-05-12,Electronics,Smartphone,699.0,1,699.0,0.0,Central,Online,UPI,44.0,4.0,2025-05,2025,Monday
ORD101326,2025-05-12,Apparel,T-Shirt,14.25,1,14.25,0.05,West,In-Store,Debit Card,38.0,5.0,2025-05,2025,Monday
ORD103692,2025-05-12,Electronics,Smartwatch,199.0,1,199.0,0.0,West,Online,UPI,28.0,3.0,2025-05,2025,Monday
ORD101072,2025-05-12,Sports,Dumbbells,45.0,1,45.0,0.0,East,Online,Debit Card,50.0,1.0,2025-05,2025,Monday
ORD104740,2025-05-12,Sports,Dumbbells,45.0,1,45.0,0.0,West,Online,UPI,34.0,2.0,2025-05,2025,Monday
ORD102860,2025-05-12,Sports,Yoga Mat,25.0,1,25.0,0.0,Central,Online,UPI,20.0,5.0,2025-05,2025,Monday
ORD103392,2025-05-13,Home & Kitchen,Vacuum,149.0,2,298.0,0.0,Central,Online,Debit Card,57.0,3.0,2025-05,2025,Tuesday
ORD100329,2025-05-13,Apparel,Dress,52.25,1,52.25,0.05,Central,Online,Credit Card,31.0,5.0,2025-05,2025,Tuesday
ORD102966,2025-05-13,Sports,Dumbbells,45.0,3,135.0,0.0,Central,In-Store,Debit Card,20.0,5.0,2025-05,2025,Tuesday
ORD103119,2025-05-13,Home & Kitchen,Cookware Set,116.1,1,116.1,0.1,South,Online,Credit Card,32.0,5.0,2025-05,2025,Tuesday
ORD104969,2025-05-13,Electronics,Smartwatch,179.1,1,179.1,0.1,East,Online,Credit Card,54.0,4.0,2025-05,2025,Tuesday
ORD100273,2025-05-13,Apparel,Jeans,45.0,2,90.0,0.0,North,In-Store,Credit Card,38.0,2.0,2025-05,2025,Tuesday
ORD102183,2025-05-13,Sports,Tent,122.55,2,245.1,0.05,West,In-Store,Debit Card,40.0,3.0,2025-05,2025,Tuesday
ORD104482,2025-05-13,Beauty,Lipstick,14.4,1,14.4,0.2,East,In-Store,Credit Card,18.0,4.0,2025-05,2025,Tuesday
ORD101701,2025-05-14,Apparel,Dress,55.0,1,55.0,0.0,East,Online,Debit Card,18.0,3.0,2025-05,2025,Wednesday
ORD102540,2025-05-14,Sports,Running Shoes,79.0,3,237.0,0.0,Central,In-Store,Credit Card,18.0,5.0,2025-05,2025,Wednesday
ORD101952,2025-05-14,Beauty,Sunscreen,16.0,2,32.0,0.0,East,Online,Debit Card,31.0,4.0,2025-05,2025,Wednesday
ORD104507,2025-05-14,Sports,Bicycle,296.65,2,593.3,0.15,East,Online,Debit Card,40.0,4.0,2025-05,2025,Wednesday
ORD104898,2025-05-14,Beauty,Sunscreen,16.0,1,16.0,0.0,North,In-Store,Credit Card,32.0,2.0,2025-05,2025,Wednesday
ORD101384,2025-05-14,Apparel,Sneakers,55.25,1,55.25,0.15,Central,Online,Credit Card,35.0,5.0,2025-05,2025,Wednesday
ORD103745,2025-05-14,Sports,Bicycle,349.0,1,349.0,0.0,South,Online,Debit Card,24.0,5.0,2025-05,2025,Wednesday
ORD100085,2025-05-14,Apparel,Sneakers,55.25,1,55.25,0.15,North,Online,Credit Card,22.0,3.0,2025-05,2025,Wednesday
ORD101813,2025-05-15,Apparel,Jacket,89.0,1,89.0,0.0,East,In-Store,UPI,40.0,4.0,2025-05,2025,Thursday
ORD102358,2025-05-15,Apparel,Dress,49.5,1,49.5,0.1,West,Online,UPI,37.0,2.0,2025-05,2025,Thursday
ORD104134,2025-05-15,Apparel,Jacket,89.0,1,89.0,0.0,West,In-Store,Wallet,47.0,4.0,2025-05,2025,Thursday
ORD100770,2025-05-15,Sports,Yoga Mat,22.5,2,45.0,0.1,Central,Online,UPI,30.0,5.0,2025-05,2025,Thursday
ORD103036,2025-05-16,Sports,Dumbbells,45.0,1,45.0,0.0,Central,In-Store,Credit Card,26.0,3.0,2025-05,2025,Friday
ORD102264,2025-05-16,Home & Kitchen,Vacuum,141.55,1,141.55,0.05,West,In-Store,UPI,28.0,3.0,2025-05,2025,Friday
ORD102501,2025-05-16,Electronics,Tablet,349.0,2,698.0,0.0,West,Online,Wallet,55.0,5.0,2025-05,2025,Friday
ORD104442,2025-05-16,Sports,Dumbbells,45.0,1,45.0,0.0,North,In-Store,Debit Card,41.0,3.0,2025-05,2025,Friday
ORD100544,2025-05-16,Home & Kitchen,Vacuum,126.65,1,126.65,0.15,Central,Online,Debit Card,35.0,5.0,2025-05,2025,Friday
ORD102389,2025-05-16,Apparel,T-Shirt,15.0,1,15.0,0.0,Central,In-Store,Cash,32.0,2.0,2025-05,2025,Friday
ORD100846,2025-05-16,Beauty,Sunscreen,16.0,4,64.0,0.0,South,Online,Debit Card,27.0,5.0,2025-05,2025,Friday
ORD100995,2025-05-16,Sports,Yoga Mat,23.75,5,118.75,0.05,North,In-Store,UPI,27.0,5.0,2025-05,2025,Friday
ORD102047,2025-05-17,Beauty,Perfume,58.5,1,58.5,0.1,Central,Online,Debit Card,29.0,4.0,2025-05,2025,Saturday
ORD101669,2025-05-17,Beauty,Perfume,65.0,2,130.0,0.0,South,Online,Credit Card,42.0,3.0,2025-05,2025,Saturday
ORD104777,2025-05-17,Apparel,Jacket,84.55,1,84.55,0.05,South,Online,Debit Card,19.0,4.0,2025-05,2025,Saturday
ORD101435,2025-05-17,Beauty,Perfume,52.0,1,52.0,0.2,South,In-Store,Wallet,43.0,5.0,2025-05,2025,Saturday
ORD104556,2025-05-17,Apparel,Dress,55.0,1,55.0,0.0,East,Online,UPI,51.0,4.0,2025-05,2025,Saturday
ORD101389,2025-05-17,Apparel,Jeans,45.0,1,45.0,0.0,South,Online,UPI,18.0,5.0,2025-05,2025,Saturday
ORD101738,2025-05-17,Electronics,Headphones,49.0,1,49.0,0.0,Central,Online,Cash,40.0,1.0,2025-05,2025,Saturday
ORD101247,2025-05-17,Apparel,Jacket,75.65,4,302.6,0.15,South,Online,Debit Card,38.0,5.0,2025-05,2025,Saturday
ORD102089,2025-05-17,Home & Kitchen,Blender,37.05,1,37.05,0.05,South,Online,Credit Card,38.0,4.0,2025-05,2025,Saturday
ORD102978,2025-05-17,Apparel,Jeans,45.0,1,45.0,0.0,North,In-Store,Credit Card,41.0,3.0,2025-05,2025,Saturday
ORD100594,2025-05-18,Apparel,Jacket,89.0,2,178.0,0.0,Central,In-Store,Credit Card,33.0,5.0,2025-05,2025,Sunday
ORD102665,2025-05-18,Electronics,Laptop,999.0,1,999.0,0.0,South,In-Store,Cash,51.0,3.0,2025-05,2025,Sunday
ORD100327,2025-05-18,Electronics,Laptop,899.1,1,899.1,0.1,Central,In-Store,Cash,34.0,3.0,2025-05,2025,Sunday
ORD101222,2025-05-18,Beauty,Moisturizer,22.0,1,22.0,0.0,West,Online,Debit Card,62.0,5.0,2025-05,2025,Sunday
ORD103707,2025-05-18,Home & Kitchen,Blender,35.1,1,35.1,0.1,North,In-Store,Credit Card,18.0,4.0,2025-05,2025,Sunday
ORD104989,2025-05-18,Electronics,Laptop,999.0,2,1998.0,0.0,East,Online,Debit Card,35.0,3.0,2025-05,2025,Sunday
ORD100905,2025-05-18,Electronics,Headphones,49.0,5,245.0,0.0,West,In-Store,Credit Card,28.0,4.0,2025-05,2025,Sunday
ORD102541,2025-05-19,Apparel,Jacket,75.65,2,151.3,0.15,South,Online,Credit Card,39.0,4.0,2025-05,2025,Monday
ORD102555,2025-05-19,Sports,Dumbbells,45.0,1,45.0,0.0,West,In-Store,Debit Card,18.0,5.0,2025-05,2025,Monday
ORD103902,2025-05-19,Sports,Running Shoes,63.2,1,63.2,0.2,Central,Online,Wallet,21.0,2.0,2025-05,2025,Monday
ORD102094,2025-05-19,Apparel,Jeans,45.0,2,90.0,0.0,West,In-Store,Debit Card,37.0,5.0,2025-05,2025,Monday
ORD104269,2025-05-19,Electronics,Laptop,899.1,2,1798.2,0.1,East,Online,UPI,39.0,4.0,2025-05,2025,Monday
ORD104814,2025-05-20,Apparel,Sneakers,65.0,2,130.0,0.0,Central,Online,Debit Card,19.0,4.0,2025-05,2025,Tuesday
ORD104899,2025-05-20,Apparel,T-Shirt,12.0,2,24.0,0.2,East,Online,Debit Card,29.0,5.0,2025-05,2025,Tuesday
ORD104753,2025-05-20,Electronics,Smartphone,559.2,3,1677.6,0.2,North,In-Store,UPI,50.0,4.0,2025-05,2025,Tuesday
ORD101098,2025-05-20,Apparel,Jacket,89.0,1,89.0,0.0,West,In-Store,Debit Card,32.0,5.0,2025-05,2025,Tuesday
ORD100106,2025-05-20,Electronics,Smartphone,629.1,2,1258.2,0.1,North,Online,Debit Card,18.0,4.0,2025-05,2025,Tuesday
ORD101345,2025-05-20,Sports,Tent,109.65,1,109.65,0.15,Central,In-Store,Credit Card,29.0,5.0,2025-05,2025,Tuesday
ORD103321,2025-05-20,Electronics,Laptop,999.0,4,3996.0,0.0,West,In-Store,Debit Card,26.0,3.0,2025-05,2025,Tuesday
ORD102719,2025-05-20,Apparel,Jeans,45.0,1,45.0,0.0,Central,Online,Debit Card,40.0,5.0,2025-05,2025,Tuesday
ORD104718,2025-05-20,Apparel,Sneakers,65.0,1,65.0,0.0,Central,Online,Cash,58.0,3.0,2025-05,2025,Tuesday
ORD102693,2025-05-20,Beauty,Perfume,65.0,1,65.0,0.0,South,Online,UPI,51.0,4.0,2025-05,2025,Tuesday
ORD100027,2025-05-20,Sports,Bicycle,349.0,1,349.0,0.0,West,In-Store,Credit Card,18.0,4.0,2025-05,2025,Tuesday
ORD102135,2025-05-20,Electronics,Headphones,44.1,1,44.1,0.1,North,Online,Debit Card,19.0,3.0,2025-05,2025,Tuesday
ORD103657,2025-05-21,Home & Kitchen,Blender,39.0,1,39.0,0.0,West,Online,Debit Card,51.0,4.0,2025-05,2025,Wednesday
ORD104531,2025-05-21,Sports,Dumbbells,40.5,1,40.5,0.1,North,In-Store,Credit Card,57.0,4.0,2025-05,2025,Wednesday
ORD104510,2025-05-21,Home & Kitchen,Blender,35.1,2,70.2,0.1,North,Online,Cash,18.0,5.0,2025-05,2025,Wednesday
ORD100319,2025-05-21,Apparel,Sneakers,58.5,2,117.0,0.1,East,In-Store,Debit Card,25.0,5.0,2025-05,2025,Wednesday
ORD101970,2025-05-21,Electronics,Tablet,349.0,1,349.0,0.0,East,In-Store,Credit Card,30.0,5.0,2025-05,2025,Wednesday
ORD104148,2025-05-21,Electronics,Laptop,999.0,2,1998.0,0.0,South,Online,UPI,42.0,5.0,2025-05,2025,Wednesday
ORD102667,2025-05-21,Apparel,Dress,55.0,1,55.0,0.0,West,Online,Debit Card,36.0,5.0,2025-05,2025,Wednesday
ORD103066,2025-05-21,Apparel,Sneakers,65.0,3,195.0,0.0,West,In-Store,Wallet,28.0,5.0,2025-05,2025,Wednesday
ORD100937,2025-05-21,Apparel,Dress,55.0,1,55.0,0.0,South,In-Store,Credit Card,18.0,4.0,2025-05,2025,Wednesday
ORD103286,2025-05-21,Sports,Running Shoes,79.0,2,158.0,0.0,Central,In-Store,UPI,47.0,5.0,2025-05,2025,Wednesday
ORD100401,2025-05-22,Home & Kitchen,Vacuum,149.0,1,149.0,0.0,West,Online,Credit Card,34.0,5.0,2025-05,2025,Thursday
ORD101675,2025-05-22,Home & Kitchen,Coffee Maker,59.0,1,59.0,0.0,North,Online,Credit Card,37.0,4.0,2025-05,2025,Thursday
ORD100520,2025-05-22,Beauty,Shampoo,12.0,1,12.0,0.0,North,Online,Wallet,43.0,5.0,2025-05,2025,Thursday
ORD104254,2025-05-22,Home & Kitchen,Blender,39.0,4,156.0,0.0,North,Online,Debit Card,33.0,5.0,2025-05,2025,Thursday
ORD102187,2025-05-23,Electronics,Tablet,349.0,2,698.0,0.0,West,Online,Debit Card,18.0,4.0,2025-05,2025,Friday
ORD102405,2025-05-23,Sports,Dumbbells,36.0,2,72.0,0.2,South,In-Store,Credit Card,27.0,5.0,2025-05,2025,Friday
ORD101639,2025-05-23,Beauty,Sunscreen,15.2,1,15.2,0.05,South,In-Store,Wallet,26.0,4.0,2025-05,2025,Friday
ORD101413,2025-05-24,Home & Kitchen,Cookware Set,129.0,1,129.0,0.0,Central,In-Store,UPI,39.0,5.0,2025-05,2025,Saturday
ORD104546,2025-05-24,Electronics,Smartwatch,179.1,2,358.2,0.1,North,Online,Credit Card,37.0,4.0,2025-05,2025,Saturday
ORD104268,2025-05-24,Beauty,Perfume,58.5,2,117.0,0.1,West,Online,UPI,27.0,5.0,2025-05,2025,Saturday
ORD103148,2025-05-24,Sports,Yoga Mat,23.75,2,47.5,0.05,North,Online,UPI,38.0,4.0,2025-05,2025,Saturday
ORD102926,2025-05-24,Sports,Yoga Mat,21.25,1,21.25,0.15,East,In-Store,Debit Card,60.0,5.0,2025-05,2025,Saturday
ORD103287,2025-05-24,Home & Kitchen,Coffee Maker,59.0,1,59.0,0.0,North,Online,UPI,54.0,5.0,2025-05,2025,Saturday
ORD103374,2025-05-24,Home & Kitchen,Vacuum,141.55,1,141.55,0.05,Central,Online,Credit Card,36.0,4.0,2025-05,2025,Saturday
ORD104980,2025-05-25,Home & Kitchen,Vacuum,141.55,2,283.1,0.05,North,In-Store,Debit Card,20.0,5.0,2025-05,2025,Sunday
ORD100602,2025-05-25,Beauty,Lipstick,18.0,4,72.0,0.0,South,In-Store,Debit Card,43.0,4.0,2025-05,2025,Sunday
ORD102463,2025-05-25,Home & Kitchen,Cookware Set,122.55,1,122.55,0.05,South,In-Store,Debit Card,38.0,3.0,2025-05,2025,Sunday
ORD104496,2025-05-25,Apparel,Sneakers,65.0,1,65.0,0.0,North,Online,Cash,64.0,3.0,2025-05,2025,Sunday
ORD101951,2025-05-25,Home & Kitchen,Blender,39.0,3,117.0,0.0,Central,Online,UPI,32.0,5.0,2025-05,2025,Sunday
ORD102550,2025-05-26,Home & Kitchen,Vacuum,149.0,2,298.0,0.0,Central,Online,Credit Card,29.0,3.0,2025-05,2025,Monday
ORD101055,2025-05-26,Electronics,Smartphone,559.2,2,1118.4,0.2,North,Online,UPI,18.0,4.0,2025-05,2025,Monday
ORD101029,2025-05-26,Beauty,Shampoo,12.0,1,12.0,0.0,Central,Online,UPI,21.0,5.0,2025-05,2025,Monday
ORD103984,2025-05-26,Beauty,Perfume,52.0,1,52.0,0.2,South,Online,Credit Card,38.0,4.0,2025-05,2025,Monday
ORD100626,2025-05-26,Apparel,Sneakers,55.25,1,55.25,0.15,East,In-Store,UPI,30.0,5.0,2025-05,2025,Monday
ORD100023,2025-05-26,Apparel,T-Shirt,12.0,1,12.0,0.2,Central,In-Store,UPI,23.0,5.0,2025-05,2025,Monday
ORD101382,2025-05-26,Electronics,Laptop,999.0,1,999.0,0.0,Central,Online,Credit Card,29.0,4.0,2025-05,2025,Monday
ORD104484,2025-05-26,Apparel,Dress,55.0,1,55.0,0.0,West,In-Store,Debit Card,32.0,3.0,2025-05,2025,Monday
ORD102370,2025-05-27,Apparel,Sneakers,65.0,2,130.0,0.0,South,Online,Credit Card,45.0,4.0,2025-05,2025,Tuesday
ORD103888,2025-05-27,Home & Kitchen,Cookware Set,129.0,1,129.0,0.0,South,Online,Debit Card,42.0,5.0,2025-05,2025,Tuesday
ORD103589,2025-05-27,Sports,Dumbbells,38.25,5,191.25,0.15,North,Online,Credit Card,53.0,2.0,2025-05,2025,Tuesday
ORD102452,2025-05-27,Apparel,Dress,55.0,1,55.0,0.0,Central,Online,Credit Card,40.0,5.0,2025-05,2025,Tuesday
ORD100658,2025-05-27,Electronics,Tablet,349.0,1,349.0,0.0,Central,Online,Debit Card,31.0,4.0,2025-05,2025,Tuesday
ORD103132,2025-05-27,Sports,Tent,129.0,1,129.0,0.0,North,In-Store,Wallet,22.0,4.0,2025-05,2025,Tuesday
ORD101653,2025-05-27,Apparel,Dress,55.0,1,55.0,0.0,South,Online,Credit Card,23.0,3.0,2025-05,2025,Tuesday
ORD100031,2025-05-27,Home & Kitchen,Air Fryer,84.55,2,169.1,0.05,Central,Online,Wallet,44.0,5.0,2025-05,2025,Tuesday
ORD100773,2025-05-28,Beauty,Sunscreen,16.0,2,32.0,0.0,North,In-Store,Credit Card,43.0,5.0,2025-05,2025,Wednesday
ORD100214,2025-05-28,Apparel,Sneakers,65.0,1,65.0,0.0,Central,In-Store,Credit Card,18.0,5.0,2025-05,2025,Wednesday
ORD103515,2025-05-28,Beauty,Perfume,52.0,2,104.0,0.2,East,Online,UPI,26.0,3.0,2025-05,2025,Wednesday
ORD104168,2025-05-28,Beauty,Sunscreen,14.4,4,57.6,0.1,North,Online,Credit Card,35.0,5.0,2025-05,2025,Wednesday
ORD104642,2025-05-29,Beauty,Shampoo,12.0,4,48.0,0.0,West,Online,Credit Card,56.0,5.0,2025-05,2025,Thursday
ORD101184,2025-05-29,Electronics,Smartphone,559.2,1,559.2,0.2,Central,Online,Credit Card,40.0,4.0,2025-05,2025,Thursday
ORD100564,2025-05-29,Apparel,Dress,52.25,2,104.5,0.05,East,Online,Cash,41.0,3.0,2025-05,2025,Thursday
ORD101695,2025-05-29,Sports,Tent,109.65,1,109.65,0.15,South,In-Store,Credit Card,22.0,4.0,2025-05,2025,Thursday
ORD101846,2025-05-30,Sports,Bicycle,331.55,3,994.65,0.05,Central,In-Store,UPI,38.0,5.0,2025-05,2025,Friday
ORD102995,2025-05-30,Electronics,Smartwatch,179.1,2,358.2,0.1,East,Online,Debit Card,35.0,3.0,2025-05,2025,Friday
ORD100034,2025-05-30,Sports,Tent,129.0,1,129.0,0.0,North,In-Store,UPI,41.0,4.0,2025-05,2025,Friday
ORD101249,2025-05-30,Home & Kitchen,Air Fryer,75.65,2,151.3,0.15,North,Online,Credit Card,21.0,4.0,2025-05,2025,Friday
ORD100910,2025-05-30,Electronics,Laptop,999.0,1,999.0,0.0,East,Online,Credit Card,30.0,3.0,2025-05,2025,Friday
ORD101518,2025-05-30,Apparel,T-Shirt,15.0,1,15.0,0.0,East,Online,UPI,46.0,4.0,2025-05,2025,Friday
ORD104724,2025-05-30,Sports,Tent,129.0,2,258.0,0.0,East,Online,UPI,48.0,5.0,2025-05,2025,Friday
ORD104352,2025-05-30,Apparel,T-Shirt,12.75,2,25.5,0.15,East,In-Store,UPI,43.0,4.0,2025-05,2025,Friday
ORD101538,2025-05-30,Electronics,Smartwatch,199.0,1,199.0,0.0,East,Online,Credit Card,39.0,4.0,2025-05,2025,Friday
ORD102620,2025-05-30,Sports,Tent,129.0,1,129.0,0.0,Central,In-Store,Debit Card,18.0,4.0,2025-05,2025,Friday
ORD101340,2025-05-30,Home & Kitchen,Cookware Set,122.55,1,122.55,0.05,West,Online,Wallet,52.0,3.0,2025-05,2025,Friday
ORD104109,2025-05-31,Sports,Yoga Mat,25.0,1,25.0,0.0,East,Online,UPI,21.0,2.0,2025-05,2025,Saturday
ORD102840,2025-05-31,Beauty,Shampoo,12.0,2,24.0,0.0,North,In-Store,Debit Card,33.0,2.0,2025-05,2025,Saturday
ORD100237,2025-05-31,Sports,Bicycle,331.55,1,331.55,0.05,East,In-Store,UPI,26.0,4.0,2025-05,2025,Saturday
ORD102480,2025-05-31,Home & Kitchen,Cookware Set,122.55,1,122.55,0.05,South,Online,UPI,42.0,3.0,2025-05,2025,Saturday
ORD100734,2025-06-01,Electronics,Smartwatch,199.0,2,398.0,0.0,North,Online,Wallet,22.0,4.0,2025-06,2025,Sunday
ORD102898,2025-06-01,Electronics,Laptop,999.0,1,999.0,0.0,North,Online,Credit Card,25.0,2.0,2025-06,2025,Sunday
ORD103220,2025-06-01,Apparel,Jeans,42.75,2,85.5,0.05,North,In-Store,Debit Card,71.0,5.0,2025-06,2025,Sunday
ORD100426,2025-06-01,Apparel,Jeans,36.0,1,36.0,0.2,Central,Online,Credit Card,39.0,5.0,2025-06,2025,Sunday
ORD104073,2025-06-02,Sports,Dumbbells,45.0,1,45.0,0.0,South,Online,UPI,39.0,4.0,2025-06,2025,Monday
ORD103634,2025-06-02,Beauty,Moisturizer,22.0,1,22.0,0.0,West,Online,Cash,52.0,2.0,2025-06,2025,Monday
ORD104846,2025-06-02,Home & Kitchen,Cookware Set,109.65,1,109.65,0.15,West,In-Store,Credit Card,18.0,5.0,2025-06,2025,Monday
ORD101850,2025-06-02,Apparel,Jeans,45.0,1,45.0,0.0,East,Online,Wallet,18.0,5.0,2025-06,2025,Monday
ORD101902,2025-06-02,Sports,Dumbbells,45.0,2,90.0,0.0,West,Online,UPI,31.0,5.0,2025-06,2025,Monday
ORD104257,2025-06-02,Home & Kitchen,Blender,39.0,1,39.0,0.0,South,Online,Debit Card,18.0,5.0,2025-06,2025,Monday
ORD100411,2025-06-02,Electronics,Smartphone,559.2,1,559.2,0.2,South,Online,Debit Card,57.0,3.0,2025-06,2025,Monday
ORD104330,2025-06-02,Beauty,Lipstick,18.0,1,18.0,0.0,Central,In-Store,UPI,39.0,4.0,2025-06,2025,Monday
ORD103339,2025-06-02,Beauty,Lipstick,18.0,1,18.0,0.0,South,In-Store,Cash,26.0,4.0,2025-06,2025,Monday
ORD103464,2025-06-02,Beauty,Shampoo,10.8,1,10.8,0.1,South,Online,Debit Card,23.0,5.0,2025-06,2025,Monday
ORD100422,2025-06-03,Apparel,Jacket,89.0,1,89.0,0.0,East,Online,Credit Card,54.0,5.0,2025-06,2025,Tuesday
ORD100797,2025-06-03,Electronics,Headphones,49.0,1,49.0,0.0,East,In-Store,Credit Card,24.0,5.0,2025-06,2025,Tuesday
ORD102709,2025-06-03,Home & Kitchen,Vacuum,149.0,1,149.0,0.0,West,In-Store,UPI,31.0,4.0,2025-06,2025,Tuesday
ORD101330,2025-06-04,Beauty,Sunscreen,16.0,1,16.0,0.0,East,In-Store,Credit Card,33.0,4.0,2025-06,2025,Wednesday
ORD103886,2025-06-04,Electronics,Laptop,999.0,4,3996.0,0.0,Central,In-Store,Cash,45.0,3.0,2025-06,2025,Wednesday
ORD102587,2025-06-04,Beauty,Shampoo,12.0,5,60.0,0.0,East,In-Store,Wallet,33.0,2.0,2025-06,2025,Wednesday
ORD103526,2025-06-04,Apparel,T-Shirt,15.0,1,15.0,0.0,East,In-Store,Debit Card,22.0,4.0,2025-06,2025,Wednesday
ORD102252,2025-06-04,Sports,Running Shoes,79.0,1,79.0,0.0,Central,Online,Credit Card,30.0,5.0,2025-06,2025,Wednesday
ORD102687,2025-06-04,Sports,Tent,109.65,1,109.65,0.15,South,Online,Credit Card,18.0,5.0,2025-06,2025,Wednesday
ORD100819,2025-06-04,Sports,Tent,109.65,2,219.3,0.15,West,Online,UPI,39.0,1.0,2025-06,2025,Wednesday
ORD103029,2025-06-05,Home & Kitchen,Air Fryer,89.0,1,89.0,0.0,Central,In-Store,Credit Card,47.0,5.0,2025-06,2025,Thursday
ORD100659,2025-06-05,Electronics,Headphones,49.0,1,49.0,0.0,Central,Online,Credit Card,18.0,5.0,2025-06,2025,Thursday
ORD100742,2025-06-05,Beauty,Shampoo,11.4,1,11.4,0.05,North,Online,Wallet,61.0,4.0,2025-06,2025,Thursday
ORD104795,2025-06-05,Electronics,Tablet,349.0,1,349.0,0.0,East,Online,UPI,18.0,3.0,2025-06,2025,Thursday
ORD101319,2025-06-05,Sports,Running Shoes,75.05,1,75.05,0.05,North,In-Store,Credit Card,25.0,5.0,2025-06,2025,Thursday
ORD101997,2025-06-05,Apparel,Jacket,89.0,2,178.0,0.0,Central,In-Store,Credit Card,24.0,5.0,2025-06,2025,Thursday
ORD100033,2025-06-05,Sports,Dumbbells,42.75,1,42.75,0.05,South,In-Store,Debit Card,41.0,5.0,2025-06,2025,Thursday
ORD104345,2025-06-05,Beauty,Perfume,61.75,1,61.75,0.05,North,Online,Credit Card,42.0,3.0,2025-06,2025,Thursday
ORD100445,2025-06-05,Sports,Running Shoes,79.0,3,237.0,0.0,South,In-Store,UPI,36.0,4.0,2025-06,2025,Thursday
ORD101519,2025-06-05,Home & Kitchen,Blender,39.0,1,39.0,0.0,East,Online,UPI,32.0,4.0,2025-06,2025,Thursday
ORD104043,2025-06-05,Electronics,Smartwatch,169.15,1,169.15,0.15,West,In-Store,UPI,31.0,4.0,2025-06,2025,Thursday
ORD103439,2025-06-05,Sports,Yoga Mat,25.0,2,50.0,0.0,North,Online,UPI,40.0,4.0,2025-06,2025,Thursday
ORD103281,2025-06-06,Apparel,Jeans,40.5,5,202.5,0.1,South,Online,Credit Card,21.0,4.0,2025-06,2025,Friday
ORD102341,2025-06-06,Apparel,Dress,55.0,2,110.0,0.0,South,In-Store,Credit Card,36.0,4.0,2025-06,2025,Friday
ORD103598,2025-06-06,Home & Kitchen,Air Fryer,89.0,1,89.0,0.0,North,In-Store,Credit Card,48.0,5.0,2025-06,2025,Friday
ORD102402,2025-06-06,Sports,Tent,109.65,1,109.65,0.15,Central,Online,UPI,28.0,3.0,2025-06,2025,Friday
ORD102472,2025-06-06,Sports,Bicycle,349.0,1,349.0,0.0,West,In-Store,Credit Card,41.0,5.0,2025-06,2025,Friday
ORD103936,2025-06-06,Home & Kitchen,Blender,39.0,2,78.0,0.0,North,In-Store,Credit Card,31.0,3.0,2025-06,2025,Friday
ORD101143,2025-06-06,Electronics,Smartwatch,189.05,5,945.25,0.05,North,Online,Debit Card,44.0,4.0,2025-06,2025,Friday
ORD100113,2025-06-07,Sports,Tent,129.0,1,129.0,0.0,East,In-Store,UPI,39.0,4.0,2025-06,2025,Saturday
ORD102581,2025-06-07,Sports,Bicycle,314.1,1,314.1,0.1,Central,Online,Cash,40.0,5.0,2025-06,2025,Saturday
ORD104566,2025-06-07,Electronics,Headphones,46.55,1,46.55,0.05,South,In-Store,Credit Card,25.0,4.0,2025-06,2025,Saturday
ORD102055,2025-06-07,Home & Kitchen,Coffee Maker,47.2,2,94.4,0.2,Central,Online,Debit Card,56.0,5.0,2025-06,2025,Saturday
ORD103083,2025-06-07,Apparel,Jacket,89.0,2,178.0,0.0,West,Online,Cash,30.0,4.0,2025-06,2025,Saturday
ORD100119,2025-06-07,Sports,Running Shoes,67.15,1,67.15,0.15,West,Online,Cash,31.0,5.0,2025-06,2025,Saturday
ORD102016,2025-06-07,Electronics,Laptop,949.05,1,949.05,0.05,South,Online,Credit Card,25.0,5.0,2025-06,2025,Saturday
ORD101012,2025-06-07,Electronics,Smartphone,699.0,3,2097.0,0.0,South,In-Store,Debit Card,25.0,1.0,2025-06,2025,Saturday
ORD102248,2025-06-07,Beauty,Lipstick,17.1,1,17.1,0.05,Central,Online,UPI,33.0,5.0,2025-06,2025,Saturday
ORD100115,2025-06-07,Apparel,T-Shirt,14.25,1,14.25,0.05,South,Online,Cash,38.0,5.0,2025-06,2025,Saturday
ORD101796,2025-06-08,Sports,Yoga Mat,23.75,1,23.75,0.05,South,In-Store,Cash,51.0,4.0,2025-06,2025,Sunday
ORD103992,2025-06-08,Beauty,Lipstick,18.0,1,18.0,0.0,East,Online,UPI,50.0,2.0,2025-06,2025,Sunday
ORD100932,2025-06-08,Apparel,T-Shirt,15.0,1,15.0,0.0,North,Online,Debit Card,39.0,3.0,2025-06,2025,Sunday
ORD103330,2025-06-08,Sports,Dumbbells,45.0,1,45.0,0.0,West,Online,Debit Card,40.0,4.0,2025-06,2025,Sunday
ORD104009,2025-06-08,Sports,Tent,129.0,2,258.0,0.0,South,In-Store,Debit Card,62.0,3.0,2025-06,2025,Sunday
ORD102278,2025-06-08,Apparel,T-Shirt,15.0,1,15.0,0.0,North,In-Store,UPI,33.0,3.0,2025-06,2025,Sunday
ORD101671,2025-06-08,Apparel,Jacket,80.1,4,320.4,0.1,North,Online,Credit Card,42.0,3.0,2025-06,2025,Sunday
ORD102598,2025-06-08,Sports,Running Shoes,79.0,1,79.0,0.0,Central,In-Store,Debit Card,49.0,2.0,2025-06,2025,Sunday
ORD103651,2025-06-09,Sports,Tent,116.1,2,232.2,0.1,West,In-Store,Cash,43.0,3.0,2025-06,2025,Monday
ORD102392,2025-06-09,Beauty,Shampoo,10.8,1,10.8,0.1,Central,Online,UPI,45.0,1.0,2025-06,2025,Monday
ORD102895,2025-06-09,Sports,Running Shoes,79.0,1,79.0,0.0,South,Online,UPI,28.0,3.0,2025-06,2025,Monday
ORD103069,2025-06-09,Electronics,Laptop,949.05,2,1898.1,0.05,East,In-Store,Wallet,18.0,5.0,2025-06,2025,Monday
ORD100896,2025-06-09,Sports,Tent,116.1,1,116.1,0.1,West,Online,Cash,25.0,5.0,2025-06,2025,Monday
ORD104195,2025-06-09,Beauty,Lipstick,17.1,2,34.2,0.05,South,In-Store,Wallet,31.0,5.0,2025-06,2025,Monday
ORD100131,2025-06-09,Home & Kitchen,Cookware Set,129.0,2,258.0,0.0,Central,Online,Credit Card,25.0,4.0,2025-06,2025,Monday
ORD104862,2025-06-09,Electronics,Tablet,349.0,4,1396.0,0.0,South,Online,UPI,43.0,4.0,2025-06,2025,Monday
ORD100984,2025-06-10,Apparel,Dress,52.25,1,52.25,0.05,South,In-Store,Debit Card,18.0,5.0,2025-06,2025,Tuesday
ORD100764,2025-06-10,Apparel,Jacket,84.55,1,84.55,0.05,North,In-Store,Credit Card,31.0,5.0,2025-06,2025,Tuesday
ORD103039,2025-06-10,Beauty,Perfume,65.0,1,65.0,0.0,Central,Online,Debit Card,46.0,5.0,2025-06,2025,Tuesday
ORD101166,2025-06-10,Electronics,Smartwatch,199.0,1,199.0,0.0,West,In-Store,Debit Card,40.0,4.0,2025-06,2025,Tuesday
ORD102390,2025-06-10,Sports,Tent,122.55,1,122.55,0.05,Central,In-Store,Cash,29.0,4.0,2025-06,2025,Tuesday
ORD101438,2025-06-11,Beauty,Lipstick,16.2,1,16.2,0.1,South,Online,UPI,48.0,4.0,2025-06,2025,Wednesday
ORD103959,2025-06-11,Electronics,Headphones,49.0,1,49.0,0.0,Central,Online,Credit Card,38.0,5.0,2025-06,2025,Wednesday
ORD101085,2025-06-11,Sports,Bicycle,349.0,2,698.0,0.0,South,Online,Cash,31.0,4.0,2025-06,2025,Wednesday
ORD100850,2025-06-11,Home & Kitchen,Vacuum,141.55,1,141.55,0.05,West,Online,Credit Card,18.0,3.0,2025-06,2025,Wednesday
ORD101979,2025-06-11,Beauty,Lipstick,18.0,1,18.0,0.0,West,In-Store,Debit Card,40.0,5.0,2025-06,2025,Wednesday
ORD103396,2025-06-11,Home & Kitchen,Air Fryer,89.0,2,178.0,0.0,West,Online,Credit Card,33.0,4.0,2025-06,2025,Wednesday
ORD100727,2025-06-11,Home & Kitchen,Coffee Maker,50.15,2,100.3,0.15,South,Online,Debit Card,46.0,5.0,2025-06,2025,Wednesday
ORD104219,2025-06-11,Home & Kitchen,Vacuum,149.0,2,298.0,0.0,Central,Online,Debit Card,33.0,5.0,2025-06,2025,Wednesday
ORD104331,2025-06-11,Electronics,Headphones,49.0,1,49.0,0.0,West,Online,Credit Card,48.0,4.0,2025-06,2025,Wednesday
ORD100436,2025-06-11,Apparel,T-Shirt,12.75,1,12.75,0.15,East,Online,Credit Card,27.0,4.0,2025-06,2025,Wednesday
ORD103994,2025-06-11,Electronics,Laptop,849.15,1,849.15,0.15,Central,Online,UPI,43.0,4.0,2025-06,2025,Wednesday
ORD102155,2025-06-12,Sports,Bicycle,349.0,1,349.0,0.0,East,Online,Cash,45.0,4.0,2025-06,2025,Thursday
ORD102820,2025-06-12,Sports,Running Shoes,67.15,1,67.15,0.15,East,In-Store,UPI,38.0,3.0,2025-06,2025,Thursday
ORD103015,2025-06-12,Sports,Running Shoes,75.05,1,75.05,0.05,East,Online,Credit Card,48.0,5.0,2025-06,2025,Thursday
ORD100483,2025-06-12,Apparel,Dress,55.0,1,55.0,0.0,East,In-Store,Wallet,42.0,5.0,2025-06,2025,Thursday
ORD101040,2025-06-12,Apparel,Sneakers,65.0,1,65.0,0.0,North,Online,Debit Card,60.0,5.0,2025-06,2025,Thursday
ORD104458,2025-06-12,Electronics,Smartphone,699.0,1,699.0,0.0,Central,Online,Credit Card,28.0,4.0,2025-06,2025,Thursday
ORD101596,2025-06-12,Apparel,Jeans,40.5,1,40.5,0.1,East,Online,UPI,18.0,4.0,2025-06,2025,Thursday
ORD102732,2025-06-12,Sports,Bicycle,349.0,1,349.0,0.0,North,Online,UPI,59.0,2.0,2025-06,2025,Thursday
ORD102281,2025-06-12,Home & Kitchen,Coffee Maker,50.15,3,150.45,0.15,North,In-Store,Debit Card,28.0,5.0,2025-06,2025,Thursday
ORD100515,2025-06-12,Beauty,Perfume,52.0,1,52.0,0.2,East,Online,Cash,34.0,2.0,2025-06,2025,Thursday
ORD101524,2025-06-12,Beauty,Sunscreen,14.4,1,14.4,0.1,East,In-Store,Credit Card,55.0,4.0,2025-06,2025,Thursday
ORD100634,2025-06-13,Electronics,Laptop,999.0,1,999.0,0.0,Central,Online,Credit Card,39.0,1.0,2025-06,2025,Friday
ORD100415,2025-06-13,Beauty,Lipstick,18.0,2,36.0,0.0,South,In-Store,Credit Card,21.0,4.0,2025-06,2025,Friday
ORD100943,2025-06-13,Sports,Running Shoes,79.0,1,79.0,0.0,West,Online,Debit Card,30.0,5.0,2025-06,2025,Friday
ORD102911,2025-06-13,Electronics,Tablet,349.0,3,1047.0,0.0,North,In-Store,UPI,31.0,5.0,2025-06,2025,Friday
ORD101984,2025-06-13,Home & Kitchen,Coffee Maker,56.05,1,56.05,0.05,West,Online,Wallet,50.0,5.0,2025-06,2025,Friday
ORD100928,2025-06-13,Apparel,Dress,55.0,1,55.0,0.0,West,Online,UPI,20.0,5.0,2025-06,2025,Friday
ORD101925,2025-06-13,Apparel,Jacket,80.1,2,160.2,0.1,Central,Online,Debit Card,36.0,5.0,2025-06,2025,Friday
ORD102818,2025-06-13,Electronics,Smartphone,699.0,2,1398.0,0.0,North,In-Store,Wallet,33.0,4.0,2025-06,2025,Friday
ORD101913,2025-06-13,Apparel,Sneakers,65.0,1,65.0,0.0,Central,In-Store,Wallet,24.0,3.0,2025-06,2025,Friday
ORD100519,2025-06-13,Apparel,Sneakers,65.0,1,65.0,0.0,West,Online,Wallet,28.0,5.0,2025-06,2025,Friday
ORD100382,2025-06-13,Apparel,T-Shirt,15.0,1,15.0,0.0,North,In-Store,Credit Card,35.0,4.0,2025-06,2025,Friday
ORD104629,2025-06-13,Electronics,Laptop,999.0,1,999.0,0.0,South,In-Store,Debit Card,45.0,3.0,2025-06,2025,Friday
ORD103544,2025-06-13,Sports,Bicycle,349.0,1,349.0,0.0,East,Online,Credit Card,38.0,4.0,2025-06,2025,Friday
ORD101074,2025-06-14,Apparel,Jeans,40.5,2,81.0,0.1,North,In-Store,Debit Card,36.0,5.0,2025-06,2025,Saturday
ORD103340,2025-06-14,Electronics,Headphones,49.0,1,49.0,0.0,South,Online,Credit Card,47.0,3.0,2025-06,2025,Saturday
ORD102137,2025-06-14,Home & Kitchen,Vacuum,119.2,1,119.2,0.2,West,Online,Credit Card,20.0,3.0,2025-06,2025,Saturday
ORD102577,2025-06-14,Home & Kitchen,Coffee Maker,59.0,1,59.0,0.0,North,In-Store,Credit Card,19.0,5.0,2025-06,2025,Saturday
ORD101512,2025-06-14,Electronics,Smartphone,699.0,1,699.0,0.0,South,In-Store,Credit Card,36.0,4.0,2025-06,2025,Saturday
ORD100586,2025-06-14,Sports,Yoga Mat,23.75,1,23.75,0.05,North,Online,Credit Card,32.0,3.0,2025-06,2025,Saturday
ORD102939,2025-06-14,Home & Kitchen,Coffee Maker,56.05,1,56.05,0.05,East,In-Store,Credit Card,38.0,4.0,2025-06,2025,Saturday
ORD104060,2025-06-14,Home & Kitchen,Vacuum,119.2,3,357.6,0.2,West,In-Store,UPI,33.0,2.0,2025-06,2025,Saturday
ORD102361,2025-06-14,Apparel,Sneakers,65.0,1,65.0,0.0,West,Online,Cash,43.0,5.0,2025-06,2025,Saturday
ORD104779,2025-06-15,Apparel,Jeans,38.25,1,38.25,0.15,North,Online,Credit Card,33.0,2.0,2025-06,2025,Sunday
ORD103356,2025-06-15,Beauty,Perfume,65.0,3,195.0,0.0,Central,Online,Credit Card,23.0,3.0,2025-06,2025,Sunday
ORD103686,2025-06-15,Sports,Yoga Mat,25.0,1,25.0,0.0,South,In-Store,Credit Card,32.0,5.0,2025-06,2025,Sunday
ORD101133,2025-06-15,Beauty,Shampoo,12.0,1,12.0,0.0,East,In-Store,Wallet,44.0,2.0,2025-06,2025,Sunday
ORD104359,2025-06-15,Sports,Dumbbells,45.0,1,45.0,0.0,Central,Online,Credit Card,18.0,4.0,2025-06,2025,Sunday
ORD103933,2025-06-15,Apparel,Jeans,45.0,1,45.0,0.0,South,In-Store,UPI,18.0,5.0,2025-06,2025,Sunday
ORD103002,2025-06-15,Electronics,Smartphone,699.0,3,2097.0,0.0,Central,In-Store,UPI,37.0,2.0,2025-06,2025,Sunday
ORD100371,2025-06-15,Home & Kitchen,Vacuum,149.0,2,298.0,0.0,South,Online,Wallet,39.0,5.0,2025-06,2025,Sunday
ORD101248,2025-06-16,Sports,Tent,116.1,1,116.1,0.1,East,In-Store,Debit Card,57.0,5.0,2025-06,2025,Monday
ORD103855,2025-06-16,Electronics,Smartphone,664.05,3,1992.15,0.05,East,Online,Wallet,46.0,3.0,2025-06,2025,Monday
ORD104630,2025-06-16,Electronics,Headphones,46.55,1,46.55,0.05,North,In-Store,UPI,35.0,3.0,2025-06,2025,Monday
ORD100203,2025-06-16,Electronics,Tablet,349.0,3,1047.0,0.0,East,Online,Credit Card,27.0,4.0,2025-06,2025,Monday
ORD102210,2025-06-16,Apparel,T-Shirt,13.5,1,13.5,0.1,East,In-Store,Debit Card,36.0,5.0,2025-06,2025,Monday
ORD101810,2025-06-16,Apparel,Dress,52.25,1,52.25,0.05,Central,Online,Wallet,42.0,3.0,2025-06,2025,Monday
ORD103782,2025-06-16,Sports,Yoga Mat,25.0,1,25.0,0.0,West,Online,Cash,20.0,5.0,2025-06,2025,Monday
ORD103968,2025-06-16,Sports,Dumbbells,45.0,1,45.0,0.0,North,Online,UPI,19.0,4.0,2025-06,2025,Monday
ORD104822,2025-06-16,Home & Kitchen,Air Fryer,89.0,2,178.0,0.0,East,In-Store,UPI,56.0,3.0,2025-06,2025,Monday
ORD101132,2025-06-16,Electronics,Smartwatch,179.1,1,179.1,0.1,West,In-Store,Credit Card,18.0,4.0,2025-06,2025,Monday
ORD101772,2025-06-16,Home & Kitchen,Air Fryer,84.55,2,169.1,0.05,East,In-Store,UPI,29.0,2.0,2025-06,2025,Monday
ORD104928,2025-06-16,Home & Kitchen,Blender,39.0,2,78.0,0.0,South,In-Store,Cash,39.0,5.0,2025-06,2025,Monday
ORD100387,2025-06-17,Sports,Bicycle,296.65,1,296.65,0.15,East,Online,Credit Card,23.0,5.0,2025-06,2025,Tuesday
ORD103412,2025-06-17,Home & Kitchen,Blender,39.0,1,39.0,0.0,Central,Online,UPI,27.0,2.0,2025-06,2025,Tuesday
ORD103409,2025-06-17,Electronics,Tablet,314.1,1,314.1,0.1,Central,Online,Credit Card,21.0,3.0,2025-06,2025,Tuesday
ORD104231,2025-06-17,Electronics,Smartphone,699.0,4,2796.0,0.0,South,Online,Credit Card,31.0,5.0,2025-06,2025,Tuesday
ORD104098,2025-06-17,Electronics,Laptop,999.0,1,999.0,0.0,East,Online,UPI,44.0,4.0,2025-06,2025,Tuesday
ORD101591,2025-06-17,Sports,Dumbbells,42.75,1,42.75,0.05,Central,Online,UPI,29.0,4.0,2025-06,2025,Tuesday
ORD103550,2025-06-17,Sports,Yoga Mat,23.75,1,23.75,0.05,West,Online,Credit Card,35.0,5.0,2025-06,2025,Tuesday
ORD103603,2025-06-18,Sports,Bicycle,314.1,1,314.1,0.1,Central,Online,Credit Card,53.0,4.0,2025-06,2025,Wednesday
ORD101549,2025-06-18,Sports,Bicycle,296.65,1,296.65,0.15,West,Online,UPI,38.0,5.0,2025-06,2025,Wednesday
ORD101962,2025-06-18,Apparel,Jeans,40.5,4,162.0,0.1,West,Online,Wallet,54.0,3.0,2025-06,2025,Wednesday
ORD103202,2025-06-18,Apparel,T-Shirt,15.0,2,30.0,0.0,South,Online,Debit Card,36.0,4.0,2025-06,2025,Wednesday
ORD104196,2025-06-18,Electronics,Laptop,849.15,1,849.15,0.15,North,Online,Cash,28.0,5.0,2025-06,2025,Wednesday
ORD101844,2025-06-18,Beauty,Moisturizer,17.6,1,17.6,0.2,East,Online,Debit Card,36.0,5.0,2025-06,2025,Wednesday
ORD103706,2025-06-19,Electronics,Laptop,949.05,1,949.05,0.05,East,In-Store,Debit Card,26.0,5.0,2025-06,2025,Thursday
ORD102241,2025-06-19,Sports,Tent,116.1,1,116.1,0.1,South,In-Store,UPI,54.0,4.0,2025-06,2025,Thursday
ORD100853,2025-06-19,Apparel,Dress,55.0,4,220.0,0.0,South,Online,Debit Card,46.0,4.0,2025-06,2025,Thursday
ORD100185,2025-06-19,Home & Kitchen,Cookware Set,122.55,1,122.55,0.05,West,In-Store,Debit Card,34.0,2.0,2025-06,2025,Thursday
ORD100360,2025-06-20,Beauty,Sunscreen,16.0,1,16.0,0.0,South,In-Store,UPI,24.0,4.0,2025-06,2025,Friday
ORD100163,2025-06-20,Sports,Dumbbells,36.0,1,36.0,0.2,West,Online,Debit Card,45.0,4.0,2025-06,2025,Friday
ORD101744,2025-06-20,Apparel,Dress,55.0,1,55.0,0.0,Central,In-Store,Credit Card,42.0,1.0,2025-06,2025,Friday
ORD103797,2025-06-20,Beauty,Moisturizer,19.8,1,19.8,0.1,North,Online,Wallet,42.0,2.0,2025-06,2025,Friday
ORD103502,2025-06-20,Home & Kitchen,Coffee Maker,59.0,1,59.0,0.0,South,Online,Credit Card,33.0,4.0,2025-06,2025,Friday
ORD100062,2025-06-20,Home & Kitchen,Cookware Set,122.55,2,245.1,0.05,East,In-Store,Debit Card,52.0,4.0,2025-06,2025,Friday
ORD104915,2025-06-20,Sports,Yoga Mat,22.5,2,45.0,0.1,West,In-Store,Debit Card,41.0,4.0,2025-06,2025,Friday
ORD100446,2025-06-21,Electronics,Laptop,999.0,1,999.0,0.0,East,Online,Credit Card,24.0,5.0,2025-06,2025,Saturday
ORD102831,2025-06-21,Home & Kitchen,Blender,39.0,4,156.0,0.0,East,Online,Debit Card,18.0,4.0,2025-06,2025,Saturday
ORD102393,2025-06-21,Electronics,Tablet,349.0,1,349.0,0.0,North,In-Store,UPI,29.0,4.0,2025-06,2025,Saturday
ORD102136,2025-06-21,Beauty,Lipstick,18.0,1,18.0,0.0,North,In-Store,Debit Card,29.0,4.0,2025-06,2025,Saturday
ORD103156,2025-06-21,Sports,Bicycle,349.0,2,698.0,0.0,West,Online,Credit Card,31.0,1.0,2025-06,2025,Saturday
ORD100849,2025-06-21,Beauty,Lipstick,17.1,1,17.1,0.05,Central,Online,Credit Card,24.0,3.0,2025-06,2025,Saturday
ORD102124,2025-06-22,Sports,Running Shoes,75.05,1,75.05,0.05,West,Online,Cash,48.0,5.0,2025-06,2025,Sunday
ORD101522,2025-06-22,Apparel,Jeans,42.75,1,42.75,0.05,East,In-Store,Credit Card,33.0,5.0,2025-06,2025,Sunday
ORD102346,2025-06-22,Home & Kitchen,Vacuum,141.55,2,283.1,0.05,East,In-Store,UPI,31.0,5.0,2025-06,2025,Sunday
ORD103975,2025-06-22,Beauty,Perfume,61.75,1,61.75,0.05,Central,Online,Credit Card,46.0,5.0,2025-06,2025,Sunday
ORD100708,2025-06-22,Sports,Running Shoes,79.0,2,158.0,0.0,East,Online,Debit Card,18.0,2.0,2025-06,2025,Sunday
ORD103097,2025-06-22,Sports,Dumbbells,36.0,3,108.0,0.2,West,Online,Credit Card,26.0,4.0,2025-06,2025,Sunday
ORD101652,2025-06-22,Electronics,Smartphone,629.1,3,1887.3,0.1,North,Online,Debit Card,42.0,2.0,2025-06,2025,Sunday
ORD100981,2025-06-22,Beauty,Shampoo,10.2,1,10.2,0.15,South,Online,Debit Card,45.0,4.0,2025-06,2025,Sunday
ORD104852,2025-06-23,Electronics,Smartphone,664.05,1,664.05,0.05,East,Online,Debit Card,31.0,4.0,2025-06,2025,Monday
ORD103624,2025-06-23,Apparel,Jacket,89.0,1,89.0,0.0,Central,In-Store,Debit Card,36.0,5.0,2025-06,2025,Monday
ORD101965,2025-06-23,Electronics,Headphones,49.0,2,98.0,0.0,North,Online,UPI,35.0,2.0,2025-06,2025,Monday
ORD100838,2025-06-23,Home & Kitchen,Coffee Maker,59.0,1,59.0,0.0,South,Online,Credit Card,65.0,3.0,2025-06,2025,Monday
ORD103276,2025-06-23,Beauty,Shampoo,9.6,1,9.6,0.2,Central,In-Store,Debit Card,24.0,4.0,2025-06,2025,Monday
ORD102588,2025-06-23,Electronics,Tablet,314.1,1,314.1,0.1,West,Online,UPI,41.0,5.0,2025-06,2025,Monday
ORD100173,2025-06-23,Apparel,Jacket,89.0,1,89.0,0.0,South,Online,Credit Card,22.0,5.0,2025-06,2025,Monday
ORD100409,2025-06-23,Sports,Dumbbells,36.0,1,36.0,0.2,Central,Online,Debit Card,18.0,3.0,2025-06,2025,Monday
ORD100577,2025-06-23,Beauty,Lipstick,17.1,2,34.2,0.05,South,In-Store,Cash,34.0,5.0,2025-06,2025,Monday
ORD102375,2025-06-23,Home & Kitchen,Blender,37.05,2,74.1,0.05,North,In-Store,UPI,37.0,3.0,2025-06,2025,Monday
ORD104167,2025-06-23,Apparel,Jeans,42.75,2,85.5,0.05,Central,In-Store,Debit Card,45.0,5.0,2025-06,2025,Monday
ORD101657,2025-06-23,Beauty,Moisturizer,22.0,4,88.0,0.0,East,In-Store,Credit Card,48.0,5.0,2025-06,2025,Monday
ORD104286,2025-06-24,Apparel,Sneakers,58.5,1,58.5,0.1,South,Online,Debit Card,19.0,5.0,2025-06,2025,Tuesday
ORD100736,2025-06-24,Electronics,Laptop,999.0,3,2997.0,0.0,East,Online,Cash,19.0,5.0,2025-06,2025,Tuesday
ORD100584,2025-06-24,Home & Kitchen,Air Fryer,75.65,1,75.65,0.15,North,In-Store,Wallet,41.0,4.0,2025-06,2025,Tuesday
ORD103361,2025-06-24,Sports,Dumbbells,45.0,3,135.0,0.0,East,Online,UPI,30.0,5.0,2025-06,2025,Tuesday
ORD100417,2025-06-24,Sports,Bicycle,331.55,1,331.55,0.05,South,In-Store,Debit Card,49.0,2.0,2025-06,2025,Tuesday
ORD100721,2025-06-24,Apparel,T-Shirt,15.0,5,75.0,0.0,West,Online,Credit Card,50.0,4.0,2025-06,2025,Tuesday
ORD103166,2025-06-24,Electronics,Smartwatch,199.0,1,199.0,0.0,East,Online,Credit Card,25.0,4.0,2025-06,2025,Tuesday
ORD102247,2025-06-24,Home & Kitchen,Coffee Maker,59.0,5,295.0,0.0,East,In-Store,Debit Card,38.0,5.0,2025-06,2025,Tuesday
ORD104272,2025-06-24,Beauty,Moisturizer,22.0,1,22.0,0.0,East,In-Store,Debit Card,33.0,5.0,2025-06,2025,Tuesday
ORD104709,2025-06-25,Beauty,Shampoo,10.8,1,10.8,0.1,West,In-Store,Credit Card,28.0,2.0,2025-06,2025,Wednesday
ORD100186,2025-06-25,Sports,Bicycle,314.1,2,628.2,0.1,East,Online,Credit Card,25.0,2.0,2025-06,2025,Wednesday
ORD101284,2025-06-25,Home & Kitchen,Air Fryer,89.0,1,89.0,0.0,North,Online,Debit Card,35.0,4.0,2025-06,2025,Wednesday
ORD101714,2025-06-25,Beauty,Sunscreen,16.0,1,16.0,0.0,East,Online,UPI,25.0,4.0,2025-06,2025,Wednesday
ORD104652,2025-06-25,Sports,Bicycle,349.0,2,698.0,0.0,West,Online,Credit Card,25.0,4.0,2025-06,2025,Wednesday
ORD100281,2025-06-25,Home & Kitchen,Air Fryer,80.1,1,80.1,0.1,East,Online,Debit Card,43.0,5.0,2025-06,2025,Wednesday
ORD101122,2025-06-25,Apparel,Sneakers,55.25,2,110.5,0.15,East,Online,Credit Card,44.0,4.0,2025-06,2025,Wednesday
ORD100948,2025-06-25,Sports,Yoga Mat,21.25,1,21.25,0.15,East,In-Store,UPI,29.0,5.0,2025-06,2025,Wednesday
ORD104701,2025-06-25,Apparel,Dress,52.25,4,209.0,0.05,South,Online,Debit Card,47.0,4.0,2025-06,2025,Wednesday
ORD104105,2025-06-26,Electronics,Headphones,39.2,2,78.4,0.2,Central,Online,Debit Card,50.0,4.0,2025-06,2025,Thursday
ORD104557,2025-06-26,Home & Kitchen,Vacuum,149.0,1,149.0,0.0,East,In-Store,Cash,22.0,5.0,2025-06,2025,Thursday
ORD103696,2025-06-26,Apparel,T-Shirt,13.5,1,13.5,0.1,Central,Online,Credit Card,29.0,5.0,2025-06,2025,Thursday
ORD101402,2025-06-26,Apparel,Jacket,84.55,1,84.55,0.05,South,In-Store,Credit Card,32.0,4.0,2025-06,2025,Thursday
ORD103518,2025-06-27,Apparel,Dress,49.5,1,49.5,0.1,Central,In-Store,Credit Card,33.0,2.0,2025-06,2025,Friday
ORD101691,2025-06-27,Beauty,Perfume,52.0,1,52.0,0.2,North,In-Store,Cash,35.0,3.0,2025-06,2025,Friday
ORD103799,2025-06-27,Home & Kitchen,Air Fryer,84.55,1,84.55,0.05,North,In-Store,Debit Card,36.0,3.0,2025-06,2025,Friday
ORD102014,2025-06-27,Electronics,Tablet,331.55,1,331.55,0.05,North,Online,Debit Card,19.0,2.0,2025-06,2025,Friday
ORD102546,2025-06-27,Beauty,Perfume,65.0,1,65.0,0.0,East,Online,Debit Card,33.0,5.0,2025-06,2025,Friday
ORD101110,2025-06-27,Beauty,Moisturizer,22.0,3,66.0,0.0,Central,Online,UPI,39.0,2.0,2025-06,2025,Friday
ORD101580,2025-06-27,Sports,Bicycle,349.0,2,698.0,0.0,North,In-Store,Debit Card,18.0,4.0,2025-06,2025,Friday
ORD101921,2025-06-28,Sports,Bicycle,331.55,1,331.55,0.05,Central,In-Store,UPI,41.0,1.0,2025-06,2025,Saturday
ORD101461,2025-06-28,Home & Kitchen,Vacuum,149.0,1,149.0,0.0,West,Online,Credit Card,18.0,5.0,2025-06,2025,Saturday
ORD103978,2025-06-29,Electronics,Laptop,849.15,4,3396.6,0.15,Central,In-Store,Credit Card,18.0,5.0,2025-06,2025,Sunday
ORD101621,2025-06-29,Apparel,Sneakers,65.0,3,195.0,0.0,East,Online,Credit Card,63.0,4.0,2025-06,2025,Sunday
ORD104778,2025-06-29,Apparel,T-Shirt,14.25,1,14.25,0.05,South,In-Store,UPI,27.0,5.0,2025-06,2025,Sunday
ORD100825,2025-06-29,Sports,Bicycle,331.55,2,663.1,0.05,East,Online,Credit Card,30.0,5.0,2025-06,2025,Sunday
ORD104316,2025-06-29,Electronics,Smartwatch,169.15,5,845.75,0.15,West,In-Store,Cash,27.0,4.0,2025-06,2025,Sunday
ORD104322,2025-06-29,Home & Kitchen,Vacuum,141.55,1,141.55,0.05,North,In-Store,Debit Card,23.0,2.0,2025-06,2025,Sunday
ORD100244,2025-06-30,Electronics,Smartwatch,199.0,1,199.0,0.0,South,Online,Debit Card,25.0,4.0,2025-06,2025,Monday
ORD103099,2025-06-30,Home & Kitchen,Blender,39.0,4,156.0,0.0,North,In-Store,Credit Card,24.0,5.0,2025-06,2025,Monday
ORD104460,2025-06-30,Electronics,Headphones,49.0,1,49.0,0.0,Central,In-Store,Credit Card,39.0,5.0,2025-06,2025,Monday
ORD100982,2025-06-30,Beauty,Sunscreen,16.0,1,16.0,0.0,Central,Online,Debit Card,43.0,3.0,2025-06,2025,Monday
ORD103636,2025-06-30,Apparel,Dress,55.0,1,55.0,0.0,Central,In-Store,Credit Card,34.0,3.0,2025-06,2025,Monday
ORD101305,2025-06-30,Electronics,Tablet,314.1,3,942.3,0.1,Central,In-Store,Debit Card,25.0,5.0,2025-06,2025,Monday
ORD104987,2025-06-30,Home & Kitchen,Coffee Maker,59.0,1,59.0,0.0,South,Online,Credit Card,25.0,5.0,2025-06,2025,Monday
ORD100901,2025-07-01,Beauty,Lipstick,16.2,1,16.2,0.1,Central,Online,UPI,34.0,4.0,2025-07,2025,Tuesday
ORD100991,2025-07-01,Beauty,Perfume,65.0,4,260.0,0.0,West,In-Store,Credit Card,18.0,5.0,2025-07,2025,Tuesday
ORD103023,2025-07-01,Home & Kitchen,Air Fryer,80.1,1,80.1,0.1,East,Online,Cash,31.0,5.0,2025-07,2025,Tuesday
ORD103728,2025-07-01,Beauty,Sunscreen,16.0,1,16.0,0.0,South,In-Store,Debit Card,34.0,2.0,2025-07,2025,Tuesday
ORD103638,2025-07-01,Electronics,Smartwatch,199.0,1,199.0,0.0,West,In-Store,Wallet,34.0,3.0,2025-07,2025,Tuesday
ORD101027,2025-07-01,Home & Kitchen,Air Fryer,89.0,4,356.0,0.0,North,In-Store,Debit Card,55.0,3.0,2025-07,2025,Tuesday
ORD103216,2025-07-01,Electronics,Smartphone,629.1,3,1887.3,0.1,East,Online,Credit Card,23.0,5.0,2025-07,2025,Tuesday
ORD100191,2025-07-01,Beauty,Moisturizer,22.0,1,22.0,0.0,West,Online,Credit Card,29.0,5.0,2025-07,2025,Tuesday
ORD101803,2025-07-01,Beauty,Sunscreen,16.0,1,16.0,0.0,East,Online,Credit Card,20.0,3.0,2025-07,2025,Tuesday
ORD102288,2025-07-01,Home & Kitchen,Blender,33.15,4,132.6,0.15,West,In-Store,Debit Card,52.0,4.0,2025-07,2025,Tuesday
ORD100093,2025-07-01,Sports,Yoga Mat,25.0,1,25.0,0.0,East,In-Store,Wallet,65.0,3.0,2025-07,2025,Tuesday
ORD102490,2025-07-02,Beauty,Lipstick,18.0,5,90.0,0.0,Central,Online,Credit Card,24.0,5.0,2025-07,2025,Wednesday
ORD104799,2025-07-02,Apparel,Sneakers,65.0,1,65.0,0.0,East,Online,Debit Card,38.0,4.0,2025-07,2025,Wednesday
ORD102134,2025-07-02,Electronics,Laptop,999.0,1,999.0,0.0,South,Online,Cash,73.0,5.0,2025-07,2025,Wednesday
ORD103070,2025-07-02,Home & Kitchen,Cookware Set,116.1,1,116.1,0.1,East,In-Store,Cash,31.0,4.0,2025-07,2025,Wednesday
ORD102249,2025-07-02,Apparel,Jeans,38.25,1,38.25,0.15,South,In-Store,UPI,25.0,2.0,2025-07,2025,Wednesday
ORD102228,2025-07-02,Beauty,Shampoo,10.2,1,10.2,0.15,East,In-Store,Credit Card,32.0,5.0,2025-07,2025,Wednesday
ORD102095,2025-07-02,Electronics,Smartphone,629.1,1,629.1,0.1,West,Online,Credit Card,18.0,4.0,2025-07,2025,Wednesday
ORD100302,2025-07-03,Home & Kitchen,Air Fryer,80.1,3,240.3,0.1,Central,In-Store,Debit Card,18.0,4.0,2025-07,2025,Thursday
ORD102097,2025-07-03,Apparel,Dress,52.25,1,52.25,0.05,North,Online,Credit Card,34.0,5.0,2025-07,2025,Thursday
ORD104568,2025-07-03,Beauty,Moisturizer,22.0,1,22.0,0.0,South,Online,Debit Card,43.0,5.0,2025-07,2025,Thursday
ORD100680,2025-07-03,Beauty,Moisturizer,17.6,2,35.2,0.2,Central,Online,UPI,43.0,4.0,2025-07,2025,Thursday
ORD100434,2025-07-03,Apparel,T-Shirt,15.0,1,15.0,0.0,East,Online,Debit Card,36.0,4.0,2025-07,2025,Thursday
ORD100899,2025-07-03,Sports,Bicycle,314.1,1,314.1,0.1,South,In-Store,UPI,44.0,5.0,2025-07,2025,Thursday
ORD101253,2025-07-03,Apparel,Jacket,84.55,2,169.1,0.05,Central,Online,Wallet,43.0,4.0,2025-07,2025,Thursday
ORD101764,2025-07-04,Beauty,Lipstick,18.0,2,36.0,0.0,North,In-Store,Wallet,60.0,4.0,2025-07,2025,Friday
ORD100225,2025-07-04,Electronics,Headphones,49.0,1,49.0,0.0,Central,In-Store,Credit Card,34.0,4.0,2025-07,2025,Friday
ORD104089,2025-07-04,Apparel,Sneakers,65.0,5,325.0,0.0,North,In-Store,UPI,25.0,5.0,2025-07,2025,Friday
ORD100671,2025-07-04,Home & Kitchen,Vacuum,149.0,1,149.0,0.0,North,Online,Credit Card,22.0,5.0,2025-07,2025,Friday
ORD100347,2025-07-04,Home & Kitchen,Cookware Set,129.0,2,258.0,0.0,West,Online,Cash,18.0,4.0,2025-07,2025,Friday
ORD103209,2025-07-04,Electronics,Laptop,799.2,1,799.2,0.2,North,Online,Credit Card,28.0,4.0,2025-07,2025,Friday
ORD104056,2025-07-04,Apparel,Jeans,38.25,1,38.25,0.15,Central,In-Store,Debit Card,36.0,5.0,2025-07,2025,Friday
ORD102891,2025-07-04,Apparel,Sneakers,61.75,2,123.5,0.05,South,Online,UPI,28.0,5.0,2025-07,2025,Friday
ORD103010,2025-07-05,Home & Kitchen,Air Fryer,80.1,3,240.3,0.1,East,Online,Credit Card,26.0,2.0,2025-07,2025,Saturday
ORD102664,2025-07-05,Electronics,Tablet,349.0,1,349.0,0.0,Central,In-Store,Credit Card,34.0,4.0,2025-07,2025,Saturday
ORD101729,2025-07-05,Apparel,Sneakers,65.0,1,65.0,0.0,North,Online,UPI,21.0,5.0,2025-07,2025,Saturday
ORD100817,2025-07-05,Sports,Tent,116.1,5,580.5,0.1,Central,Online,Debit Card,52.0,4.0,2025-07,2025,Saturday
ORD101588,2025-07-06,Electronics,Laptop,999.0,1,999.0,0.0,South,Online,Debit Card,46.0,3.0,2025-07,2025,Sunday
ORD104088,2025-07-06,Apparel,Jeans,40.5,2,81.0,0.1,South,In-Store,Credit Card,37.0,3.0,2025-07,2025,Sunday
ORD103301,2025-07-06,Sports,Yoga Mat,22.5,1,22.5,0.1,South,In-Store,Debit Card,18.0,3.0,2025-07,2025,Sunday
ORD104563,2025-07-06,Electronics,Smartphone,699.0,1,699.0,0.0,West,Online,Wallet,18.0,4.0,2025-07,2025,Sunday
ORD103052,2025-07-06,Apparel,T-Shirt,13.5,1,13.5,0.1,South,Online,Credit Card,37.0,5.0,2025-07,2025,Sunday
ORD103716,2025-07-07,Sports,Running Shoes,63.2,1,63.2,0.2,North,Online,Credit Card,58.0,4.0,2025-07,2025,Monday
ORD101016,2025-07-07,Home & Kitchen,Cookware Set,129.0,1,129.0,0.0,West,In-Store,UPI,21.0,4.0,2025-07,2025,Monday
ORD100546,2025-07-07,Sports,Tent,122.55,1,122.55,0.05,South,Online,UPI,20.0,3.0,2025-07,2025,Monday
ORD102334,2025-07-07,Apparel,Dress,55.0,1,55.0,0.0,West,In-Store,Debit Card,38.0,2.0,2025-07,2025,Monday
ORD100201,2025-07-07,Electronics,Smartphone,664.05,2,1328.1,0.05,East,Online,Cash,50.0,3.0,2025-07,2025,Monday
ORD103453,2025-07-07,Home & Kitchen,Blender,39.0,1,39.0,0.0,South,Online,Debit Card,42.0,5.0,2025-07,2025,Monday
ORD103341,2025-07-07,Sports,Yoga Mat,25.0,1,25.0,0.0,East,In-Store,UPI,19.0,5.0,2025-07,2025,Monday
ORD100640,2025-07-08,Beauty,Lipstick,15.3,2,30.6,0.15,Central,Online,UPI,58.0,4.0,2025-07,2025,Tuesday
ORD104787,2025-07-08,Electronics,Smartphone,699.0,2,1398.0,0.0,North,Online,Debit Card,32.0,4.0,2025-07,2025,Tuesday
ORD100986,2025-07-08,Beauty,Sunscreen,14.4,2,28.8,0.1,East,Online,UPI,18.0,5.0,2025-07,2025,Tuesday
ORD104436,2025-07-08,Home & Kitchen,Blender,39.0,1,39.0,0.0,South,In-Store,Credit Card,34.0,4.0,2025-07,2025,Tuesday
ORD103864,2025-07-08,Sports,Yoga Mat,20.0,4,80.0,0.2,East,Online,Cash,19.0,2.0,2025-07,2025,Tuesday
ORD102729,2025-07-08,Sports,Running Shoes,71.1,1,71.1,0.1,North,Online,UPI,21.0,5.0,2025-07,2025,Tuesday
ORD100045,2025-07-09,Sports,Dumbbells,45.0,3,135.0,0.0,Central,In-Store,Credit Card,23.0,4.0,2025-07,2025,Wednesday
ORD102359,2025-07-09,Beauty,Shampoo,12.0,2,24.0,0.0,East,Online,UPI,41.0,3.0,2025-07,2025,Wednesday
ORD100479,2025-07-09,Beauty,Shampoo,11.4,2,22.8,0.05,West,Online,Credit Card,40.0,1.0,2025-07,2025,Wednesday
ORD103870,2025-07-09,Apparel,Jeans,42.75,2,85.5,0.05,West,In-Store,Cash,26.0,4.0,2025-07,2025,Wednesday
ORD102425,2025-07-09,Electronics,Laptop,849.15,1,849.15,0.15,West,Online,Credit Card,35.0,2.0,2025-07,2025,Wednesday
ORD102074,2025-07-10,Home & Kitchen,Coffee Maker,53.1,1,53.1,0.1,Central,In-Store,Debit Card,18.0,4.0,2025-07,2025,Thursday
ORD100815,2025-07-10,Apparel,Dress,52.25,1,52.25,0.05,West,In-Store,Debit Card,32.0,5.0,2025-07,2025,Thursday
ORD102644,2025-07-10,Electronics,Smartphone,699.0,1,699.0,0.0,Central,In-Store,Credit Card,35.0,4.0,2025-07,2025,Thursday
ORD103941,2025-07-10,Electronics,Headphones,49.0,1,49.0,0.0,Central,Online,UPI,29.0,5.0,2025-07,2025,Thursday
ORD103161,2025-07-10,Sports,Running Shoes,79.0,1,79.0,0.0,Central,Online,Credit Card,37.0,5.0,2025-07,2025,Thursday
ORD100112,2025-07-10,Sports,Running Shoes,79.0,2,158.0,0.0,South,Online,Credit Card,25.0,5.0,2025-07,2025,Thursday
ORD103240,2025-07-10,Apparel,Jacket,71.2,3,213.6,0.2,East,Online,Credit Card,39.0,3.0,2025-07,2025,Thursday
ORD104384,2025-07-10,Sports,Bicycle,296.65,1,296.65,0.15,North,In-Store,UPI,20.0,4.0,2025-07,2025,Thursday
ORD102589,2025-07-11,Beauty,Moisturizer,22.0,1,22.0,0.0,North,In-Store,Credit Card,31.0,3.0,2025-07,2025,Friday
ORD101690,2025-07-11,Apparel,T-Shirt,14.25,1,14.25,0.05,Central,In-Store,Credit Card,28.0,2.0,2025-07,2025,Friday
ORD102571,2025-07-11,Sports,Tent,122.55,1,122.55,0.05,West,In-Store,UPI,22.0,5.0,2025-07,2025,Friday
ORD103819,2025-07-11,Apparel,Dress,55.0,1,55.0,0.0,East,Online,Debit Card,31.0,5.0,2025-07,2025,Friday
ORD103040,2025-07-11,Home & Kitchen,Coffee Maker,59.0,1,59.0,0.0,West,In-Store,Credit Card,42.0,5.0,2025-07,2025,Friday
ORD100675,2025-07-11,Beauty,Shampoo,12.0,1,12.0,0.0,West,Online,UPI,46.0,5.0,2025-07,2025,Friday
ORD102715,2025-07-11,Electronics,Headphones,49.0,1,49.0,0.0,West,Online,Debit Card,43.0,5.0,2025-07,2025,Friday
ORD102280,2025-07-11,Home & Kitchen,Vacuum,149.0,1,149.0,0.0,South,Online,Debit Card,27.0,4.0,2025-07,2025,Friday
ORD101674,2025-07-12,Home & Kitchen,Vacuum,149.0,1,149.0,0.0,West,In-Store,Credit Card,47.0,4.0,2025-07,2025,Saturday
ORD101802,2025-07-12,Beauty,Sunscreen,16.0,1,16.0,0.0,East,Online,Credit Card,20.0,5.0,2025-07,2025,Saturday
ORD104765,2025-07-12,Sports,Tent,103.2,3,309.6,0.2,South,Online,Credit Card,53.0,5.0,2025-07,2025,Saturday
ORD100283,2025-07-13,Home & Kitchen,Blender,35.1,2,70.2,0.1,North,Online,Debit Card,50.0,4.0,2025-07,2025,Sunday
ORD104389,2025-07-13,Sports,Dumbbells,36.0,1,36.0,0.2,North,In-Store,Credit Card,36.0,4.0,2025-07,2025,Sunday
ORD102292,2025-07-14,Sports,Bicycle,349.0,1,349.0,0.0,Central,In-Store,UPI,33.0,4.0,2025-07,2025,Monday
ORD100706,2025-07-14,Beauty,Sunscreen,16.0,2,32.0,0.0,South,In-Store,Credit Card,34.0,4.0,2025-07,2025,Monday
ORD104323,2025-07-14,Sports,Running Shoes,79.0,1,79.0,0.0,West,Online,Cash,18.0,4.0,2025-07,2025,Monday
ORD100610,2025-07-14,Apparel,Jacket,89.0,1,89.0,0.0,East,Online,Debit Card,47.0,5.0,2025-07,2025,Monday
ORD101684,2025-07-14,Home & Kitchen,Vacuum,134.1,1,134.1,0.1,South,Online,Credit Card,20.0,5.0,2025-07,2025,Monday
ORD104662,2025-07-14,Sports,Running Shoes,79.0,1,79.0,0.0,Central,In-Store,Debit Card,27.0,4.0,2025-07,2025,Monday
ORD104128,2025-07-14,Electronics,Laptop,999.0,3,2997.0,0.0,Central,Online,Credit Card,49.0,3.0,2025-07,2025,Monday
ORD103258,2025-07-14,Home & Kitchen,Coffee Maker,56.05,1,56.05,0.05,North,Online,Debit Card,31.0,4.0,2025-07,2025,Monday
ORD100477,2025-07-14,Sports,Yoga Mat,25.0,2,50.0,0.0,South,Online,Debit Card,42.0,5.0,2025-07,2025,Monday
ORD102100,2025-07-14,Apparel,Jeans,42.75,1,42.75,0.05,North,Online,UPI,42.0,5.0,2025-07,2025,Monday
ORD100674,2025-07-14,Electronics,Laptop,999.0,4,3996.0,0.0,South,Online,Credit Card,29.0,5.0,2025-07,2025,Monday
ORD100739,2025-07-14,Electronics,Smartwatch,189.05,2,378.1,0.05,South,Online,Credit Card,28.0,5.0,2025-07,2025,Monday
ORD101900,2025-07-15,Beauty,Moisturizer,19.8,1,19.8,0.1,South,Online,Credit Card,39.0,4.0,2025-07,2025,Tuesday
ORD101129,2025-07-15,Beauty,Sunscreen,12.8,5,64.0,0.2,Central,In-Store,Debit Card,35.0,4.0,2025-07,2025,Tuesday
ORD101014,2025-07-15,Apparel,Jeans,38.25,2,76.5,0.15,East,Online,Debit Card,30.0,4.0,2025-07,2025,Tuesday
ORD103272,2025-07-15,Apparel,Jeans,45.0,1,45.0,0.0,Central,In-Store,Credit Card,43.0,5.0,2025-07,2025,Tuesday
ORD102776,2025-07-15,Electronics,Headphones,49.0,1,49.0,0.0,East,In-Store,Credit Card,39.0,4.0,2025-07,2025,Tuesday
ORD100004,2025-07-15,Apparel,T-Shirt,13.5,1,13.5,0.1,South,Online,Credit Card,31.0,4.0,2025-07,2025,Tuesday
ORD103587,2025-07-16,Apparel,T-Shirt,14.25,2,28.5,0.05,West,Online,Credit Card,28.0,3.0,2025-07,2025,Wednesday
ORD103720,2025-07-16,Home & Kitchen,Vacuum,149.0,1,149.0,0.0,South,Online,Credit Card,32.0,4.0,2025-07,2025,Wednesday
ORD101899,2025-07-16,Sports,Yoga Mat,25.0,1,25.0,0.0,South,In-Store,Cash,18.0,3.0,2025-07,2025,Wednesday
ORD101202,2025-07-16,Electronics,Smartphone,699.0,2,1398.0,0.0,North,In-Store,Debit Card,20.0,4.0,2025-07,2025,Wednesday
ORD104159,2025-07-16,Apparel,Jacket,80.1,1,80.1,0.1,South,Online,Credit Card,57.0,5.0,2025-07,2025,Wednesday
ORD101576,2025-07-16,Beauty,Moisturizer,22.0,1,22.0,0.0,East,Online,Credit Card,28.0,5.0,2025-07,2025,Wednesday
ORD103648,2025-07-16,Home & Kitchen,Blender,35.1,2,70.2,0.1,North,In-Store,Wallet,39.0,4.0,2025-07,2025,Wednesday
ORD103600,2025-07-16,Sports,Yoga Mat,25.0,1,25.0,0.0,Central,Online,Credit Card,36.0,5.0,2025-07,2025,Wednesday
ORD104876,2025-07-17,Electronics,Laptop,949.05,1,949.05,0.05,West,In-Store,Debit Card,18.0,5.0,2025-07,2025,Thursday
ORD102599,2025-07-17,Beauty,Moisturizer,22.0,3,66.0,0.0,West,Online,Debit Card,39.0,3.0,2025-07,2025,Thursday
ORD102300,2025-07-17,Apparel,Dress,55.0,1,55.0,0.0,Central,In-Store,Credit Card,18.0,2.0,2025-07,2025,Thursday
ORD102225,2025-07-18,Apparel,Jeans,45.0,1,45.0,0.0,West,Online,Credit Card,28.0,4.0,2025-07,2025,Friday
ORD102510,2025-07-18,Beauty,Lipstick,18.0,1,18.0,0.0,West,Online,Credit Card,30.0,4.0,2025-07,2025,Friday
ORD100536,2025-07-18,Beauty,Shampoo,12.0,1,12.0,0.0,East,In-Store,Credit Card,18.0,5.0,2025-07,2025,Friday
ORD101509,2025-07-19,Sports,Yoga Mat,25.0,1,25.0,0.0,East,In-Store,UPI,44.0,2.0,2025-07,2025,Saturday
ORD100876,2025-07-19,Home & Kitchen,Coffee Maker,47.2,1,47.2,0.2,Central,In-Store,Credit Card,26.0,5.0,2025-07,2025,Saturday
ORD100920,2025-07-19,Apparel,Jeans,38.25,1,38.25,0.15,South,Online,Debit Card,28.0,5.0,2025-07,2025,Saturday
ORD104628,2025-07-19,Electronics,Headphones,44.1,1,44.1,0.1,Central,Online,UPI,24.0,3.0,2025-07,2025,Saturday
ORD101676,2025-07-19,Beauty,Lipstick,17.1,1,17.1,0.05,South,Online,Credit Card,18.0,4.0,2025-07,2025,Saturday
ORD101534,2025-07-19,Home & Kitchen,Cookware Set,116.1,2,232.2,0.1,West,In-Store,Credit Card,36.0,4.0,2025-07,2025,Saturday
ORD100025,2025-07-19,Electronics,Smartphone,594.15,1,594.15,0.15,South,Online,Wallet,44.0,3.0,2025-07,2025,Saturday
ORD104032,2025-07-19,Sports,Yoga Mat,22.5,1,22.5,0.1,Central,Online,Wallet,50.0,5.0,2025-07,2025,Saturday
ORD100272,2025-07-20,Beauty,Shampoo,10.8,1,10.8,0.1,East,Online,Debit Card,24.0,4.0,2025-07,2025,Sunday
ORD104238,2025-07-20,Sports,Dumbbells,40.5,1,40.5,0.1,North,In-Store,Credit Card,33.0,5.0,2025-07,2025,Sunday
ORD101376,2025-07-20,Beauty,Lipstick,16.2,3,48.6,0.1,Central,Online,Cash,37.0,4.0,2025-07,2025,Sunday
ORD104000,2025-07-20,Home & Kitchen,Vacuum,149.0,4,596.0,0.0,East,Online,Credit Card,39.0,3.0,2025-07,2025,Sunday
ORD101864,2025-07-21,Sports,Yoga Mat,21.25,1,21.25,0.15,Central,Online,Wallet,23.0,4.0,2025-07,2025,Monday
ORD100696,2025-07-21,Home & Kitchen,Coffee Maker,59.0,1,59.0,0.0,North,In-Store,Credit Card,27.0,4.0,2025-07,2025,Monday
ORD101457,2025-07-21,Electronics,Headphones,49.0,3,147.0,0.0,South,Online,Cash,40.0,4.0,2025-07,2025,Monday
ORD103497,2025-07-21,Electronics,Headphones,49.0,1,49.0,0.0,West,Online,UPI,23.0,5.0,2025-07,2025,Monday
ORD102886,2025-07-21,Electronics,Headphones,44.1,2,88.2,0.1,Central,Online,UPI,18.0,3.0,2025-07,2025,Monday
ORD102454,2025-07-21,Apparel,Jacket,84.55,1,84.55,0.05,West,In-Store,Credit Card,39.0,4.0,2025-07,2025,Monday
ORD104587,2025-07-21,Apparel,T-Shirt,15.0,2,30.0,0.0,North,Online,Credit Card,31.0,5.0,2025-07,2025,Monday
ORD104486,2025-07-22,Electronics,Smartphone,664.05,1,664.05,0.05,South,Online,Credit Card,33.0,5.0,2025-07,2025,Tuesday
ORD100678,2025-07-22,Electronics,Laptop,999.0,1,999.0,0.0,East,Online,Debit Card,25.0,4.0,2025-07,2025,Tuesday
ORD100096,2025-07-22,Electronics,Smartphone,699.0,4,2796.0,0.0,East,In-Store,Cash,49.0,5.0,2025-07,2025,Tuesday
ORD100750,2025-07-22,Apparel,Sneakers,61.75,1,61.75,0.05,East,Online,UPI,56.0,3.0,2025-07,2025,Tuesday
ORD100340,2025-07-23,Home & Kitchen,Cookware Set,129.0,1,129.0,0.0,South,Online,Debit Card,38.0,3.0,2025-07,2025,Wednesday
ORD103370,2025-07-23,Electronics,Smartphone,699.0,1,699.0,0.0,North,Online,UPI,36.0,5.0,2025-07,2025,Wednesday
ORD102733,2025-07-23,Apparel,T-Shirt,15.0,4,60.0,0.0,Central,Online,UPI,32.0,3.0,2025-07,2025,Wednesday
ORD104028,2025-07-23,Home & Kitchen,Coffee Maker,56.05,1,56.05,0.05,East,In-Store,Credit Card,40.0,4.0,2025-07,2025,Wednesday
ORD102415,2025-07-23,Home & Kitchen,Blender,39.0,1,39.0,0.0,North,In-Store,Wallet,21.0,4.0,2025-07,2025,Wednesday
ORD101707,2025-07-23,Home & Kitchen,Air Fryer,89.0,1,89.0,0.0,West,Online,UPI,18.0,4.0,2025-07,2025,Wednesday
ORD101236,2025-07-23,Sports,Yoga Mat,21.25,1,21.25,0.15,West,Online,Credit Card,31.0,2.0,2025-07,2025,Wednesday
ORD102462,2025-07-23,Home & Kitchen,Cookware Set,129.0,1,129.0,0.0,South,Online,Debit Card,32.0,5.0,2025-07,2025,Wednesday
ORD103781,2025-07-23,Sports,Tent,122.55,2,245.1,0.05,Central,In-Store,Debit Card,35.0,5.0,2025-07,2025,Wednesday
ORD101983,2025-07-23,Home & Kitchen,Cookware Set,116.1,1,116.1,0.1,West,Online,Credit Card,48.0,3.0,2025-07,2025,Wednesday
ORD100672,2025-07-23,Home & Kitchen,Vacuum,149.0,1,149.0,0.0,North,In-Store,Credit Card,38.0,1.0,2025-07,2025,Wednesday
ORD101646,2025-07-24,Home & Kitchen,Vacuum,141.55,1,141.55,0.05,East,Online,Cash,28.0,3.0,2025-07,2025,Thursday
ORD102680,2025-07-24,Sports,Bicycle,349.0,1,349.0,0.0,Central,Online,Credit Card,49.0,2.0,2025-07,2025,Thursday
ORD102275,2025-07-24,Electronics,Laptop,899.1,1,899.1,0.1,South,Online,UPI,37.0,5.0,2025-07,2025,Thursday
ORD102075,2025-07-24,Sports,Dumbbells,45.0,4,180.0,0.0,East,In-Store,Cash,46.0,3.0,2025-07,2025,Thursday
ORD102345,2025-07-24,Electronics,Headphones,39.2,1,39.2,0.2,Central,In-Store,Debit Card,37.0,5.0,2025-07,2025,Thursday
ORD101106,2025-07-24,Sports,Dumbbells,45.0,2,90.0,0.0,West,Online,Debit Card,46.0,3.0,2025-07,2025,Thursday
ORD101359,2025-07-24,Beauty,Shampoo,11.4,1,11.4,0.05,South,Online,Credit Card,28.0,5.0,2025-07,2025,Thursday
ORD102584,2025-07-24,Home & Kitchen,Cookware Set,129.0,1,129.0,0.0,North,Online,UPI,60.0,5.0,2025-07,2025,Thursday
ORD101749,2025-07-25,Home & Kitchen,Blender,31.2,1,31.2,0.2,West,Online,Debit Card,47.0,3.0,2025-07,2025,Friday
ORD104317,2025-07-25,Apparel,Jeans,45.0,1,45.0,0.0,South,In-Store,Credit Card,51.0,4.0,2025-07,2025,Friday
ORD104061,2025-07-25,Sports,Bicycle,296.65,3,889.95,0.15,East,Online,Cash,37.0,5.0,2025-07,2025,Friday
ORD101645,2025-07-25,Home & Kitchen,Cookware Set,129.0,1,129.0,0.0,East,In-Store,Credit Card,60.0,3.0,2025-07,2025,Friday
ORD101354,2025-07-25,Apparel,Jacket,80.1,4,320.4,0.1,North,In-Store,UPI,19.0,4.0,2025-07,2025,Friday
ORD100836,2025-07-25,Sports,Yoga Mat,20.0,1,20.0,0.2,South,Online,Debit Card,18.0,3.0,2025-07,2025,Friday
ORD101064,2025-07-26,Electronics,Tablet,331.55,3,994.65,0.05,East,Online,Credit Card,22.0,4.0,2025-07,2025,Saturday
ORD101809,2025-07-26,Beauty,Shampoo,11.4,1,11.4,0.05,North,In-Store,Credit Card,31.0,5.0,2025-07,2025,Saturday
ORD103852,2025-07-26,Apparel,Dress,46.75,2,93.5,0.15,Central,In-Store,Cash,46.0,5.0,2025-07,2025,Saturday
ORD102799,2025-07-26,Sports,Dumbbells,45.0,2,90.0,0.0,West,Online,Debit Card,43.0,5.0,2025-07,2025,Saturday
ORD102158,2025-07-26,Electronics,Laptop,999.0,5,4995.0,0.0,Central,Online,Credit Card,27.0,3.0,2025-07,2025,Saturday
ORD102177,2025-07-26,Electronics,Tablet,349.0,2,698.0,0.0,South,Online,Debit Card,37.0,5.0,2025-07,2025,Saturday
ORD100218,2025-07-26,Electronics,Smartphone,699.0,1,699.0,0.0,West,Online,Debit Card,61.0,4.0,2025-07,2025,Saturday
ORD102641,2025-07-27,Electronics,Headphones,49.0,1,49.0,0.0,South,In-Store,UPI,30.0,5.0,2025-07,2025,Sunday
ORD102909,2025-07-27,Home & Kitchen,Coffee Maker,59.0,1,59.0,0.0,East,Online,Wallet,36.0,3.0,2025-07,2025,Sunday
ORD100065,2025-07-27,Electronics,Laptop,949.05,1,949.05,0.05,East,In-Store,Credit Card,35.0,5.0,2025-07,2025,Sunday
ORD100823,2025-07-27,Sports,Running Shoes,79.0,1,79.0,0.0,South,Online,UPI,32.0,4.0,2025-07,2025,Sunday
ORD104518,2025-07-28,Home & Kitchen,Cookware Set,122.55,1,122.55,0.05,West,In-Store,Credit Card,19.0,5.0,2025-07,2025,Monday
ORD104016,2025-07-28,Electronics,Smartphone,664.05,1,664.05,0.05,South,Online,Credit Card,31.0,2.0,2025-07,2025,Monday
ORD101144,2025-07-28,Sports,Bicycle,349.0,2,698.0,0.0,East,Online,Wallet,28.0,4.0,2025-07,2025,Monday
ORD102160,2025-07-28,Electronics,Smartwatch,199.0,3,597.0,0.0,Central,Online,Wallet,35.0,4.0,2025-07,2025,Monday
ORD101544,2025-07-28,Beauty,Sunscreen,13.6,1,13.6,0.15,South,Online,Wallet,33.0,4.0,2025-07,2025,Monday
ORD101506,2025-07-28,Beauty,Shampoo,11.4,1,11.4,0.05,West,In-Store,Debit Card,26.0,3.0,2025-07,2025,Monday
ORD100372,2025-07-28,Beauty,Perfume,65.0,2,130.0,0.0,East,Online,Debit Card,47.0,5.0,2025-07,2025,Monday
ORD101028,2025-07-28,Sports,Tent,109.65,1,109.65,0.15,West,Online,Wallet,28.0,4.0,2025-07,2025,Monday
ORD102688,2025-07-28,Electronics,Tablet,349.0,1,349.0,0.0,North,Online,Credit Card,39.0,5.0,2025-07,2025,Monday
ORD101075,2025-07-28,Sports,Running Shoes,79.0,2,158.0,0.0,North,In-Store,Credit Card,18.0,4.0,2025-07,2025,Monday
ORD101450,2025-07-29,Electronics,Smartwatch,189.05,1,189.05,0.05,West,Online,Credit Card,26.0,4.0,2025-07,2025,Tuesday
ORD101312,2025-07-29,Home & Kitchen,Cookware Set,129.0,1,129.0,0.0,South,In-Store,UPI,31.0,5.0,2025-07,2025,Tuesday
ORD104205,2025-07-29,Apparel,Sneakers,58.5,1,58.5,0.1,North,Online,Credit Card,25.0,4.0,2025-07,2025,Tuesday
ORD103560,2025-07-29,Apparel,Jacket,84.55,1,84.55,0.05,Central,In-Store,Debit Card,42.0,4.0,2025-07,2025,Tuesday
ORD103062,2025-07-29,Sports,Bicycle,314.1,4,1256.4,0.1,South,In-Store,Cash,18.0,3.0,2025-07,2025,Tuesday
ORD103422,2025-07-29,Sports,Running Shoes,79.0,2,158.0,0.0,Central,Online,Wallet,45.0,5.0,2025-07,2025,Tuesday
ORD104757,2025-07-29,Beauty,Perfume,61.75,3,185.25,0.05,East,Online,Credit Card,26.0,3.0,2025-07,2025,Tuesday
ORD104017,2025-07-29,Sports,Tent,122.55,1,122.55,0.05,Central,Online,UPI,18.0,1.0,2025-07,2025,Tuesday
ORD101635,2025-07-29,Electronics,Tablet,349.0,1,349.0,0.0,North,Online,UPI,26.0,2.0,2025-07,2025,Tuesday
ORD100322,2025-07-29,Electronics,Laptop,849.15,1,849.15,0.15,South,Online,Debit Card,24.0,4.0,2025-07,2025,Tuesday
ORD101915,2025-07-29,Electronics,Headphones,46.55,1,46.55,0.05,Central,Online,UPI,47.0,5.0,2025-07,2025,Tuesday
ORD101618,2025-07-29,Beauty,Perfume,58.5,1,58.5,0.1,Central,Online,Credit Card,49.0,4.0,2025-07,2025,Tuesday
ORD100983,2025-07-29,Beauty,Moisturizer,22.0,1,22.0,0.0,East,Online,Debit Card,31.0,4.0,2025-07,2025,Tuesday
ORD102797,2025-07-29,Electronics,Headphones,49.0,1,49.0,0.0,North,In-Store,Wallet,18.0,4.0,2025-07,2025,Tuesday
ORD102354,2025-07-29,Sports,Yoga Mat,21.25,1,21.25,0.15,South,Online,Credit Card,18.0,4.0,2025-07,2025,Tuesday
ORD104856,2025-07-30,Home & Kitchen,Air Fryer,89.0,2,178.0,0.0,Central,In-Store,Debit Card,56.0,5.0,2025-07,2025,Wednesday
ORD102441,2025-07-30,Electronics,Headphones,41.65,4,166.6,0.15,North,Online,Credit Card,44.0,5.0,2025-07,2025,Wednesday
ORD102751,2025-07-30,Electronics,Laptop,849.15,1,849.15,0.15,South,Online,Credit Card,35.0,4.0,2025-07,2025,Wednesday
ORD102000,2025-07-30,Electronics,Smartwatch,199.0,4,796.0,0.0,South,Online,Credit Card,41.0,5.0,2025-07,2025,Wednesday
ORD101629,2025-07-30,Electronics,Laptop,949.05,1,949.05,0.05,North,In-Store,Debit Card,27.0,5.0,2025-07,2025,Wednesday
ORD100808,2025-07-30,Electronics,Laptop,999.0,1,999.0,0.0,South,Online,Debit Card,27.0,4.0,2025-07,2025,Wednesday
ORD103865,2025-07-30,Beauty,Shampoo,12.0,1,12.0,0.0,East,Online,Credit Card,40.0,5.0,2025-07,2025,Wednesday
ORD101273,2025-07-31,Home & Kitchen,Coffee Maker,56.05,1,56.05,0.05,West,Online,Debit Card,47.0,5.0,2025-07,2025,Thursday
ORD100652,2025-07-31,Sports,Yoga Mat,25.0,1,25.0,0.0,East,In-Store,Credit Card,36.0,5.0,2025-07,2025,Thursday
ORD104165,2025-07-31,Home & Kitchen,Air Fryer,89.0,1,89.0,0.0,South,In-Store,Credit Card,35.0,4.0,2025-07,2025,Thursday
ORD103057,2025-07-31,Sports,Bicycle,349.0,2,698.0,0.0,North,Online,UPI,26.0,4.0,2025-07,2025,Thursday
ORD100161,2025-07-31,Sports,Running Shoes,75.05,1,75.05,0.05,West,Online,Wallet,45.0,4.0,2025-07,2025,Thursday
ORD101888,2025-07-31,Apparel,Sneakers,58.5,2,117.0,0.1,East,Online,Debit Card,31.0,1.0,2025-07,2025,Thursday
ORD102277,2025-07-31,Beauty,Sunscreen,16.0,1,16.0,0.0,East,In-Store,Credit Card,18.0,4.0,2025-07,2025,Thursday
ORD101262,2025-08-01,Electronics,Tablet,349.0,1,349.0,0.0,North,In-Store,Cash,18.0,5.0,2025-08,2025,Friday
ORD104802,2025-08-01,Sports,Bicycle,331.55,1,331.55,0.05,South,Online,UPI,25.0,5.0,2025-08,2025,Friday
ORD104252,2025-08-01,Apparel,Dress,55.0,2,110.0,0.0,Central,Online,Wallet,29.0,4.0,2025-08,2025,Friday
ORD101261,2025-08-01,Electronics,Smartphone,629.1,1,629.1,0.1,South,In-Store,Cash,38.0,5.0,2025-08,2025,Friday
ORD103072,2025-08-01,Sports,Bicycle,349.0,4,1396.0,0.0,South,Online,Credit Card,18.0,4.0,2025-08,2025,Friday
ORD101535,2025-08-01,Sports,Tent,122.55,1,122.55,0.05,Central,In-Store,Credit Card,31.0,3.0,2025-08,2025,Friday
ORD103659,2025-08-01,Beauty,Moisturizer,20.9,2,41.8,0.05,North,In-Store,Wallet,31.0,3.0,2025-08,2025,Friday
ORD100276,2025-08-02,Sports,Yoga Mat,22.5,1,22.5,0.1,Central,Online,UPI,33.0,5.0,2025-08,2025,Saturday
ORD101297,2025-08-02,Home & Kitchen,Cookware Set,122.55,1,122.55,0.05,South,In-Store,Debit Card,18.0,5.0,2025-08,2025,Saturday
ORD102020,2025-08-02,Electronics,Laptop,999.0,1,999.0,0.0,South,In-Store,Debit Card,30.0,3.0,2025-08,2025,Saturday
ORD102112,2025-08-02,Electronics,Laptop,999.0,1,999.0,0.0,West,Online,UPI,55.0,4.0,2025-08,2025,Saturday
ORD103910,2025-08-02,Home & Kitchen,Blender,39.0,2,78.0,0.0,South,In-Store,UPI,59.0,4.0,2025-08,2025,Saturday
ORD102825,2025-08-02,Electronics,Laptop,849.15,1,849.15,0.15,East,Online,Credit Card,25.0,4.0,2025-08,2025,Saturday
ORD100902,2025-08-02,Electronics,Laptop,999.0,2,1998.0,0.0,North,Online,Debit Card,51.0,5.0,2025-08,2025,Saturday
ORD100868,2025-08-02,Apparel,T-Shirt,14.25,1,14.25,0.05,Central,Online,Debit Card,48.0,5.0,2025-08,2025,Saturday
ORD103098,2025-08-02,Apparel,Jacket,89.0,2,178.0,0.0,North,In-Store,UPI,38.0,5.0,2025-08,2025,Saturday
ORD102999,2025-08-02,Sports,Dumbbells,42.75,1,42.75,0.05,North,Online,Cash,20.0,4.0,2025-08,2025,Saturday
ORD102890,2025-08-03,Beauty,Perfume,58.5,1,58.5,0.1,Central,Online,Credit Card,57.0,5.0,2025-08,2025,Sunday
ORD101350,2025-08-03,Apparel,T-Shirt,13.5,2,27.0,0.1,Central,In-Store,Credit Card,30.0,5.0,2025-08,2025,Sunday
ORD103214,2025-08-03,Sports,Dumbbells,40.5,1,40.5,0.1,Central,Online,Wallet,50.0,2.0,2025-08,2025,Sunday
ORD102399,2025-08-03,Beauty,Perfume,61.75,1,61.75,0.05,South,Online,UPI,34.0,4.0,2025-08,2025,Sunday
ORD104515,2025-08-03,Apparel,Jacket,80.1,1,80.1,0.1,Central,Online,Debit Card,18.0,5.0,2025-08,2025,Sunday
ORD104695,2025-08-04,Apparel,Jeans,45.0,1,45.0,0.0,West,In-Store,Debit Card,50.0,4.0,2025-08,2025,Monday
ORD101244,2025-08-04,Home & Kitchen,Cookware Set,129.0,4,516.0,0.0,East,Online,Debit Card,46.0,5.0,2025-08,2025,Monday
ORD103738,2025-08-04,Apparel,Sneakers,52.0,1,52.0,0.2,North,In-Store,Wallet,40.0,4.0,2025-08,2025,Monday
ORD103045,2025-08-04,Electronics,Headphones,46.55,5,232.75,0.05,West,In-Store,Cash,18.0,3.0,2025-08,2025,Monday
ORD101555,2025-08-04,Beauty,Shampoo,12.0,3,36.0,0.0,West,In-Store,Debit Card,28.0,5.0,2025-08,2025,Monday
ORD101514,2025-08-04,Home & Kitchen,Blender,39.0,1,39.0,0.0,South,Online,Debit Card,38.0,5.0,2025-08,2025,Monday
ORD103612,2025-08-04,Home & Kitchen,Cookware Set,116.1,1,116.1,0.1,East,Online,Credit Card,46.0,4.0,2025-08,2025,Monday
ORD102142,2025-08-04,Electronics,Headphones,49.0,2,98.0,0.0,Central,In-Store,Cash,38.0,4.0,2025-08,2025,Monday
ORD100190,2025-08-04,Sports,Bicycle,349.0,2,698.0,0.0,South,In-Store,UPI,28.0,4.0,2025-08,2025,Monday
ORD103092,2025-08-05,Electronics,Headphones,49.0,2,98.0,0.0,North,In-Store,Credit Card,66.0,1.0,2025-08,2025,Tuesday
ORD102964,2025-08-05,Beauty,Perfume,65.0,1,65.0,0.0,North,Online,Debit Card,55.0,4.0,2025-08,2025,Tuesday
ORD103479,2025-08-05,Electronics,Laptop,799.2,2,1598.4,0.2,West,Online,UPI,51.0,4.0,2025-08,2025,Tuesday
ORD100731,2025-08-05,Apparel,Dress,55.0,1,55.0,0.0,East,In-Store,Credit Card,44.0,5.0,2025-08,2025,Tuesday
ORD101039,2025-08-05,Electronics,Smartwatch,199.0,1,199.0,0.0,East,In-Store,Cash,18.0,4.0,2025-08,2025,Tuesday
ORD100541,2025-08-06,Beauty,Shampoo,12.0,2,24.0,0.0,North,Online,Credit Card,49.0,5.0,2025-08,2025,Wednesday
ORD100898,2025-08-06,Home & Kitchen,Air Fryer,80.1,1,80.1,0.1,Central,In-Store,Wallet,18.0,5.0,2025-08,2025,Wednesday
ORD104710,2025-08-06,Beauty,Sunscreen,14.4,3,43.2,0.1,South,Online,Debit Card,33.0,5.0,2025-08,2025,Wednesday
ORD102116,2025-08-07,Beauty,Lipstick,18.0,1,18.0,0.0,East,Online,Credit Card,38.0,5.0,2025-08,2025,Thursday
ORD101706,2025-08-07,Beauty,Sunscreen,16.0,1,16.0,0.0,Central,In-Store,UPI,48.0,3.0,2025-08,2025,Thursday
ORD101169,2025-08-07,Home & Kitchen,Coffee Maker,59.0,2,118.0,0.0,East,In-Store,Cash,35.0,4.0,2025-08,2025,Thursday
ORD102430,2025-08-07,Electronics,Laptop,999.0,4,3996.0,0.0,East,In-Store,Credit Card,22.0,2.0,2025-08,2025,Thursday
ORD103682,2025-08-07,Beauty,Shampoo,12.0,1,12.0,0.0,South,In-Store,Wallet,31.0,3.0,2025-08,2025,Thursday
ORD104232,2025-08-08,Apparel,T-Shirt,14.25,2,28.5,0.05,East,In-Store,Credit Card,28.0,4.0,2025-08,2025,Friday
ORD103631,2025-08-08,Home & Kitchen,Vacuum,141.55,4,566.2,0.05,South,In-Store,Credit Card,42.0,4.0,2025-08,2025,Friday
ORD104487,2025-08-08,Apparel,Sneakers,65.0,2,130.0,0.0,East,In-Store,Cash,21.0,4.0,2025-08,2025,Friday
ORD100891,2025-08-08,Apparel,T-Shirt,12.75,1,12.75,0.15,East,Online,Credit Card,28.0,5.0,2025-08,2025,Friday
ORD100464,2025-08-08,Electronics,Smartwatch,179.1,3,537.3,0.1,West,Online,Debit Card,29.0,4.0,2025-08,2025,Friday
ORD100294,2025-08-08,Home & Kitchen,Cookware Set,129.0,1,129.0,0.0,East,Online,Wallet,27.0,4.0,2025-08,2025,Friday
ORD102614,2025-08-08,Electronics,Headphones,49.0,1,49.0,0.0,Central,In-Store,Cash,33.0,5.0,2025-08,2025,Friday
ORD103709,2025-08-08,Electronics,Smartwatch,159.2,1,159.2,0.2,East,In-Store,Credit Card,18.0,4.0,2025-08,2025,Friday
ORD103808,2025-08-08,Sports,Yoga Mat,25.0,1,25.0,0.0,West,Online,UPI,53.0,3.0,2025-08,2025,Friday
ORD103130,2025-08-08,Beauty,Shampoo,12.0,1,12.0,0.0,North,Online,Debit Card,42.0,4.0,2025-08,2025,Friday
ORD103372,2025-08-08,Sports,Tent,116.1,2,232.2,0.1,North,Online,UPI,18.0,3.0,2025-08,2025,Friday
ORD104080,2025-08-08,Apparel,Sneakers,61.75,1,61.75,0.05,East,Online,Credit Card,32.0,2.0,2025-08,2025,Friday
ORD103982,2025-08-08,Electronics,Headphones,49.0,2,98.0,0.0,North,Online,Wallet,51.0,3.0,2025-08,2025,Friday
ORD104970,2025-08-09,Sports,Yoga Mat,25.0,1,25.0,0.0,North,Online,Debit Card,40.0,1.0,2025-08,2025,Saturday
ORD102707,2025-08-09,Home & Kitchen,Blender,39.0,1,39.0,0.0,Central,In-Store,UPI,36.0,2.0,2025-08,2025,Saturday
ORD102908,2025-08-09,Electronics,Smartphone,629.1,3,1887.3,0.1,Central,Online,Debit Card,38.0,5.0,2025-08,2025,Saturday
ORD100923,2025-08-09,Electronics,Laptop,899.1,1,899.1,0.1,East,Online,Credit Card,27.0,4.0,2025-08,2025,Saturday
ORD100647,2025-08-09,Electronics,Headphones,49.0,2,98.0,0.0,South,Online,Credit Card,42.0,5.0,2025-08,2025,Saturday
ORD100506,2025-08-10,Home & Kitchen,Cookware Set,129.0,2,258.0,0.0,West,Online,Cash,26.0,5.0,2025-08,2025,Sunday
ORD104790,2025-08-10,Apparel,Jeans,42.75,2,85.5,0.05,West,Online,Cash,19.0,3.0,2025-08,2025,Sunday
ORD101901,2025-08-10,Beauty,Sunscreen,16.0,1,16.0,0.0,East,Online,Debit Card,30.0,5.0,2025-08,2025,Sunday
ORD100368,2025-08-10,Beauty,Moisturizer,22.0,5,110.0,0.0,North,Online,Debit Card,46.0,5.0,2025-08,2025,Sunday
ORD101766,2025-08-10,Sports,Yoga Mat,23.75,2,47.5,0.05,North,Online,UPI,26.0,3.0,2025-08,2025,Sunday
ORD100205,2025-08-10,Home & Kitchen,Coffee Maker,56.05,1,56.05,0.05,West,In-Store,Credit Card,42.0,3.0,2025-08,2025,Sunday
ORD103025,2025-08-10,Electronics,Headphones,46.55,2,93.1,0.05,East,In-Store,Cash,50.0,3.0,2025-08,2025,Sunday
ORD103792,2025-08-10,Beauty,Lipstick,17.1,1,17.1,0.05,Central,In-Store,Wallet,24.0,3.0,2025-08,2025,Sunday
ORD104230,2025-08-10,Beauty,Moisturizer,22.0,1,22.0,0.0,South,Online,Credit Card,33.0,4.0,2025-08,2025,Sunday
ORD104829,2025-08-10,Home & Kitchen,Cookware Set,122.55,2,245.1,0.05,South,In-Store,UPI,18.0,3.0,2025-08,2025,Sunday
ORD100476,2025-08-10,Beauty,Moisturizer,22.0,2,44.0,0.0,North,In-Store,Debit Card,50.0,5.0,2025-08,2025,Sunday
ORD103556,2025-08-10,Apparel,Jeans,38.25,4,153.0,0.15,North,Online,Debit Card,46.0,3.0,2025-08,2025,Sunday
ORD100528,2025-08-11,Home & Kitchen,Blender,39.0,1,39.0,0.0,East,In-Store,Credit Card,26.0,4.0,2025-08,2025,Monday
ORD104260,2025-08-11,Apparel,Jacket,80.1,1,80.1,0.1,Central,Online,UPI,41.0,5.0,2025-08,2025,Monday
ORD101182,2025-08-11,Electronics,Headphones,41.65,3,124.95,0.15,Central,Online,Credit Card,19.0,5.0,2025-08,2025,Monday
ORD104052,2025-08-11,Electronics,Laptop,799.2,1,799.2,0.2,North,Online,Credit Card,37.0,4.0,2025-08,2025,Monday
ORD100809,2025-08-11,Apparel,Jeans,42.75,2,85.5,0.05,West,In-Store,UPI,26.0,4.0,2025-08,2025,Monday
ORD104481,2025-08-11,Electronics,Tablet,349.0,1,349.0,0.0,West,In-Store,Debit Card,26.0,4.0,2025-08,2025,Monday
ORD102823,2025-08-11,Home & Kitchen,Blender,35.1,2,70.2,0.1,South,Online,Credit Card,28.0,5.0,2025-08,2025,Monday
ORD101078,2025-08-12,Beauty,Shampoo,10.2,2,20.4,0.15,South,In-Store,Debit Card,28.0,5.0,2025-08,2025,Tuesday
ORD103952,2025-08-12,Apparel,Dress,44.0,1,44.0,0.2,Central,Online,Credit Card,47.0,2.0,2025-08,2025,Tuesday
ORD100698,2025-08-13,Apparel,T-Shirt,14.25,4,57.0,0.05,West,In-Store,Cash,32.0,4.0,2025-08,2025,Wednesday
ORD100766,2025-08-13,Sports,Tent,129.0,1,129.0,0.0,Central,In-Store,Cash,35.0,5.0,2025-08,2025,Wednesday
ORD103963,2025-08-13,Electronics,Headphones,41.65,1,41.65,0.15,West,Online,Credit Card,28.0,3.0,2025-08,2025,Wednesday
ORD100250,2025-08-13,Beauty,Moisturizer,22.0,2,44.0,0.0,South,Online,UPI,23.0,4.0,2025-08,2025,Wednesday
ORD103582,2025-08-13,Apparel,Dress,55.0,3,165.0,0.0,West,Online,Debit Card,44.0,2.0,2025-08,2025,Wednesday
ORD104480,2025-08-13,Electronics,Smartphone,664.05,2,1328.1,0.05,South,In-Store,Debit Card,19.0,4.0,2025-08,2025,Wednesday
ORD100871,2025-08-13,Sports,Dumbbells,40.5,1,40.5,0.1,South,Online,Debit Card,48.0,4.0,2025-08,2025,Wednesday
ORD100718,2025-08-13,Sports,Bicycle,314.1,1,314.1,0.1,South,In-Store,Credit Card,18.0,3.0,2025-08,2025,Wednesday
ORD102411,2025-08-14,Electronics,Laptop,999.0,1,999.0,0.0,Central,In-Store,UPI,37.0,5.0,2025-08,2025,Thursday
ORD101560,2025-08-14,Electronics,Tablet,331.55,2,663.1,0.05,Central,Online,Wallet,36.0,4.0,2025-08,2025,Thursday
ORD100877,2025-08-14,Sports,Bicycle,349.0,2,698.0,0.0,Central,In-Store,Debit Card,26.0,5.0,2025-08,2025,Thursday
ORD101610,2025-08-14,Apparel,Jacket,84.55,1,84.55,0.05,Central,Online,Debit Card,33.0,4.0,2025-08,2025,Thursday
ORD101743,2025-08-14,Electronics,Laptop,999.0,2,1998.0,0.0,East,Online,UPI,26.0,4.0,2025-08,2025,Thursday
ORD104456,2025-08-14,Beauty,Moisturizer,20.9,2,41.8,0.05,East,Online,Debit Card,28.0,3.0,2025-08,2025,Thursday
ORD100587,2025-08-14,Sports,Yoga Mat,25.0,1,25.0,0.0,West,Online,UPI,37.0,4.0,2025-08,2025,Thursday
ORD103516,2025-08-14,Beauty,Perfume,58.5,1,58.5,0.1,South,Online,Cash,23.0,4.0,2025-08,2025,Thursday
ORD104535,2025-08-15,Apparel,T-Shirt,15.0,1,15.0,0.0,West,Online,Credit Card,58.0,3.0,2025-08,2025,Friday
ORD101250,2025-08-15,Home & Kitchen,Coffee Maker,56.05,1,56.05,0.05,West,In-Store,Debit Card,33.0,5.0,2025-08,2025,Friday
ORD103626,2025-08-15,Home & Kitchen,Vacuum,141.55,1,141.55,0.05,South,Online,Credit Card,43.0,5.0,2025-08,2025,Friday
ORD100110,2025-08-15,Beauty,Sunscreen,16.0,1,16.0,0.0,South,Online,UPI,47.0,5.0,2025-08,2025,Friday
ORD101811,2025-08-15,Electronics,Smartphone,559.2,4,2236.8,0.2,Central,In-Store,Credit Card,18.0,5.0,2025-08,2025,Friday
ORD102186,2025-08-16,Home & Kitchen,Coffee Maker,56.05,1,56.05,0.05,West,In-Store,Wallet,31.0,5.0,2025-08,2025,Saturday
ORD104582,2025-08-16,Beauty,Perfume,58.5,1,58.5,0.1,East,Online,Debit Card,24.0,2.0,2025-08,2025,Saturday
ORD103277,2025-08-16,Home & Kitchen,Cookware Set,129.0,1,129.0,0.0,South,Online,Wallet,49.0,4.0,2025-08,2025,Saturday
ORD100829,2025-08-16,Beauty,Shampoo,12.0,1,12.0,0.0,North,In-Store,Credit Card,18.0,5.0,2025-08,2025,Saturday
ORD101100,2025-08-16,Home & Kitchen,Air Fryer,80.1,1,80.1,0.1,East,In-Store,Debit Card,42.0,4.0,2025-08,2025,Saturday
ORD102689,2025-08-16,Home & Kitchen,Blender,35.1,1,35.1,0.1,East,In-Store,Cash,19.0,3.0,2025-08,2025,Saturday
ORD100141,2025-08-16,Apparel,Jeans,38.25,1,38.25,0.15,North,Online,UPI,45.0,5.0,2025-08,2025,Saturday
ORD104182,2025-08-16,Home & Kitchen,Air Fryer,84.55,1,84.55,0.05,North,In-Store,Cash,40.0,4.0,2025-08,2025,Saturday
ORD102832,2025-08-16,Apparel,Sneakers,58.5,2,117.0,0.1,East,In-Store,Debit Card,62.0,5.0,2025-08,2025,Saturday
ORD102033,2025-08-16,Apparel,Jeans,45.0,2,90.0,0.0,South,In-Store,UPI,42.0,5.0,2025-08,2025,Saturday
ORD100127,2025-08-16,Apparel,Sneakers,58.5,1,58.5,0.1,North,Online,Credit Card,27.0,4.0,2025-08,2025,Saturday
ORD101956,2025-08-16,Sports,Running Shoes,67.15,3,201.45,0.15,East,In-Store,Debit Card,65.0,4.0,2025-08,2025,Saturday
ORD102039,2025-08-16,Beauty,Perfume,58.5,2,117.0,0.1,North,Online,Debit Card,22.0,4.0,2025-08,2025,Saturday
ORD103871,2025-08-16,Apparel,Sneakers,65.0,1,65.0,0.0,East,Online,UPI,37.0,5.0,2025-08,2025,Saturday
ORD104211,2025-08-17,Apparel,Jeans,45.0,2,90.0,0.0,East,Online,Debit Card,27.0,5.0,2025-08,2025,Sunday
ORD103835,2025-08-17,Beauty,Lipstick,18.0,1,18.0,0.0,East,In-Store,Debit Card,32.0,5.0,2025-08,2025,Sunday
ORD100289,2025-08-17,Apparel,Jeans,45.0,2,90.0,0.0,West,Online,Credit Card,43.0,4.0,2025-08,2025,Sunday
ORD101897,2025-08-17,Beauty,Perfume,65.0,1,65.0,0.0,South,Online,Debit Card,19.0,5.0,2025-08,2025,Sunday
ORD101102,2025-08-17,Home & Kitchen,Air Fryer,89.0,1,89.0,0.0,West,Online,Debit Card,18.0,5.0,2025-08,2025,Sunday
ORD100063,2025-08-17,Electronics,Smartwatch,199.0,1,199.0,0.0,South,Online,Credit Card,40.0,4.0,2025-08,2025,Sunday
ORD100603,2025-08-17,Home & Kitchen,Air Fryer,89.0,1,89.0,0.0,Central,Online,Credit Card,35.0,5.0,2025-08,2025,Sunday
ORD103697,2025-08-17,Electronics,Headphones,41.65,5,208.25,0.15,East,In-Store,Credit Card,18.0,1.0,2025-08,2025,Sunday
ORD101432,2025-08-17,Beauty,Sunscreen,15.2,1,15.2,0.05,Central,Online,Credit Card,42.0,4.0,2025-08,2025,Sunday
ORD100921,2025-08-18,Sports,Running Shoes,75.05,1,75.05,0.05,West,Online,UPI,24.0,5.0,2025-08,2025,Monday
ORD103047,2025-08-18,Home & Kitchen,Cookware Set,122.55,1,122.55,0.05,North,Online,Cash,32.0,3.0,2025-08,2025,Monday
ORD101001,2025-08-18,Home & Kitchen,Cookware Set,109.65,1,109.65,0.15,North,Online,UPI,40.0,5.0,2025-08,2025,Monday
ORD101662,2025-08-18,Sports,Yoga Mat,25.0,1,25.0,0.0,Central,In-Store,UPI,35.0,5.0,2025-08,2025,Monday
ORD103436,2025-08-18,Electronics,Smartwatch,199.0,2,398.0,0.0,East,In-Store,UPI,33.0,5.0,2025-08,2025,Monday
ORD103578,2025-08-18,Beauty,Perfume,55.25,1,55.25,0.15,Central,Online,Debit Card,18.0,4.0,2025-08,2025,Monday
ORD104333,2025-08-19,Home & Kitchen,Coffee Maker,50.15,1,50.15,0.15,Central,In-Store,UPI,32.0,4.0,2025-08,2025,Tuesday
ORD101042,2025-08-19,Apparel,Dress,46.75,4,187.0,0.15,Central,Online,Credit Card,23.0,5.0,2025-08,2025,Tuesday
ORD104030,2025-08-19,Electronics,Smartwatch,189.05,1,189.05,0.05,West,Online,Wallet,23.0,3.0,2025-08,2025,Tuesday
ORD100992,2025-08-19,Home & Kitchen,Air Fryer,75.65,2,151.3,0.15,South,In-Store,Credit Card,34.0,5.0,2025-08,2025,Tuesday
ORD102237,2025-08-19,Apparel,T-Shirt,14.25,2,28.5,0.05,Central,Online,Debit Card,29.0,2.0,2025-08,2025,Tuesday
ORD101420,2025-08-19,Beauty,Sunscreen,15.2,1,15.2,0.05,South,Online,Credit Card,24.0,5.0,2025-08,2025,Tuesday
ORD104305,2025-08-19,Beauty,Perfume,61.75,1,61.75,0.05,North,Online,Wallet,18.0,5.0,2025-08,2025,Tuesday
ORD102331,2025-08-19,Home & Kitchen,Air Fryer,71.2,1,71.2,0.2,North,In-Store,UPI,43.0,5.0,2025-08,2025,Tuesday
ORD102810,2025-08-20,Sports,Dumbbells,45.0,1,45.0,0.0,West,Online,Credit Card,46.0,4.0,2025-08,2025,Wednesday
ORD100167,2025-08-20,Beauty,Sunscreen,16.0,1,16.0,0.0,East,Online,UPI,31.0,4.0,2025-08,2025,Wednesday
ORD102713,2025-08-20,Beauty,Shampoo,9.6,2,19.2,0.2,Central,Online,Cash,44.0,3.0,2025-08,2025,Wednesday
ORD101033,2025-08-20,Home & Kitchen,Blender,39.0,1,39.0,0.0,Central,Online,Credit Card,18.0,5.0,2025-08,2025,Wednesday
ORD100182,2025-08-20,Beauty,Lipstick,16.2,2,32.4,0.1,North,In-Store,Debit Card,23.0,4.0,2025-08,2025,Wednesday
ORD101275,2025-08-21,Home & Kitchen,Air Fryer,80.1,1,80.1,0.1,West,Online,Debit Card,31.0,2.0,2025-08,2025,Thursday
ORD101933,2025-08-21,Home & Kitchen,Coffee Maker,59.0,1,59.0,0.0,West,Online,Wallet,42.0,5.0,2025-08,2025,Thursday
ORD101474,2025-08-21,Sports,Bicycle,349.0,1,349.0,0.0,South,Online,Credit Card,18.0,5.0,2025-08,2025,Thursday
ORD104599,2025-08-21,Electronics,Headphones,49.0,1,49.0,0.0,West,Online,Debit Card,41.0,5.0,2025-08,2025,Thursday
ORD100933,2025-08-21,Apparel,Dress,55.0,3,165.0,0.0,Central,Online,Cash,23.0,5.0,2025-08,2025,Thursday
ORD101567,2025-08-21,Sports,Tent,129.0,1,129.0,0.0,West,Online,Credit Card,39.0,1.0,2025-08,2025,Thursday
ORD101995,2025-08-21,Apparel,Sneakers,65.0,1,65.0,0.0,West,Online,Credit Card,26.0,5.0,2025-08,2025,Thursday
ORD101641,2025-08-21,Apparel,Jeans,45.0,3,135.0,0.0,South,In-Store,Credit Card,32.0,4.0,2025-08,2025,Thursday
ORD104966,2025-08-21,Beauty,Lipstick,17.1,2,34.2,0.05,North,Online,Wallet,47.0,4.0,2025-08,2025,Thursday
ORD100839,2025-08-21,Apparel,Dress,55.0,1,55.0,0.0,South,Online,Credit Card,33.0,2.0,2025-08,2025,Thursday
ORD101782,2025-08-22,Home & Kitchen,Blender,35.1,1,35.1,0.1,West,Online,Credit Card,35.0,1.0,2025-08,2025,Friday
ORD104414,2025-08-22,Apparel,Jeans,45.0,3,135.0,0.0,West,Online,Wallet,54.0,5.0,2025-08,2025,Friday
ORD101464,2025-08-22,Sports,Tent,103.2,2,206.4,0.2,East,In-Store,Debit Card,38.0,3.0,2025-08,2025,Friday
ORD101541,2025-08-22,Sports,Tent,122.55,3,367.65,0.05,North,Online,Wallet,34.0,4.0,2025-08,2025,Friday
ORD101727,2025-08-22,Beauty,Moisturizer,22.0,1,22.0,0.0,Central,Online,UPI,32.0,5.0,2025-08,2025,Friday
ORD101387,2025-08-22,Home & Kitchen,Air Fryer,89.0,2,178.0,0.0,North,Online,UPI,46.0,1.0,2025-08,2025,Friday
ORD102471,2025-08-23,Beauty,Lipstick,18.0,2,36.0,0.0,North,Online,UPI,32.0,4.0,2025-08,2025,Saturday
ORD103078,2025-08-23,Home & Kitchen,Cookware Set,129.0,2,258.0,0.0,West,Online,Wallet,40.0,4.0,2025-08,2025,Saturday
ORD100394,2025-08-23,Home & Kitchen,Air Fryer,89.0,1,89.0,0.0,South,Online,Credit Card,34.0,4.0,2025-08,2025,Saturday
ORD104951,2025-08-23,Apparel,Jacket,80.1,2,160.2,0.1,Central,In-Store,Credit Card,47.0,5.0,2025-08,2025,Saturday
ORD103212,2025-08-23,Beauty,Moisturizer,22.0,1,22.0,0.0,West,Online,Credit Card,34.0,5.0,2025-08,2025,Saturday
ORD104064,2025-08-23,Apparel,Jeans,45.0,1,45.0,0.0,South,Online,Credit Card,35.0,4.0,2025-08,2025,Saturday
ORD102378,2025-08-23,Sports,Dumbbells,40.5,2,81.0,0.1,North,In-Store,Debit Card,32.0,5.0,2025-08,2025,Saturday
ORD104264,2025-08-23,Sports,Bicycle,331.55,2,663.1,0.05,South,Online,UPI,28.0,4.0,2025-08,2025,Saturday
ORD100571,2025-08-23,Apparel,Jeans,45.0,1,45.0,0.0,North,Online,Debit Card,18.0,5.0,2025-08,2025,Saturday
ORD100728,2025-08-23,Sports,Running Shoes,79.0,1,79.0,0.0,Central,In-Store,Debit Card,18.0,3.0,2025-08,2025,Saturday
ORD104519,2025-08-24,Electronics,Smartphone,699.0,1,699.0,0.0,Central,Online,Credit Card,54.0,3.0,2025-08,2025,Sunday
ORD104738,2025-08-24,Sports,Bicycle,279.2,1,279.2,0.2,East,In-Store,Cash,50.0,4.0,2025-08,2025,Sunday
ORD104310,2025-08-24,Home & Kitchen,Blender,37.05,2,74.1,0.05,North,In-Store,UPI,28.0,5.0,2025-08,2025,Sunday
ORD104498,2025-08-24,Electronics,Laptop,949.05,2,1898.1,0.05,East,Online,Debit Card,27.0,5.0,2025-08,2025,Sunday
ORD101252,2025-08-24,Home & Kitchen,Blender,33.15,1,33.15,0.15,West,Online,Debit Card,24.0,5.0,2025-08,2025,Sunday
ORD103000,2025-08-24,Home & Kitchen,Cookware Set,122.55,1,122.55,0.05,Central,In-Store,Cash,41.0,4.0,2025-08,2025,Sunday
ORD103705,2025-08-24,Electronics,Laptop,999.0,2,1998.0,0.0,South,In-Store,Debit Card,49.0,5.0,2025-08,2025,Sunday
ORD104041,2025-08-25,Beauty,Sunscreen,16.0,2,32.0,0.0,South,In-Store,Wallet,18.0,5.0,2025-08,2025,Monday
ORD104640,2025-08-25,Beauty,Shampoo,12.0,1,12.0,0.0,West,In-Store,Credit Card,28.0,1.0,2025-08,2025,Monday
ORD103145,2025-08-25,Beauty,Shampoo,11.4,1,11.4,0.05,West,Online,UPI,44.0,1.0,2025-08,2025,Monday
ORD101209,2025-08-25,Apparel,Dress,49.5,1,49.5,0.1,South,Online,Credit Card,18.0,4.0,2025-08,2025,Monday
ORD100926,2025-08-25,Beauty,Sunscreen,16.0,1,16.0,0.0,West,Online,Cash,23.0,2.0,2025-08,2025,Monday
ORD104801,2025-08-25,Sports,Yoga Mat,23.75,1,23.75,0.05,South,Online,Wallet,18.0,5.0,2025-08,2025,Monday
ORD101906,2025-08-25,Home & Kitchen,Blender,39.0,1,39.0,0.0,Central,In-Store,Debit Card,44.0,4.0,2025-08,2025,Monday
ORD103619,2025-08-25,Home & Kitchen,Cookware Set,129.0,1,129.0,0.0,South,Online,Credit Card,27.0,4.0,2025-08,2025,Monday
ORD102892,2025-08-25,Beauty,Lipstick,18.0,1,18.0,0.0,North,In-Store,Credit Card,26.0,4.0,2025-08,2025,Monday
ORD103704,2025-08-25,Electronics,Smartphone,699.0,1,699.0,0.0,South,In-Store,Credit Card,44.0,3.0,2025-08,2025,Monday
ORD103465,2025-08-26,Home & Kitchen,Air Fryer,84.55,2,169.1,0.05,East,Online,Credit Card,18.0,4.0,2025-08,2025,Tuesday
ORD102422,2025-08-26,Apparel,Sneakers,65.0,1,65.0,0.0,West,In-Store,Credit Card,35.0,4.0,2025-08,2025,Tuesday
ORD103350,2025-08-26,Home & Kitchen,Vacuum,119.2,2,238.4,0.2,South,Online,Credit Card,38.0,4.0,2025-08,2025,Tuesday
ORD101679,2025-08-27,Apparel,Jacket,84.55,1,84.55,0.05,South,Online,Cash,61.0,4.0,2025-08,2025,Wednesday
ORD103201,2025-08-27,Home & Kitchen,Blender,35.1,1,35.1,0.1,East,In-Store,Debit Card,34.0,5.0,2025-08,2025,Wednesday
ORD100629,2025-08-27,Home & Kitchen,Blender,37.05,5,185.25,0.05,East,Online,UPI,44.0,4.0,2025-08,2025,Wednesday
ORD104693,2025-08-27,Electronics,Headphones,41.65,1,41.65,0.15,South,Online,Credit Card,43.0,2.0,2025-08,2025,Wednesday
ORD102697,2025-08-27,Apparel,T-Shirt,15.0,1,15.0,0.0,West,Online,Debit Card,25.0,5.0,2025-08,2025,Wednesday
ORD102634,2025-08-27,Sports,Running Shoes,67.15,1,67.15,0.15,West,Online,Credit Card,18.0,5.0,2025-08,2025,Wednesday
ORD103386,2025-08-27,Beauty,Perfume,65.0,1,65.0,0.0,East,In-Store,Wallet,41.0,2.0,2025-08,2025,Wednesday
ORD100142,2025-08-27,Sports,Running Shoes,79.0,1,79.0,0.0,West,Online,Debit Card,39.0,5.0,2025-08,2025,Wednesday
ORD104716,2025-08-27,Apparel,Jacket,89.0,1,89.0,0.0,South,Online,UPI,25.0,5.0,2025-08,2025,Wednesday
ORD104082,2025-08-27,Beauty,Perfume,65.0,2,130.0,0.0,West,In-Store,Credit Card,31.0,5.0,2025-08,2025,Wednesday
ORD101479,2025-08-27,Sports,Tent,122.55,1,122.55,0.05,South,In-Store,UPI,44.0,5.0,2025-08,2025,Wednesday
ORD101823,2025-08-28,Beauty,Sunscreen,16.0,1,16.0,0.0,South,In-Store,Cash,30.0,5.0,2025-08,2025,Thursday
ORD103921,2025-08-28,Home & Kitchen,Vacuum,134.1,2,268.2,0.1,East,Online,UPI,40.0,5.0,2025-08,2025,Thursday
ORD104605,2025-08-28,Sports,Tent,103.2,1,103.2,0.2,North,Online,Wallet,31.0,4.0,2025-08,2025,Thursday
ORD102621,2025-08-28,Sports,Yoga Mat,25.0,1,25.0,0.0,West,In-Store,Debit Card,25.0,4.0,2025-08,2025,Thursday
ORD101797,2025-08-28,Beauty,Sunscreen,14.4,1,14.4,0.1,East,In-Store,Credit Card,24.0,4.0,2025-08,2025,Thursday
ORD102118,2025-08-28,Sports,Bicycle,349.0,1,349.0,0.0,North,In-Store,Debit Card,18.0,3.0,2025-08,2025,Thursday
ORD103565,2025-08-28,Home & Kitchen,Blender,37.05,1,37.05,0.05,Central,In-Store,Debit Card,70.0,4.0,2025-08,2025,Thursday
ORD101548,2025-08-28,Home & Kitchen,Air Fryer,89.0,2,178.0,0.0,North,Online,Debit Card,41.0,1.0,2025-08,2025,Thursday
ORD100068,2025-08-28,Apparel,Jacket,75.65,2,151.3,0.15,West,Online,Wallet,42.0,5.0,2025-08,2025,Thursday
ORD103640,2025-08-29,Home & Kitchen,Cookware Set,129.0,2,258.0,0.0,West,Online,UPI,33.0,4.0,2025-08,2025,Friday
ORD102979,2025-08-29,Electronics,Tablet,349.0,3,1047.0,0.0,East,Online,Wallet,37.0,4.0,2025-08,2025,Friday
ORD102873,2025-08-29,Electronics,Smartwatch,199.0,1,199.0,0.0,East,Online,Debit Card,61.0,3.0,2025-08,2025,Friday
ORD104083,2025-08-29,Sports,Dumbbells,45.0,2,90.0,0.0,West,Online,Credit Card,30.0,3.0,2025-08,2025,Friday
ORD100860,2025-08-29,Home & Kitchen,Coffee Maker,59.0,1,59.0,0.0,North,Online,Credit Card,34.0,4.0,2025-08,2025,Friday
ORD102841,2025-08-29,Apparel,Jacket,84.55,4,338.2,0.05,Central,In-Store,Cash,43.0,3.0,2025-08,2025,Friday
ORD103285,2025-08-29,Apparel,Dress,52.25,1,52.25,0.05,West,Online,Credit Card,44.0,5.0,2025-08,2025,Friday
ORD104153,2025-08-29,Sports,Running Shoes,67.15,1,67.15,0.15,East,Online,Debit Card,18.0,5.0,2025-08,2025,Friday
ORD102029,2025-08-29,Sports,Yoga Mat,21.25,3,63.75,0.15,North,Online,Debit Card,40.0,5.0,2025-08,2025,Friday
ORD100129,2025-08-30,Home & Kitchen,Blender,39.0,2,78.0,0.0,West,In-Store,Wallet,18.0,4.0,2025-08,2025,Saturday
ORD104926,2025-08-30,Sports,Running Shoes,79.0,1,79.0,0.0,North,Online,Debit Card,39.0,5.0,2025-08,2025,Saturday
ORD100263,2025-08-30,Electronics,Tablet,331.55,4,1326.2,0.05,West,In-Store,Credit Card,28.0,5.0,2025-08,2025,Saturday
ORD103763,2025-08-30,Beauty,Shampoo,12.0,2,24.0,0.0,North,In-Store,Credit Card,18.0,5.0,2025-08,2025,Saturday
ORD104426,2025-08-30,Sports,Tent,122.55,1,122.55,0.05,West,Online,UPI,28.0,5.0,2025-08,2025,Saturday
ORD102929,2025-08-30,Apparel,Sneakers,65.0,1,65.0,0.0,South,Online,Credit Card,34.0,3.0,2025-08,2025,Saturday
ORD103139,2025-08-30,Home & Kitchen,Cookware Set,129.0,1,129.0,0.0,South,Online,Credit Card,29.0,4.0,2025-08,2025,Saturday
ORD103581,2025-08-30,Electronics,Smartwatch,199.0,1,199.0,0.0,East,In-Store,Credit Card,27.0,5.0,2025-08,2025,Saturday
ORD102144,2025-08-30,Beauty,Shampoo,10.2,1,10.2,0.15,West,In-Store,Debit Card,31.0,3.0,2025-08,2025,Saturday
ORD102432,2025-08-30,Sports,Tent,129.0,1,129.0,0.0,East,In-Store,Wallet,26.0,3.0,2025-08,2025,Saturday
ORD100970,2025-08-31,Apparel,Dress,52.25,1,52.25,0.05,Central,In-Store,Credit Card,44.0,4.0,2025-08,2025,Sunday
ORD104160,2025-08-31,Sports,Bicycle,349.0,2,698.0,0.0,South,Online,Credit Card,39.0,3.0,2025-08,2025,Sunday
ORD103206,2025-08-31,Home & Kitchen,Blender,33.15,1,33.15,0.15,South,Online,Credit Card,22.0,5.0,2025-08,2025,Sunday
ORD104763,2025-08-31,Beauty,Sunscreen,12.8,1,12.8,0.2,West,Online,UPI,40.0,4.0,2025-08,2025,Sunday
ORD104634,2025-08-31,Apparel,Dress,55.0,2,110.0,0.0,North,Online,Credit Card,30.0,3.0,2025-08,2025,Sunday
ORD102757,2025-08-31,Home & Kitchen,Cookware Set,116.1,1,116.1,0.1,East,Online,Debit Card,31.0,4.0,2025-08,2025,Sunday
ORD103606,2025-09-01,Home & Kitchen,Cookware Set,122.55,1,122.55,0.05,Central,Online,Wallet,18.0,5.0,2025-09,2025,Monday
ORD103670,2025-09-01,Apparel,Sneakers,65.0,1,65.0,0.0,West,Online,Credit Card,49.0,5.0,2025-09,2025,Monday
ORD102023,2025-09-01,Home & Kitchen,Blender,39.0,3,117.0,0.0,West,In-Store,Wallet,44.0,5.0,2025-09,2025,Monday
ORD100089,2025-09-01,Sports,Tent,129.0,3,387.0,0.0,Central,In-Store,Debit Card,56.0,2.0,2025-09,2025,Monday
ORD100050,2025-09-01,Sports,Yoga Mat,25.0,1,25.0,0.0,West,In-Store,Wallet,34.0,5.0,2025-09,2025,Monday
ORD103866,2025-09-01,Beauty,Shampoo,12.0,1,12.0,0.0,East,In-Store,Credit Card,40.0,4.0,2025-09,2025,Monday
ORD100196,2025-09-01,Electronics,Headphones,49.0,1,49.0,0.0,Central,Online,UPI,31.0,5.0,2025-09,2025,Monday
ORD104667,2025-09-01,Electronics,Headphones,49.0,1,49.0,0.0,Central,In-Store,UPI,18.0,4.0,2025-09,2025,Monday
ORD104553,2025-09-01,Sports,Bicycle,296.65,2,593.3,0.15,East,In-Store,Debit Card,38.0,5.0,2025-09,2025,Monday
ORD102342,2025-09-02,Beauty,Moisturizer,20.9,2,41.8,0.05,North,Online,Debit Card,27.0,4.0,2025-09,2025,Tuesday
ORD100461,2025-09-02,Electronics,Smartwatch,199.0,4,796.0,0.0,Central,In-Store,Debit Card,35.0,5.0,2025-09,2025,Tuesday
ORD101681,2025-09-02,Electronics,Tablet,314.1,1,314.1,0.1,West,Online,Debit Card,26.0,4.0,2025-09,2025,Tuesday
ORD104001,2025-09-02,Home & Kitchen,Blender,39.0,1,39.0,0.0,West,Online,Cash,20.0,4.0,2025-09,2025,Tuesday
ORD102188,2025-09-02,Electronics,Headphones,41.65,1,41.65,0.15,West,Online,Debit Card,62.0,4.0,2025-09,2025,Tuesday
ORD103118,2025-09-03,Beauty,Shampoo,11.4,1,11.4,0.05,East,In-Store,Debit Card,48.0,2.0,2025-09,2025,Wednesday
ORD104958,2025-09-03,Apparel,Dress,46.75,1,46.75,0.15,Central,In-Store,Cash,33.0,3.0,2025-09,2025,Wednesday
ORD101390,2025-09-03,Beauty,Perfume,55.25,1,55.25,0.15,Central,In-Store,Wallet,46.0,5.0,2025-09,2025,Wednesday
ORD101321,2025-09-03,Electronics,Laptop,849.15,2,1698.3,0.15,South,Online,Credit Card,25.0,5.0,2025-09,2025,Wednesday
ORD100952,2025-09-03,Home & Kitchen,Vacuum,126.65,1,126.65,0.15,East,In-Store,Debit Card,40.0,5.0,2025-09,2025,Wednesday
ORD103574,2025-09-03,Sports,Bicycle,331.55,1,331.55,0.05,West,Online,Wallet,35.0,4.0,2025-09,2025,Wednesday
ORD103673,2025-09-03,Sports,Tent,129.0,1,129.0,0.0,West,Online,Debit Card,41.0,1.0,2025-09,2025,Wednesday
ORD100444,2025-09-03,Electronics,Laptop,899.1,3,2697.3,0.1,East,Online,Credit Card,37.0,4.0,2025-09,2025,Wednesday
ORD104773,2025-09-03,Beauty,Sunscreen,15.2,2,30.4,0.05,South,Online,Credit Card,43.0,4.0,2025-09,2025,Wednesday
ORD100554,2025-09-03,Home & Kitchen,Vacuum,141.55,1,141.55,0.05,South,Online,Cash,48.0,5.0,2025-09,2025,Wednesday
ORD100039,2025-09-03,Apparel,T-Shirt,12.0,2,24.0,0.2,North,Online,Wallet,33.0,5.0,2025-09,2025,Wednesday
ORD101883,2025-09-03,Sports,Tent,129.0,1,129.0,0.0,East,Online,Cash,24.0,4.0,2025-09,2025,Wednesday
ORD102565,2025-09-04,Beauty,Perfume,65.0,2,130.0,0.0,East,Online,Credit Card,20.0,5.0,2025-09,2025,Thursday
ORD104097,2025-09-04,Apparel,Jacket,89.0,1,89.0,0.0,East,In-Store,Debit Card,35.0,5.0,2025-09,2025,Thursday
ORD100077,2025-09-04,Apparel,T-Shirt,15.0,1,15.0,0.0,North,Online,Credit Card,27.0,3.0,2025-09,2025,Thursday
ORD101412,2025-09-04,Home & Kitchen,Coffee Maker,56.05,1,56.05,0.05,East,Online,Credit Card,41.0,4.0,2025-09,2025,Thursday
ORD102927,2025-09-05,Beauty,Sunscreen,13.6,2,27.2,0.15,South,In-Store,Credit Card,47.0,5.0,2025-09,2025,Friday
ORD104463,2025-09-05,Sports,Dumbbells,45.0,1,45.0,0.0,North,Online,Debit Card,28.0,5.0,2025-09,2025,Friday
ORD100155,2025-09-05,Beauty,Shampoo,9.6,1,9.6,0.2,West,Online,Debit Card,31.0,5.0,2025-09,2025,Friday
ORD104808,2025-09-05,Apparel,Dress,55.0,2,110.0,0.0,South,Online,Wallet,44.0,4.0,2025-09,2025,Friday
ORD101087,2025-09-05,Sports,Running Shoes,75.05,1,75.05,0.05,East,Online,Credit Card,43.0,5.0,2025-09,2025,Friday
ORD102915,2025-09-05,Electronics,Headphones,49.0,1,49.0,0.0,South,Online,Credit Card,50.0,5.0,2025-09,2025,Friday
ORD102386,2025-09-05,Electronics,Tablet,349.0,1,349.0,0.0,South,Online,Debit Card,25.0,4.0,2025-09,2025,Friday
ORD102937,2025-09-06,Home & Kitchen,Blender,39.0,1,39.0,0.0,West,Online,Credit Card,55.0,5.0,2025-09,2025,Saturday
ORD104413,2025-09-06,Apparel,Jeans,45.0,1,45.0,0.0,West,Online,Cash,31.0,4.0,2025-09,2025,Saturday
ORD101473,2025-09-06,Sports,Dumbbells,45.0,1,45.0,0.0,Central,In-Store,Cash,34.0,4.0,2025-09,2025,Saturday
ORD100441,2025-09-06,Home & Kitchen,Cookware Set,122.55,3,367.65,0.05,South,In-Store,UPI,31.0,5.0,2025-09,2025,Saturday
ORD104297,2025-09-06,Electronics,Laptop,999.0,2,1998.0,0.0,West,Online,Credit Card,57.0,4.0,2025-09,2025,Saturday
ORD101637,2025-09-06,Electronics,Smartwatch,179.1,1,179.1,0.1,North,Online,Debit Card,38.0,5.0,2025-09,2025,Saturday
ORD100355,2025-09-06,Apparel,Jacket,89.0,1,89.0,0.0,Central,Online,Wallet,52.0,4.0,2025-09,2025,Saturday
ORD102807,2025-09-06,Sports,Dumbbells,40.5,2,81.0,0.1,East,In-Store,Wallet,43.0,5.0,2025-09,2025,Saturday
ORD100529,2025-09-06,Sports,Bicycle,349.0,1,349.0,0.0,Central,Online,Wallet,44.0,3.0,2025-09,2025,Saturday
ORD102764,2025-09-07,Home & Kitchen,Coffee Maker,59.0,1,59.0,0.0,West,In-Store,Debit Card,30.0,4.0,2025-09,2025,Sunday
ORD103197,2025-09-07,Sports,Tent,129.0,1,129.0,0.0,South,Online,Debit Card,31.0,5.0,2025-09,2025,Sunday
ORD103635,2025-09-07,Home & Kitchen,Air Fryer,84.55,2,169.1,0.05,South,In-Store,Debit Card,18.0,3.0,2025-09,2025,Sunday
ORD100071,2025-09-07,Home & Kitchen,Vacuum,141.55,1,141.55,0.05,East,In-Store,Credit Card,18.0,3.0,2025-09,2025,Sunday
ORD101490,2025-09-07,Apparel,T-Shirt,15.0,2,30.0,0.0,Central,Online,UPI,39.0,5.0,2025-09,2025,Sunday
ORD102092,2025-09-07,Electronics,Smartphone,699.0,2,1398.0,0.0,South,In-Store,Debit Card,38.0,2.0,2025-09,2025,Sunday
ORD103805,2025-09-08,Home & Kitchen,Air Fryer,80.1,1,80.1,0.1,East,In-Store,Debit Card,18.0,5.0,2025-09,2025,Monday
ORD103007,2025-09-08,Electronics,Laptop,899.1,3,2697.3,0.1,North,In-Store,Credit Card,30.0,3.0,2025-09,2025,Monday
ORD100654,2025-09-08,Apparel,T-Shirt,14.25,1,14.25,0.05,West,Online,Cash,21.0,3.0,2025-09,2025,Monday
ORD100108,2025-09-08,Home & Kitchen,Coffee Maker,59.0,1,59.0,0.0,East,In-Store,Cash,40.0,4.0,2025-09,2025,Monday
ORD104461,2025-09-08,Beauty,Moisturizer,18.7,3,56.1,0.15,South,In-Store,Credit Card,52.0,4.0,2025-09,2025,Monday
ORD100827,2025-09-08,Apparel,Dress,46.75,2,93.5,0.15,West,Online,Debit Card,36.0,5.0,2025-09,2025,Monday
ORD103839,2025-09-08,Home & Kitchen,Cookware Set,122.55,4,490.2,0.05,Central,Online,UPI,43.0,4.0,2025-09,2025,Monday
ORD103406,2025-09-09,Apparel,Dress,52.25,1,52.25,0.05,West,Online,UPI,29.0,3.0,2025-09,2025,Tuesday
ORD100801,2025-09-09,Home & Kitchen,Air Fryer,84.55,1,84.55,0.05,Central,Online,Credit Card,38.0,3.0,2025-09,2025,Tuesday
ORD103248,2025-09-09,Home & Kitchen,Air Fryer,89.0,1,89.0,0.0,South,In-Store,Credit Card,52.0,5.0,2025-09,2025,Tuesday
ORD101232,2025-09-09,Electronics,Laptop,999.0,1,999.0,0.0,East,In-Store,Credit Card,31.0,4.0,2025-09,2025,Tuesday
ORD104788,2025-09-09,Home & Kitchen,Air Fryer,89.0,1,89.0,0.0,North,In-Store,Credit Card,35.0,3.0,2025-09,2025,Tuesday
ORD100590,2025-09-09,Apparel,Dress,55.0,1,55.0,0.0,South,Online,Wallet,33.0,5.0,2025-09,2025,Tuesday
ORD101758,2025-09-09,Sports,Dumbbells,40.5,2,81.0,0.1,North,Online,Credit Card,30.0,3.0,2025-09,2025,Tuesday
ORD101367,2025-09-09,Apparel,Jeans,40.5,1,40.5,0.1,Central,Online,Debit Card,37.0,5.0,2025-09,2025,Tuesday
ORD103444,2025-09-10,Electronics,Smartphone,629.1,4,2516.4,0.1,Central,Online,UPI,54.0,4.0,2025-09,2025,Wednesday
ORD102792,2025-09-10,Home & Kitchen,Cookware Set,122.55,1,122.55,0.05,Central,Online,UPI,26.0,4.0,2025-09,2025,Wednesday
ORD104155,2025-09-10,Electronics,Tablet,331.55,1,331.55,0.05,East,Online,Debit Card,20.0,4.0,2025-09,2025,Wednesday
ORD100593,2025-09-10,Sports,Dumbbells,45.0,1,45.0,0.0,West,In-Store,Credit Card,45.0,5.0,2025-09,2025,Wednesday
ORD101821,2025-09-10,Sports,Bicycle,349.0,2,698.0,0.0,East,In-Store,Cash,39.0,5.0,2025-09,2025,Wednesday
ORD104247,2025-09-10,Home & Kitchen,Cookware Set,109.65,1,109.65,0.15,South,Online,Credit Card,33.0,5.0,2025-09,2025,Wednesday
ORD101880,2025-09-10,Electronics,Laptop,949.05,2,1898.1,0.05,Central,In-Store,Credit Card,37.0,5.0,2025-09,2025,Wednesday
ORD103901,2025-09-10,Apparel,T-Shirt,14.25,1,14.25,0.05,South,Online,Cash,39.0,5.0,2025-09,2025,Wednesday
ORD104234,2025-09-10,Beauty,Perfume,65.0,1,65.0,0.0,Central,In-Store,Cash,31.0,3.0,2025-09,2025,Wednesday
ORD100806,2025-09-11,Beauty,Shampoo,9.6,2,19.2,0.2,South,Online,Credit Card,20.0,4.0,2025-09,2025,Thursday
ORD103318,2025-09-11,Sports,Dumbbells,40.5,1,40.5,0.1,South,Online,Wallet,36.0,4.0,2025-09,2025,Thursday
ORD104905,2025-09-11,Home & Kitchen,Blender,39.0,2,78.0,0.0,Central,In-Store,Credit Card,26.0,4.0,2025-09,2025,Thursday
ORD100029,2025-09-11,Sports,Bicycle,349.0,1,349.0,0.0,East,In-Store,UPI,29.0,5.0,2025-09,2025,Thursday
ORD104567,2025-09-12,Sports,Bicycle,349.0,3,1047.0,0.0,East,Online,UPI,27.0,4.0,2025-09,2025,Friday
ORD102420,2025-09-12,Beauty,Lipstick,18.0,1,18.0,0.0,Central,Online,UPI,51.0,5.0,2025-09,2025,Friday
ORD102651,2025-09-12,Beauty,Perfume,65.0,2,130.0,0.0,East,In-Store,Credit Card,18.0,4.0,2025-09,2025,Friday
ORD104147,2025-09-13,Electronics,Headphones,41.65,1,41.65,0.15,Central,Online,Cash,48.0,5.0,2025-09,2025,Saturday
ORD102856,2025-09-13,Sports,Bicycle,331.55,1,331.55,0.05,North,Online,Debit Card,57.0,5.0,2025-09,2025,Saturday
ORD103096,2025-09-13,Electronics,Smartphone,629.1,1,629.1,0.1,Central,In-Store,UPI,37.0,1.0,2025-09,2025,Saturday
ORD104300,2025-09-13,Apparel,Jacket,89.0,1,89.0,0.0,East,In-Store,Credit Card,46.0,2.0,2025-09,2025,Saturday
ORD100942,2025-09-13,Home & Kitchen,Air Fryer,71.2,2,142.4,0.2,North,Online,Credit Card,18.0,5.0,2025-09,2025,Saturday
ORD100396,2025-09-13,Sports,Tent,116.1,1,116.1,0.1,South,In-Store,Debit Card,39.0,4.0,2025-09,2025,Saturday
ORD100563,2025-09-13,Home & Kitchen,Air Fryer,89.0,2,178.0,0.0,East,Online,UPI,23.0,4.0,2025-09,2025,Saturday
ORD104175,2025-09-13,Home & Kitchen,Blender,39.0,1,39.0,0.0,East,In-Store,Cash,38.0,4.0,2025-09,2025,Saturday
ORD103368,2025-09-14,Beauty,Moisturizer,20.9,1,20.9,0.05,South,In-Store,Debit Card,44.0,4.0,2025-09,2025,Sunday
ORD101128,2025-09-14,Apparel,Jeans,42.75,2,85.5,0.05,South,In-Store,Debit Card,25.0,3.0,2025-09,2025,Sunday
ORD102443,2025-09-14,Beauty,Lipstick,17.1,2,34.2,0.05,East,Online,Debit Card,18.0,3.0,2025-09,2025,Sunday
ORD103604,2025-09-14,Sports,Yoga Mat,20.0,1,20.0,0.2,West,Online,Debit Card,38.0,5.0,2025-09,2025,Sunday
ORD102201,2025-09-14,Home & Kitchen,Coffee Maker,59.0,1,59.0,0.0,North,In-Store,Wallet,22.0,5.0,2025-09,2025,Sunday
ORD102090,2025-09-14,Apparel,Sneakers,58.5,1,58.5,0.1,North,Online,UPI,47.0,4.0,2025-09,2025,Sunday
ORD102397,2025-09-14,Electronics,Headphones,49.0,1,49.0,0.0,Central,Online,Debit Card,38.0,5.0,2025-09,2025,Sunday
ORD101980,2025-09-14,Home & Kitchen,Blender,35.1,1,35.1,0.1,West,In-Store,Debit Card,25.0,3.0,2025-09,2025,Sunday
ORD100053,2025-09-15,Electronics,Headphones,49.0,2,98.0,0.0,Central,In-Store,Cash,55.0,5.0,2025-09,2025,Monday
ORD100018,2025-09-15,Beauty,Shampoo,11.4,1,11.4,0.05,West,Online,Cash,26.0,5.0,2025-09,2025,Monday
ORD103749,2025-09-15,Sports,Running Shoes,75.05,4,300.2,0.05,North,Online,Debit Card,48.0,2.0,2025-09,2025,Monday
ORD104353,2025-09-15,Home & Kitchen,Cookware Set,116.1,2,232.2,0.1,North,Online,UPI,36.0,5.0,2025-09,2025,Monday
ORD104609,2025-09-15,Apparel,Sneakers,65.0,1,65.0,0.0,East,Online,Credit Card,36.0,5.0,2025-09,2025,Monday
ORD102040,2025-09-15,Beauty,Moisturizer,22.0,3,66.0,0.0,North,In-Store,Debit Card,18.0,5.0,2025-09,2025,Monday
ORD101709,2025-09-15,Sports,Running Shoes,75.05,1,75.05,0.05,West,Online,Credit Card,29.0,4.0,2025-09,2025,Monday
ORD103669,2025-09-15,Beauty,Lipstick,17.1,1,17.1,0.05,North,Online,Wallet,35.0,5.0,2025-09,2025,Monday
ORD102728,2025-09-15,Home & Kitchen,Vacuum,141.55,1,141.55,0.05,North,In-Store,Debit Card,18.0,5.0,2025-09,2025,Monday
ORD101046,2025-09-16,Home & Kitchen,Cookware Set,129.0,2,258.0,0.0,East,In-Store,Wallet,30.0,4.0,2025-09,2025,Tuesday
ORD101741,2025-09-16,Beauty,Moisturizer,22.0,3,66.0,0.0,South,Online,Credit Card,53.0,4.0,2025-09,2025,Tuesday
ORD102176,2025-09-16,Beauty,Moisturizer,22.0,1,22.0,0.0,North,Online,Credit Card,39.0,3.0,2025-09,2025,Tuesday
ORD101328,2025-09-16,Electronics,Smartwatch,159.2,1,159.2,0.2,South,Online,Wallet,22.0,3.0,2025-09,2025,Tuesday
ORD104180,2025-09-16,Home & Kitchen,Air Fryer,84.55,1,84.55,0.05,North,In-Store,Credit Card,52.0,4.0,2025-09,2025,Tuesday
ORD102025,2025-09-17,Electronics,Smartwatch,179.1,4,716.4,0.1,North,In-Store,Credit Card,18.0,4.0,2025-09,2025,Wednesday
ORD101820,2025-09-17,Sports,Tent,129.0,4,516.0,0.0,Central,In-Store,Credit Card,43.0,4.0,2025-09,2025,Wednesday
ORD100559,2025-09-17,Apparel,Jacket,89.0,1,89.0,0.0,South,In-Store,Credit Card,32.0,5.0,2025-09,2025,Wednesday
ORD104332,2025-09-17,Apparel,Sneakers,58.5,1,58.5,0.1,West,Online,Credit Card,18.0,4.0,2025-09,2025,Wednesday
ORD104091,2025-09-17,Sports,Tent,116.1,1,116.1,0.1,Central,In-Store,Debit Card,35.0,5.0,2025-09,2025,Wednesday
ORD104433,2025-09-18,Electronics,Smartphone,629.1,1,629.1,0.1,West,Online,Credit Card,52.0,4.0,2025-09,2025,Thursday
ORD103175,2025-09-18,Sports,Tent,129.0,3,387.0,0.0,South,In-Store,UPI,38.0,4.0,2025-09,2025,Thursday
ORD102867,2025-09-18,Electronics,Laptop,949.05,2,1898.1,0.05,North,Online,Credit Card,53.0,5.0,2025-09,2025,Thursday
ORD102374,2025-09-18,Home & Kitchen,Air Fryer,75.65,1,75.65,0.15,North,In-Store,Debit Card,47.0,5.0,2025-09,2025,Thursday
ORD104907,2025-09-18,Sports,Bicycle,349.0,1,349.0,0.0,Central,Online,Debit Card,30.0,4.0,2025-09,2025,Thursday
ORD101170,2025-09-18,Home & Kitchen,Vacuum,119.2,1,119.2,0.2,West,In-Store,UPI,56.0,2.0,2025-09,2025,Thursday
ORD104830,2025-09-18,Beauty,Sunscreen,15.2,1,15.2,0.05,East,Online,Debit Card,28.0,4.0,2025-09,2025,Thursday
ORD104150,2025-09-19,Sports,Bicycle,331.55,1,331.55,0.05,East,Online,Cash,36.0,5.0,2025-09,2025,Friday
ORD102360,2025-09-19,Home & Kitchen,Cookware Set,122.55,2,245.1,0.05,Central,Online,Credit Card,41.0,4.0,2025-09,2025,Friday
ORD102991,2025-09-19,Beauty,Lipstick,15.3,1,15.3,0.15,Central,In-Store,Wallet,28.0,4.0,2025-09,2025,Friday
ORD101704,2025-09-19,Electronics,Headphones,49.0,2,98.0,0.0,South,Online,Credit Card,34.0,4.0,2025-09,2025,Friday
ORD100732,2025-09-19,Home & Kitchen,Coffee Maker,56.05,2,112.1,0.05,West,Online,UPI,36.0,5.0,2025-09,2025,Friday
ORD103247,2025-09-19,Home & Kitchen,Blender,33.15,1,33.15,0.15,Central,In-Store,UPI,39.0,4.0,2025-09,2025,Friday
ORD100275,2025-09-19,Sports,Bicycle,314.1,2,628.2,0.1,Central,Online,Credit Card,42.0,5.0,2025-09,2025,Friday
ORD103500,2025-09-19,Home & Kitchen,Vacuum,149.0,1,149.0,0.0,East,Online,Wallet,21.0,4.0,2025-09,2025,Friday
ORD104549,2025-09-20,Home & Kitchen,Air Fryer,89.0,1,89.0,0.0,North,In-Store,UPI,56.0,5.0,2025-09,2025,Saturday
ORD102605,2025-09-20,Electronics,Laptop,949.05,2,1898.1,0.05,South,Online,Credit Card,40.0,5.0,2025-09,2025,Saturday
ORD102412,2025-09-20,Beauty,Perfume,65.0,1,65.0,0.0,East,In-Store,Credit Card,30.0,4.0,2025-09,2025,Saturday
ORD104446,2025-09-20,Sports,Tent,129.0,1,129.0,0.0,Central,Online,UPI,44.0,5.0,2025-09,2025,Saturday
ORD100964,2025-09-20,Beauty,Lipstick,18.0,2,36.0,0.0,Central,Online,Debit Card,41.0,4.0,2025-09,2025,Saturday
ORD100946,2025-09-20,Apparel,Jeans,40.5,1,40.5,0.1,West,Online,UPI,18.0,5.0,2025-09,2025,Saturday
ORD102963,2025-09-20,Sports,Bicycle,314.1,1,314.1,0.1,West,Online,UPI,20.0,5.0,2025-09,2025,Saturday
ORD103169,2025-09-20,Sports,Yoga Mat,21.25,3,63.75,0.15,Central,Online,UPI,31.0,5.0,2025-09,2025,Saturday
ORD102060,2025-09-20,Beauty,Shampoo,12.0,1,12.0,0.0,East,Online,Wallet,28.0,5.0,2025-09,2025,Saturday
ORD102431,2025-09-20,Beauty,Shampoo,12.0,3,36.0,0.0,North,Online,Credit Card,34.0,4.0,2025-09,2025,Saturday
ORD103352,2025-09-21,Apparel,Dress,52.25,1,52.25,0.05,South,Online,Debit Card,26.0,3.0,2025-09,2025,Sunday
ORD102078,2025-09-21,Beauty,Sunscreen,16.0,1,16.0,0.0,East,Online,Cash,22.0,4.0,2025-09,2025,Sunday
ORD104445,2025-09-21,Electronics,Tablet,349.0,1,349.0,0.0,Central,Online,Cash,23.0,5.0,2025-09,2025,Sunday
ORD102902,2025-09-22,Home & Kitchen,Cookware Set,129.0,4,516.0,0.0,North,In-Store,Credit Card,23.0,4.0,2025-09,2025,Monday
ORD104440,2025-09-22,Electronics,Laptop,999.0,2,1998.0,0.0,West,Online,UPI,26.0,2.0,2025-09,2025,Monday
ORD102219,2025-09-22,Home & Kitchen,Air Fryer,80.1,1,80.1,0.1,South,In-Store,UPI,49.0,5.0,2025-09,2025,Monday
ORD103101,2025-09-22,Electronics,Tablet,349.0,1,349.0,0.0,South,Online,Debit Card,25.0,4.0,2025-09,2025,Monday
ORD102922,2025-09-22,Sports,Yoga Mat,22.5,3,67.5,0.1,South,In-Store,Wallet,33.0,5.0,2025-09,2025,Monday
ORD101768,2025-09-22,Sports,Yoga Mat,25.0,2,50.0,0.0,West,In-Store,Credit Card,37.0,4.0,2025-09,2025,Monday
ORD102919,2025-09-23,Sports,Tent,103.2,1,103.2,0.2,East,In-Store,Debit Card,39.0,2.0,2025-09,2025,Tuesday
ORD101794,2025-09-23,Sports,Tent,122.55,5,612.75,0.05,South,Online,UPI,45.0,5.0,2025-09,2025,Tuesday
ORD102663,2025-09-23,Beauty,Sunscreen,12.8,1,12.8,0.2,North,Online,Wallet,45.0,4.0,2025-09,2025,Tuesday
ORD103342,2025-09-24,Sports,Bicycle,349.0,4,1396.0,0.0,West,Online,Credit Card,31.0,4.0,2025-09,2025,Wednesday
ORD102855,2025-09-24,Apparel,Jacket,89.0,1,89.0,0.0,South,Online,Debit Card,49.0,5.0,2025-09,2025,Wednesday
ORD101746,2025-09-24,Sports,Tent,129.0,1,129.0,0.0,North,Online,Credit Card,40.0,3.0,2025-09,2025,Wednesday
ORD103323,2025-09-24,Beauty,Sunscreen,16.0,2,32.0,0.0,West,Online,Debit Card,18.0,5.0,2025-09,2025,Wednesday
ORD100149,2025-09-24,Home & Kitchen,Air Fryer,75.65,2,151.3,0.15,North,Online,UPI,38.0,4.0,2025-09,2025,Wednesday
ORD104977,2025-09-24,Electronics,Tablet,314.1,1,314.1,0.1,East,In-Store,Credit Card,48.0,3.0,2025-09,2025,Wednesday
ORD102789,2025-09-24,Home & Kitchen,Air Fryer,71.2,1,71.2,0.2,South,In-Store,Credit Card,49.0,2.0,2025-09,2025,Wednesday
ORD102010,2025-09-25,Sports,Tent,129.0,1,129.0,0.0,East,Online,Cash,48.0,4.0,2025-09,2025,Thursday
ORD100437,2025-09-25,Sports,Tent,116.1,1,116.1,0.1,South,In-Store,UPI,49.0,4.0,2025-09,2025,Thursday
ORD100454,2025-09-25,Sports,Dumbbells,45.0,1,45.0,0.0,South,In-Store,UPI,23.0,5.0,2025-09,2025,Thursday
ORD103252,2025-09-25,Sports,Running Shoes,67.15,1,67.15,0.15,East,Online,Credit Card,49.0,4.0,2025-09,2025,Thursday
ORD101724,2025-09-25,Apparel,T-Shirt,15.0,1,15.0,0.0,West,Online,UPI,24.0,5.0,2025-09,2025,Thursday
ORD101083,2025-09-25,Home & Kitchen,Blender,35.1,1,35.1,0.1,West,In-Store,Credit Card,44.0,4.0,2025-09,2025,Thursday
ORD100534,2025-09-26,Home & Kitchen,Air Fryer,89.0,1,89.0,0.0,West,Online,UPI,39.0,4.0,2025-09,2025,Friday
ORD102608,2025-09-26,Home & Kitchen,Cookware Set,129.0,3,387.0,0.0,South,Online,Credit Card,19.0,5.0,2025-09,2025,Friday
ORD103104,2025-09-26,Beauty,Perfume,65.0,1,65.0,0.0,Central,In-Store,Debit Card,27.0,5.0,2025-09,2025,Friday
ORD100967,2025-09-26,Sports,Running Shoes,79.0,3,237.0,0.0,East,In-Store,UPI,18.0,5.0,2025-09,2025,Friday
ORD102848,2025-09-26,Apparel,T-Shirt,14.25,5,71.25,0.05,East,In-Store,Debit Card,18.0,4.0,2025-09,2025,Friday
ORD102204,2025-09-26,Apparel,Jacket,89.0,2,178.0,0.0,South,Online,Credit Card,25.0,5.0,2025-09,2025,Friday
ORD103524,2025-09-27,Electronics,Laptop,799.2,1,799.2,0.2,Central,In-Store,Credit Card,40.0,4.0,2025-09,2025,Saturday
ORD102627,2025-09-27,Apparel,Jacket,75.65,1,75.65,0.15,East,Online,Debit Card,18.0,2.0,2025-09,2025,Saturday
ORD100632,2025-09-27,Sports,Bicycle,349.0,1,349.0,0.0,Central,Online,Wallet,32.0,5.0,2025-09,2025,Saturday
ORD101256,2025-09-27,Sports,Dumbbells,38.25,1,38.25,0.15,West,Online,Credit Card,27.0,3.0,2025-09,2025,Saturday
ORD102065,2025-09-27,Electronics,Tablet,314.1,1,314.1,0.1,East,Online,Debit Card,29.0,4.0,2025-09,2025,Saturday
ORD103694,2025-09-28,Sports,Bicycle,349.0,1,349.0,0.0,West,Online,Credit Card,27.0,5.0,2025-09,2025,Sunday
ORD101153,2025-09-28,Home & Kitchen,Vacuum,149.0,4,596.0,0.0,East,In-Store,Debit Card,38.0,4.0,2025-09,2025,Sunday
ORD101833,2025-09-28,Beauty,Lipstick,15.3,1,15.3,0.15,North,Online,Wallet,20.0,3.0,2025-09,2025,Sunday
ORD104365,2025-09-28,Beauty,Lipstick,18.0,2,36.0,0.0,East,Online,Credit Card,18.0,3.0,2025-09,2025,Sunday
ORD103068,2025-09-28,Beauty,Sunscreen,14.4,2,28.8,0.1,South,In-Store,Debit Card,35.0,4.0,2025-09,2025,Sunday
ORD102437,2025-09-28,Electronics,Tablet,331.55,3,994.65,0.05,South,Online,Credit Card,22.0,2.0,2025-09,2025,Sunday
ORD101378,2025-09-29,Beauty,Perfume,61.75,1,61.75,0.05,North,In-Store,Debit Card,45.0,5.0,2025-09,2025,Monday
ORD103793,2025-09-29,Electronics,Laptop,999.0,1,999.0,0.0,East,In-Store,Credit Card,32.0,4.0,2025-09,2025,Monday
ORD103196,2025-09-29,Home & Kitchen,Vacuum,134.1,1,134.1,0.1,East,Online,UPI,24.0,5.0,2025-09,2025,Monday
ORD100861,2025-09-29,Home & Kitchen,Vacuum,149.0,1,149.0,0.0,East,In-Store,UPI,42.0,3.0,2025-09,2025,Monday
ORD104863,2025-09-29,Sports,Tent,129.0,1,129.0,0.0,West,Online,Credit Card,18.0,5.0,2025-09,2025,Monday
ORD104664,2025-09-29,Sports,Bicycle,314.1,1,314.1,0.1,West,Online,Cash,44.0,3.0,2025-09,2025,Monday
ORD103208,2025-09-30,Electronics,Headphones,41.65,2,83.3,0.15,North,Online,Debit Card,36.0,5.0,2025-09,2025,Tuesday
ORD102356,2025-09-30,Sports,Tent,122.55,1,122.55,0.05,South,Online,Credit Card,53.0,4.0,2025-09,2025,Tuesday
ORD101919,2025-09-30,Apparel,Dress,52.25,1,52.25,0.05,East,Online,Debit Card,56.0,4.0,2025-09,2025,Tuesday
ORD102528,2025-09-30,Apparel,Jeans,45.0,1,45.0,0.0,South,In-Store,Credit Card,38.0,4.0,2025-09,2025,Tuesday
ORD104974,2025-09-30,Beauty,Perfume,65.0,1,65.0,0.0,West,Online,Wallet,36.0,4.0,2025-09,2025,Tuesday
ORD101062,2025-09-30,Beauty,Shampoo,10.2,1,10.2,0.15,South,In-Store,Credit Card,25.0,4.0,2025-09,2025,Tuesday
ORD103473,2025-10-01,Electronics,Tablet,349.0,2,698.0,0.0,East,Online,Debit Card,27.0,5.0,2025-10,2025,Wednesday
ORD102028,2025-10-01,Apparel,Sneakers,65.0,1,65.0,0.0,North,Online,Credit Card,45.0,5.0,2025-10,2025,Wednesday
ORD101584,2025-10-01,Home & Kitchen,Vacuum,149.0,1,149.0,0.0,West,Online,Wallet,53.0,3.0,2025-10,2025,Wednesday
ORD100017,2025-10-01,Beauty,Moisturizer,22.0,1,22.0,0.0,North,Online,Debit Card,41.0,5.0,2025-10,2025,Wednesday
ORD100950,2025-10-01,Home & Kitchen,Coffee Maker,50.15,2,100.3,0.15,North,Online,Debit Card,49.0,5.0,2025-10,2025,Wednesday
ORD100953,2025-10-01,Sports,Yoga Mat,23.75,1,23.75,0.05,North,In-Store,Credit Card,45.0,4.0,2025-10,2025,Wednesday
ORD104940,2025-10-01,Apparel,Jeans,45.0,1,45.0,0.0,North,In-Store,Debit Card,42.0,3.0,2025-10,2025,Wednesday
ORD103102,2025-10-02,Electronics,Smartphone,594.15,1,594.15,0.15,Central,Online,UPI,26.0,4.0,2025-10,2025,Thursday
ORD104011,2025-10-02,Home & Kitchen,Air Fryer,89.0,1,89.0,0.0,East,In-Store,Credit Card,34.0,5.0,2025-10,2025,Thursday
ORD102330,2025-10-02,Sports,Running Shoes,79.0,1,79.0,0.0,East,Online,Wallet,22.0,3.0,2025-10,2025,Thursday
ORD103810,2025-10-02,Apparel,Dress,55.0,5,275.0,0.0,East,Online,Wallet,28.0,5.0,2025-10,2025,Thursday
ORD103141,2025-10-03,Apparel,Sneakers,65.0,2,130.0,0.0,North,Online,Credit Card,37.0,3.0,2025-10,2025,Friday
ORD101686,2025-10-03,Beauty,Lipstick,16.2,1,16.2,0.1,North,Online,Credit Card,19.0,4.0,2025-10,2025,Friday
ORD101060,2025-10-03,Apparel,T-Shirt,13.5,1,13.5,0.1,South,Online,Wallet,40.0,3.0,2025-10,2025,Friday
ORD101585,2025-10-03,Home & Kitchen,Blender,35.1,1,35.1,0.1,North,Online,Credit Card,31.0,5.0,2025-10,2025,Friday
ORD101369,2025-10-04,Home & Kitchen,Cookware Set,129.0,1,129.0,0.0,South,In-Store,Credit Card,18.0,5.0,2025-10,2025,Saturday
ORD100625,2025-10-04,Electronics,Tablet,349.0,1,349.0,0.0,West,In-Store,Cash,25.0,4.0,2025-10,2025,Saturday
ORD101272,2025-10-04,Sports,Dumbbells,45.0,1,45.0,0.0,Central,Online,Credit Card,49.0,5.0,2025-10,2025,Saturday
ORD100719,2025-10-04,Beauty,Moisturizer,22.0,1,22.0,0.0,North,Online,Wallet,31.0,5.0,2025-10,2025,Saturday
ORD102990,2025-10-04,Beauty,Moisturizer,22.0,2,44.0,0.0,North,Online,Wallet,39.0,4.0,2025-10,2025,Saturday
ORD102108,2025-10-04,Home & Kitchen,Air Fryer,89.0,5,445.0,0.0,North,In-Store,Credit Card,39.0,2.0,2025-10,2025,Saturday
ORD102322,2025-10-04,Beauty,Sunscreen,16.0,1,16.0,0.0,Central,In-Store,Cash,32.0,4.0,2025-10,2025,Saturday
ORD102878,2025-10-05,Sports,Running Shoes,71.1,1,71.1,0.1,Central,In-Store,UPI,40.0,5.0,2025-10,2025,Sunday
ORD102239,2025-10-05,Beauty,Lipstick,18.0,2,36.0,0.0,Central,Online,Credit Card,29.0,5.0,2025-10,2025,Sunday
ORD100262,2025-10-05,Sports,Running Shoes,79.0,1,79.0,0.0,South,Online,Debit Card,36.0,4.0,2025-10,2025,Sunday
ORD104466,2025-10-05,Beauty,Shampoo,12.0,1,12.0,0.0,North,Online,Debit Card,33.0,3.0,2025-10,2025,Sunday
ORD103126,2025-10-05,Home & Kitchen,Coffee Maker,56.05,1,56.05,0.05,West,Online,Debit Card,50.0,4.0,2025-10,2025,Sunday
ORD102967,2025-10-06,Electronics,Smartwatch,199.0,4,796.0,0.0,West,Online,Cash,53.0,4.0,2025-10,2025,Monday
ORD101480,2025-10-06,Beauty,Lipstick,15.3,1,15.3,0.15,North,Online,UPI,32.0,1.0,2025-10,2025,Monday
ORD103401,2025-10-06,Home & Kitchen,Coffee Maker,59.0,1,59.0,0.0,East,In-Store,Debit Card,41.0,3.0,2025-10,2025,Monday
ORD103449,2025-10-07,Beauty,Lipstick,18.0,2,36.0,0.0,South,Online,Credit Card,40.0,2.0,2025-10,2025,Tuesday
ORD100789,2025-10-07,Apparel,Sneakers,65.0,1,65.0,0.0,North,In-Store,Credit Card,48.0,1.0,2025-10,2025,Tuesday
ORD103154,2025-10-07,Beauty,Lipstick,18.0,2,36.0,0.0,West,In-Store,Debit Card,23.0,5.0,2025-10,2025,Tuesday
ORD103618,2025-10-07,Home & Kitchen,Coffee Maker,56.05,1,56.05,0.05,South,In-Store,Debit Card,39.0,5.0,2025-10,2025,Tuesday
ORD101754,2025-10-07,Beauty,Moisturizer,22.0,1,22.0,0.0,West,In-Store,Debit Card,46.0,5.0,2025-10,2025,Tuesday
ORD100261,2025-10-08,Sports,Bicycle,314.1,1,314.1,0.1,East,In-Store,UPI,57.0,4.0,2025-10,2025,Wednesday
ORD102407,2025-10-08,Beauty,Moisturizer,22.0,2,44.0,0.0,North,Online,Debit Card,42.0,4.0,2025-10,2025,Wednesday
ORD102362,2025-10-08,Sports,Tent,116.1,2,232.2,0.1,North,In-Store,Credit Card,36.0,1.0,2025-10,2025,Wednesday
ORD101882,2025-10-08,Electronics,Headphones,44.1,1,44.1,0.1,West,In-Store,Debit Card,50.0,4.0,2025-10,2025,Wednesday
ORD100760,2025-10-08,Home & Kitchen,Coffee Maker,50.15,1,50.15,0.15,Central,In-Store,Debit Card,29.0,2.0,2025-10,2025,Wednesday
ORD103563,2025-10-09,Beauty,Lipstick,17.1,1,17.1,0.05,East,In-Store,Cash,31.0,5.0,2025-10,2025,Thursday
ORD101615,2025-10-09,Sports,Dumbbells,42.75,1,42.75,0.05,North,Online,Credit Card,41.0,5.0,2025-10,2025,Thursday
ORD103829,2025-10-09,Beauty,Perfume,65.0,2,130.0,0.0,West,Online,Credit Card,36.0,4.0,2025-10,2025,Thursday
ORD104580,2025-10-09,Beauty,Lipstick,18.0,1,18.0,0.0,West,Online,Credit Card,51.0,4.0,2025-10,2025,Thursday
ORD102968,2025-10-09,Home & Kitchen,Air Fryer,80.1,1,80.1,0.1,East,Online,Credit Card,31.0,3.0,2025-10,2025,Thursday
ORD102924,2025-10-09,Beauty,Perfume,65.0,1,65.0,0.0,Central,Online,UPI,39.0,4.0,2025-10,2025,Thursday
ORD102850,2025-10-09,Beauty,Lipstick,18.0,2,36.0,0.0,East,In-Store,UPI,24.0,5.0,2025-10,2025,Thursday
ORD102477,2025-10-10,Home & Kitchen,Cookware Set,129.0,2,258.0,0.0,Central,Online,Credit Card,55.0,5.0,2025-10,2025,Friday
ORD104668,2025-10-10,Apparel,Sneakers,65.0,1,65.0,0.0,Central,In-Store,Credit Card,22.0,3.0,2025-10,2025,Friday
ORD104425,2025-10-10,Apparel,Dress,49.5,1,49.5,0.1,West,Online,Debit Card,44.0,3.0,2025-10,2025,Friday
ORD101905,2025-10-10,Sports,Bicycle,296.65,1,296.65,0.15,Central,Online,Debit Card,31.0,4.0,2025-10,2025,Friday
ORD102145,2025-10-10,Electronics,Laptop,799.2,1,799.2,0.2,Central,In-Store,Credit Card,52.0,4.0,2025-10,2025,Friday
ORD103894,2025-10-10,Home & Kitchen,Coffee Maker,50.15,3,150.45,0.15,South,In-Store,Credit Card,44.0,2.0,2025-10,2025,Friday
ORD102868,2025-10-10,Sports,Running Shoes,75.05,1,75.05,0.05,East,Online,Credit Card,23.0,5.0,2025-10,2025,Friday
ORD100909,2025-10-11,Apparel,Dress,52.25,4,209.0,0.05,Central,In-Store,Credit Card,35.0,5.0,2025-10,2025,Saturday
ORD102236,2025-10-11,Apparel,T-Shirt,15.0,1,15.0,0.0,Central,Online,Wallet,23.0,3.0,2025-10,2025,Saturday
ORD101957,2025-10-11,Electronics,Laptop,899.1,1,899.1,0.1,South,Online,Credit Card,48.0,5.0,2025-10,2025,Saturday
ORD103806,2025-10-11,Beauty,Shampoo,12.0,3,36.0,0.0,Central,In-Store,Debit Card,34.0,3.0,2025-10,2025,Saturday
ORD104781,2025-10-11,Sports,Bicycle,314.1,1,314.1,0.1,East,In-Store,Credit Card,38.0,4.0,2025-10,2025,Saturday
ORD102109,2025-10-11,Sports,Running Shoes,75.05,1,75.05,0.05,West,In-Store,Wallet,40.0,5.0,2025-10,2025,Saturday
ORD101898,2025-10-11,Home & Kitchen,Coffee Maker,50.15,1,50.15,0.15,Central,Online,UPI,53.0,5.0,2025-10,2025,Saturday
ORD100067,2025-10-11,Home & Kitchen,Vacuum,149.0,2,298.0,0.0,West,Online,UPI,18.0,5.0,2025-10,2025,Saturday
ORD103362,2025-10-12,Sports,Dumbbells,45.0,2,90.0,0.0,South,Online,Debit Card,45.0,5.0,2025-10,2025,Sunday
ORD101607,2025-10-12,Electronics,Headphones,44.1,1,44.1,0.1,East,Online,Cash,27.0,1.0,2025-10,2025,Sunday
ORD101748,2025-10-12,Sports,Tent,109.65,1,109.65,0.15,South,Online,UPI,51.0,4.0,2025-10,2025,Sunday
ORD101177,2025-10-13,Home & Kitchen,Air Fryer,80.1,1,80.1,0.1,East,In-Store,Credit Card,48.0,1.0,2025-10,2025,Monday
ORD101893,2025-10-13,Apparel,Jeans,40.5,3,121.5,0.1,South,In-Store,Debit Card,22.0,4.0,2025-10,2025,Monday
ORD104520,2025-10-13,Apparel,Dress,49.5,1,49.5,0.1,South,In-Store,Debit Card,41.0,3.0,2025-10,2025,Monday
ORD103454,2025-10-13,Electronics,Headphones,49.0,2,98.0,0.0,North,In-Store,Debit Card,32.0,4.0,2025-10,2025,Monday
ORD101533,2025-10-13,Sports,Bicycle,314.1,2,628.2,0.1,North,Online,Credit Card,18.0,2.0,2025-10,2025,Monday
ORD103775,2025-10-13,Electronics,Laptop,999.0,2,1998.0,0.0,East,Online,Wallet,45.0,3.0,2025-10,2025,Monday
ORD102476,2025-10-14,Sports,Running Shoes,79.0,1,79.0,0.0,North,In-Store,UPI,45.0,3.0,2025-10,2025,Tuesday
ORD100630,2025-10-14,Beauty,Moisturizer,18.7,1,18.7,0.15,North,In-Store,UPI,18.0,5.0,2025-10,2025,Tuesday
ORD102256,2025-10-15,Apparel,Sneakers,65.0,1,65.0,0.0,South,Online,Cash,40.0,5.0,2025-10,2025,Wednesday
ORD104737,2025-10-15,Sports,Yoga Mat,25.0,1,25.0,0.0,Central,Online,Debit Card,35.0,3.0,2025-10,2025,Wednesday
ORD100813,2025-10-15,Sports,Bicycle,296.65,1,296.65,0.15,South,Online,Credit Card,27.0,5.0,2025-10,2025,Wednesday
ORD102438,2025-10-15,Beauty,Lipstick,18.0,1,18.0,0.0,South,Online,Cash,51.0,5.0,2025-10,2025,Wednesday
ORD103377,2025-10-15,Home & Kitchen,Coffee Maker,56.05,1,56.05,0.05,West,In-Store,Credit Card,42.0,5.0,2025-10,2025,Wednesday
ORD104336,2025-10-16,Beauty,Sunscreen,14.4,5,72.0,0.1,South,Online,Wallet,33.0,3.0,2025-10,2025,Thursday
ORD104917,2025-10-16,Beauty,Sunscreen,15.2,1,15.2,0.05,North,Online,Credit Card,36.0,3.0,2025-10,2025,Thursday
ORD103513,2025-10-16,Electronics,Headphones,49.0,1,49.0,0.0,West,In-Store,Credit Card,19.0,5.0,2025-10,2025,Thursday
ORD101863,2025-10-16,Apparel,Sneakers,65.0,2,130.0,0.0,Central,Online,Cash,29.0,4.0,2025-10,2025,Thursday
ORD100835,2025-10-16,Home & Kitchen,Coffee Maker,59.0,1,59.0,0.0,Central,Online,Debit Card,26.0,4.0,2025-10,2025,Thursday
ORD104927,2025-10-16,Sports,Bicycle,314.1,1,314.1,0.1,North,In-Store,Credit Card,20.0,4.0,2025-10,2025,Thursday
ORD102021,2025-10-16,Home & Kitchen,Cookware Set,109.65,1,109.65,0.15,South,Online,Wallet,18.0,4.0,2025-10,2025,Thursday
ORD101632,2025-10-16,Home & Kitchen,Cookware Set,109.65,1,109.65,0.15,East,In-Store,UPI,37.0,5.0,2025-10,2025,Thursday
ORD104872,2025-10-16,Home & Kitchen,Coffee Maker,56.05,1,56.05,0.05,East,Online,Debit Card,41.0,2.0,2025-10,2025,Thursday
ORD104239,2025-10-16,Beauty,Sunscreen,15.2,2,30.4,0.05,Central,In-Store,Cash,47.0,4.0,2025-10,2025,Thursday
ORD101150,2025-10-17,Home & Kitchen,Cookware Set,129.0,1,129.0,0.0,West,In-Store,Wallet,30.0,5.0,2025-10,2025,Friday
ORD102631,2025-10-17,Electronics,Smartwatch,189.05,1,189.05,0.05,North,In-Store,Credit Card,36.0,4.0,2025-10,2025,Friday
ORD103499,2025-10-17,Home & Kitchen,Vacuum,149.0,1,149.0,0.0,South,Online,Debit Card,33.0,5.0,2025-10,2025,Friday
ORD101949,2025-10-17,Home & Kitchen,Vacuum,141.55,1,141.55,0.05,West,In-Store,Wallet,57.0,2.0,2025-10,2025,Friday
ORD104576,2025-10-17,Beauty,Perfume,65.0,3,195.0,0.0,North,In-Store,Cash,32.0,4.0,2025-10,2025,Friday
ORD100635,2025-10-18,Beauty,Sunscreen,15.2,1,15.2,0.05,Central,Online,Cash,18.0,3.0,2025-10,2025,Saturday
ORD102980,2025-10-18,Home & Kitchen,Air Fryer,89.0,4,356.0,0.0,North,Online,UPI,56.0,5.0,2025-10,2025,Saturday
ORD102150,2025-10-18,Sports,Running Shoes,79.0,2,158.0,0.0,South,Online,Credit Card,32.0,5.0,2025-10,2025,Saturday
ORD101005,2025-10-18,Beauty,Shampoo,10.8,1,10.8,0.1,North,Online,Credit Card,18.0,5.0,2025-10,2025,Saturday
ORD102206,2025-10-18,Beauty,Shampoo,9.6,1,9.6,0.2,East,In-Store,Cash,31.0,1.0,2025-10,2025,Saturday
ORD101687,2025-10-18,Electronics,Smartphone,699.0,1,699.0,0.0,West,In-Store,UPI,33.0,2.0,2025-10,2025,Saturday
ORD101545,2025-10-18,Home & Kitchen,Coffee Maker,59.0,4,236.0,0.0,Central,Online,Credit Card,33.0,5.0,2025-10,2025,Saturday
ORD104978,2025-10-19,Apparel,Sneakers,65.0,1,65.0,0.0,West,Online,Cash,58.0,5.0,2025-10,2025,Sunday
ORD100565,2025-10-19,Home & Kitchen,Air Fryer,89.0,1,89.0,0.0,Central,Online,Credit Card,44.0,5.0,2025-10,2025,Sunday
ORD104121,2025-10-19,Sports,Bicycle,314.1,1,314.1,0.1,Central,Online,UPI,32.0,5.0,2025-10,2025,Sunday
ORD102553,2025-10-19,Sports,Bicycle,331.55,1,331.55,0.05,West,In-Store,Credit Card,18.0,5.0,2025-10,2025,Sunday
ORD104067,2025-10-19,Sports,Dumbbells,36.0,1,36.0,0.2,West,Online,Credit Card,18.0,4.0,2025-10,2025,Sunday
ORD101668,2025-10-19,Sports,Bicycle,349.0,1,349.0,0.0,Central,Online,UPI,40.0,4.0,2025-10,2025,Sunday
ORD101139,2025-10-19,Electronics,Headphones,44.1,3,132.3,0.1,North,Online,Credit Card,28.0,5.0,2025-10,2025,Sunday
ORD100324,2025-10-19,Beauty,Perfume,58.5,1,58.5,0.1,North,Online,Wallet,18.0,4.0,2025-10,2025,Sunday
ORD103826,2025-10-19,Home & Kitchen,Blender,37.05,1,37.05,0.05,North,Online,Debit Card,28.0,4.0,2025-10,2025,Sunday
ORD100223,2025-10-19,Electronics,Smartwatch,189.05,2,378.1,0.05,West,Online,Credit Card,35.0,4.0,2025-10,2025,Sunday
ORD102232,2025-10-20,Apparel,Jacket,89.0,1,89.0,0.0,South,In-Store,UPI,29.0,4.0,2025-10,2025,Monday
ORD101740,2025-10-20,Apparel,Sneakers,58.5,2,117.0,0.1,Central,Online,Credit Card,33.0,2.0,2025-10,2025,Monday
ORD101380,2025-10-20,Electronics,Smartwatch,189.05,1,189.05,0.05,East,Online,Credit Card,56.0,5.0,2025-10,2025,Monday
ORD100251,2025-10-20,Electronics,Laptop,899.1,1,899.1,0.1,West,In-Store,Wallet,47.0,4.0,2025-10,2025,Monday
ORD104513,2025-10-20,Beauty,Perfume,58.5,1,58.5,0.1,North,In-Store,Credit Card,20.0,3.0,2025-10,2025,Monday
ORD102148,2025-10-21,Sports,Yoga Mat,25.0,1,25.0,0.0,Central,Online,Debit Card,23.0,3.0,2025-10,2025,Tuesday
ORD102594,2025-10-21,Sports,Tent,129.0,2,258.0,0.0,West,Online,Debit Card,45.0,4.0,2025-10,2025,Tuesday
ORD102834,2025-10-21,Beauty,Perfume,65.0,1,65.0,0.0,Central,Online,Cash,41.0,4.0,2025-10,2025,Tuesday
ORD102298,2025-10-21,Electronics,Headphones,49.0,4,196.0,0.0,Central,In-Store,UPI,33.0,4.0,2025-10,2025,Tuesday
ORD104577,2025-10-21,Sports,Running Shoes,79.0,1,79.0,0.0,East,Online,Cash,64.0,5.0,2025-10,2025,Tuesday
ORD102434,2025-10-21,Home & Kitchen,Coffee Maker,53.1,1,53.1,0.1,North,Online,Credit Card,34.0,5.0,2025-10,2025,Tuesday
ORD104894,2025-10-21,Home & Kitchen,Air Fryer,75.65,1,75.65,0.15,Central,In-Store,UPI,35.0,5.0,2025-10,2025,Tuesday
ORD101904,2025-10-21,Beauty,Moisturizer,20.9,1,20.9,0.05,East,Online,UPI,18.0,5.0,2025-10,2025,Tuesday
ORD102879,2025-10-21,Apparel,Jeans,45.0,3,135.0,0.0,South,In-Store,Credit Card,62.0,4.0,2025-10,2025,Tuesday
ORD102114,2025-10-21,Beauty,Lipstick,18.0,1,18.0,0.0,West,Online,Debit Card,31.0,1.0,2025-10,2025,Tuesday
ORD102333,2025-10-21,Electronics,Headphones,41.65,1,41.65,0.15,South,Online,UPI,46.0,4.0,2025-10,2025,Tuesday
ORD100832,2025-10-21,Electronics,Smartphone,699.0,3,2097.0,0.0,North,Online,Wallet,36.0,5.0,2025-10,2025,Tuesday
ORD104769,2025-10-21,Beauty,Perfume,65.0,1,65.0,0.0,West,In-Store,UPI,21.0,5.0,2025-10,2025,Tuesday
ORD103862,2025-10-21,Home & Kitchen,Air Fryer,84.55,2,169.1,0.05,Central,Online,Credit Card,54.0,5.0,2025-10,2025,Tuesday
ORD102497,2025-10-22,Electronics,Tablet,279.2,1,279.2,0.2,South,Online,Wallet,45.0,3.0,2025-10,2025,Wednesday
ORD104344,2025-10-22,Apparel,Jeans,40.5,1,40.5,0.1,West,In-Store,Credit Card,39.0,4.0,2025-10,2025,Wednesday
ORD101154,2025-10-22,Beauty,Sunscreen,16.0,3,48.0,0.0,South,Online,Credit Card,35.0,3.0,2025-10,2025,Wednesday
ORD101969,2025-10-22,Electronics,Headphones,41.65,2,83.3,0.15,Central,In-Store,Debit Card,44.0,5.0,2025-10,2025,Wednesday
ORD104066,2025-10-22,Sports,Bicycle,349.0,1,349.0,0.0,Central,Online,Cash,31.0,4.0,2025-10,2025,Wednesday
ORD102760,2025-10-23,Sports,Bicycle,349.0,1,349.0,0.0,South,Online,Cash,21.0,4.0,2025-10,2025,Thursday
ORD100151,2025-10-23,Electronics,Tablet,349.0,1,349.0,0.0,East,Online,Debit Card,26.0,4.0,2025-10,2025,Thursday
ORD104304,2025-10-23,Home & Kitchen,Blender,39.0,1,39.0,0.0,East,Online,Credit Card,44.0,3.0,2025-10,2025,Thursday
ORD102110,2025-10-23,Beauty,Shampoo,11.4,1,11.4,0.05,Central,Online,Credit Card,43.0,4.0,2025-10,2025,Thursday
ORD103711,2025-10-23,Electronics,Smartwatch,199.0,2,398.0,0.0,East,In-Store,Debit Card,44.0,2.0,2025-10,2025,Thursday
ORD104135,2025-10-24,Apparel,Jacket,80.1,1,80.1,0.1,East,Online,Credit Card,18.0,4.0,2025-10,2025,Friday
ORD101805,2025-10-24,Sports,Yoga Mat,23.75,3,71.25,0.05,South,In-Store,Credit Card,42.0,4.0,2025-10,2025,Friday
ORD103966,2025-10-24,Apparel,Jacket,75.65,1,75.65,0.15,South,Online,Wallet,20.0,5.0,2025-10,2025,Friday
ORD103932,2025-10-24,Beauty,Lipstick,16.2,1,16.2,0.1,Central,In-Store,Cash,30.0,5.0,2025-10,2025,Friday
ORD104068,2025-10-25,Sports,Running Shoes,79.0,2,158.0,0.0,North,Online,Credit Card,38.0,1.0,2025-10,2025,Saturday
ORD103348,2025-10-25,Home & Kitchen,Blender,39.0,1,39.0,0.0,West,Online,Cash,32.0,4.0,2025-10,2025,Saturday
ORD101142,2025-10-25,Electronics,Tablet,296.65,1,296.65,0.15,West,Online,Cash,48.0,4.0,2025-10,2025,Saturday
ORD103928,2025-10-25,Electronics,Headphones,41.65,1,41.65,0.15,East,Online,Debit Card,40.0,5.0,2025-10,2025,Saturday
ORD100616,2025-10-25,Beauty,Moisturizer,22.0,1,22.0,0.0,Central,Online,Cash,34.0,2.0,2025-10,2025,Saturday
ORD101126,2025-10-25,Electronics,Smartwatch,199.0,1,199.0,0.0,South,Online,Credit Card,42.0,5.0,2025-10,2025,Saturday
ORD101391,2025-10-25,Electronics,Tablet,331.55,1,331.55,0.05,South,Online,Credit Card,29.0,3.0,2025-10,2025,Saturday
ORD102103,2025-10-25,Home & Kitchen,Vacuum,149.0,1,149.0,0.0,East,Online,Credit Card,46.0,5.0,2025-10,2025,Saturday
ORD101267,2025-10-25,Home & Kitchen,Vacuum,149.0,1,149.0,0.0,East,Online,Debit Card,26.0,4.0,2025-10,2025,Saturday
ORD103848,2025-10-25,Electronics,Smartwatch,199.0,2,398.0,0.0,West,Online,Credit Card,45.0,4.0,2025-10,2025,Saturday
ORD102180,2025-10-26,Electronics,Laptop,949.05,2,1898.1,0.05,North,Online,Debit Card,38.0,5.0,2025-10,2025,Sunday
ORD101349,2025-10-26,Apparel,Jeans,38.25,1,38.25,0.15,East,Online,Debit Card,46.0,5.0,2025-10,2025,Sunday
ORD104358,2025-10-26,Apparel,Jacket,84.55,1,84.55,0.05,West,In-Store,Debit Card,32.0,5.0,2025-10,2025,Sunday
ORD103620,2025-10-27,Beauty,Sunscreen,15.2,3,45.6,0.05,West,In-Store,Cash,22.0,4.0,2025-10,2025,Monday
ORD100636,2025-10-27,Sports,Yoga Mat,23.75,1,23.75,0.05,West,In-Store,Wallet,42.0,4.0,2025-10,2025,Monday
ORD102635,2025-10-27,Apparel,Dress,52.25,1,52.25,0.05,East,In-Store,UPI,50.0,5.0,2025-10,2025,Monday
ORD100204,2025-10-27,Electronics,Smartwatch,199.0,2,398.0,0.0,West,In-Store,Credit Card,37.0,4.0,2025-10,2025,Monday
ORD102290,2025-10-27,Electronics,Headphones,49.0,1,49.0,0.0,East,Online,Debit Card,55.0,4.0,2025-10,2025,Monday
ORD103934,2025-10-28,Home & Kitchen,Blender,37.05,1,37.05,0.05,East,Online,Debit Card,37.0,5.0,2025-10,2025,Tuesday
ORD100700,2025-10-28,Beauty,Shampoo,12.0,2,24.0,0.0,South,Online,Credit Card,48.0,5.0,2025-10,2025,Tuesday
ORD104879,2025-10-28,Apparel,T-Shirt,15.0,1,15.0,0.0,East,In-Store,Credit Card,29.0,5.0,2025-10,2025,Tuesday
ORD102533,2025-10-28,Home & Kitchen,Cookware Set,109.65,1,109.65,0.15,Central,Online,UPI,42.0,4.0,2025-10,2025,Tuesday
ORD103671,2025-10-28,Apparel,T-Shirt,12.75,2,25.5,0.15,Central,Online,Credit Card,18.0,4.0,2025-10,2025,Tuesday
ORD102662,2025-10-28,Home & Kitchen,Air Fryer,84.55,1,84.55,0.05,Central,Online,Credit Card,26.0,5.0,2025-10,2025,Tuesday
ORD102428,2025-10-28,Home & Kitchen,Cookware Set,122.55,4,490.2,0.05,East,Online,Credit Card,56.0,5.0,2025-10,2025,Tuesday
ORD104452,2025-10-28,Apparel,Jacket,89.0,1,89.0,0.0,North,Online,Credit Card,35.0,5.0,2025-10,2025,Tuesday
ORD104262,2025-10-28,Beauty,Moisturizer,22.0,1,22.0,0.0,Central,In-Store,Credit Card,29.0,4.0,2025-10,2025,Tuesday
ORD104355,2025-10-28,Apparel,T-Shirt,13.5,2,27.0,0.1,North,Online,Credit Card,25.0,5.0,2025-10,2025,Tuesday
ORD103527,2025-10-29,Home & Kitchen,Coffee Maker,59.0,1,59.0,0.0,East,Online,Debit Card,36.0,5.0,2025-10,2025,Wednesday
ORD100782,2025-10-29,Electronics,Laptop,799.2,1,799.2,0.2,West,In-Store,UPI,18.0,5.0,2025-10,2025,Wednesday
ORD104792,2025-10-29,Apparel,Sneakers,55.25,1,55.25,0.15,North,Online,UPI,19.0,5.0,2025-10,2025,Wednesday
ORD102714,2025-10-29,Home & Kitchen,Air Fryer,80.1,1,80.1,0.1,North,Online,Credit Card,34.0,5.0,2025-10,2025,Wednesday
ORD101183,2025-10-29,Sports,Tent,129.0,1,129.0,0.0,Central,In-Store,Cash,47.0,5.0,2025-10,2025,Wednesday
ORD104614,2025-10-29,Home & Kitchen,Coffee Maker,59.0,1,59.0,0.0,South,In-Store,Credit Card,39.0,5.0,2025-10,2025,Wednesday
ORD103280,2025-10-30,Beauty,Lipstick,17.1,1,17.1,0.05,Central,In-Store,Debit Card,30.0,4.0,2025-10,2025,Thursday
ORD104394,2025-10-30,Electronics,Laptop,999.0,1,999.0,0.0,West,Online,Credit Card,39.0,5.0,2025-10,2025,Thursday
ORD104505,2025-10-30,Beauty,Sunscreen,13.6,1,13.6,0.15,Central,In-Store,UPI,25.0,5.0,2025-10,2025,Thursday
ORD102048,2025-10-30,Home & Kitchen,Cookware Set,122.55,1,122.55,0.05,South,Online,Wallet,31.0,5.0,2025-10,2025,Thursday
ORD103405,2025-10-31,Home & Kitchen,Blender,39.0,1,39.0,0.0,West,In-Store,Cash,43.0,5.0,2025-10,2025,Friday
ORD100030,2025-10-31,Beauty,Shampoo,12.0,1,12.0,0.0,South,Online,Wallet,40.0,4.0,2025-10,2025,Friday
ORD101449,2025-10-31,Sports,Running Shoes,71.1,2,142.2,0.1,East,Online,Credit Card,35.0,3.0,2025-10,2025,Friday
ORD101896,2025-10-31,Beauty,Lipstick,15.3,1,15.3,0.15,East,Online,Credit Card,30.0,3.0,2025-10,2025,Friday
ORD103218,2025-10-31,Home & Kitchen,Cookware Set,122.55,1,122.55,0.05,West,In-Store,Credit Card,39.0,4.0,2025-10,2025,Friday
ORD100996,2025-10-31,Sports,Bicycle,349.0,2,698.0,0.0,East,Online,UPI,39.0,5.0,2025-10,2025,Friday
ORD100959,2025-10-31,Electronics,Laptop,999.0,1,999.0,0.0,West,Online,Credit Card,56.0,4.0,2025-10,2025,Friday
ORD103987,2025-10-31,Electronics,Smartphone,699.0,1,699.0,0.0,West,Online,UPI,48.0,4.0,2025-10,2025,Friday
ORD103447,2025-11-01,Beauty,Lipstick,17.1,1,17.1,0.05,East,Online,Credit Card,38.0,5.0,2025-11,2025,Saturday
ORD101145,2025-11-01,Electronics,Tablet,331.55,1,331.55,0.05,East,Online,UPI,26.0,5.0,2025-11,2025,Saturday
ORD103178,2025-11-01,Home & Kitchen,Coffee Maker,59.0,2,118.0,0.0,West,In-Store,Debit Card,54.0,5.0,2025-11,2025,Saturday
ORD103891,2025-11-01,Apparel,Dress,55.0,3,165.0,0.0,West,Online,UPI,18.0,5.0,2025-11,2025,Saturday
ORD103381,2025-11-01,Beauty,Sunscreen,16.0,1,16.0,0.0,Central,In-Store,Wallet,33.0,4.0,2025-11,2025,Saturday
ORD100310,2025-11-02,Sports,Tent,129.0,1,129.0,0.0,Central,In-Store,UPI,19.0,2.0,2025-11,2025,Sunday
ORD102725,2025-11-02,Sports,Dumbbells,42.75,1,42.75,0.05,North,Online,UPI,48.0,4.0,2025-11,2025,Sunday
ORD102271,2025-11-02,Electronics,Smartphone,629.1,1,629.1,0.1,North,Online,Debit Card,18.0,4.0,2025-11,2025,Sunday
ORD100705,2025-11-02,Electronics,Headphones,39.2,1,39.2,0.2,Central,In-Store,Cash,36.0,5.0,2025-11,2025,Sunday
ORD104771,2025-11-02,Sports,Dumbbells,45.0,2,90.0,0.0,Central,Online,Credit Card,30.0,3.0,2025-11,2025,Sunday
ORD100412,2025-11-03,Apparel,Sneakers,65.0,1,65.0,0.0,East,In-Store,Credit Card,32.0,2.0,2025-11,2025,Monday
ORD100403,2025-11-03,Sports,Running Shoes,71.1,2,142.2,0.1,West,In-Store,UPI,18.0,5.0,2025-11,2025,Monday
ORD101712,2025-11-03,Home & Kitchen,Blender,39.0,3,117.0,0.0,South,Online,Wallet,37.0,4.0,2025-11,2025,Monday
ORD102436,2025-11-03,Sports,Dumbbells,38.25,1,38.25,0.15,West,Online,Debit Card,18.0,5.0,2025-11,2025,Monday
ORD102657,2025-11-03,Electronics,Laptop,999.0,1,999.0,0.0,North,Online,Debit Card,29.0,5.0,2025-11,2025,Monday
ORD104299,2025-11-04,Sports,Yoga Mat,22.5,2,45.0,0.1,West,Online,Debit Card,61.0,4.0,2025-11,2025,Tuesday
ORD104539,2025-11-04,Apparel,Dress,55.0,2,110.0,0.0,West,Online,Cash,18.0,2.0,2025-11,2025,Tuesday
ORD102871,2025-11-04,Apparel,Dress,55.0,1,55.0,0.0,West,In-Store,Wallet,18.0,5.0,2025-11,2025,Tuesday
ORD101375,2025-11-04,Beauty,Sunscreen,13.6,1,13.6,0.15,North,In-Store,Credit Card,37.0,4.0,2025-11,2025,Tuesday
ORD103654,2025-11-04,Apparel,Jeans,42.75,4,171.0,0.05,South,Online,Credit Card,34.0,4.0,2025-11,2025,Tuesday
ORD101229,2025-11-04,Electronics,Tablet,331.55,1,331.55,0.05,South,In-Store,Credit Card,41.0,5.0,2025-11,2025,Tuesday
ORD103172,2025-11-04,Beauty,Moisturizer,20.9,5,104.5,0.05,West,Online,Credit Card,50.0,5.0,2025-11,2025,Tuesday
ORD100481,2025-11-04,Beauty,Perfume,61.75,1,61.75,0.05,South,Online,Cash,42.0,4.0,2025-11,2025,Tuesday
ORD101070,2025-11-04,Sports,Yoga Mat,25.0,1,25.0,0.0,North,Online,Credit Card,47.0,5.0,2025-11,2025,Tuesday
ORD100260,2025-11-04,Apparel,T-Shirt,15.0,1,15.0,0.0,North,In-Store,Credit Card,45.0,4.0,2025-11,2025,Tuesday
ORD104597,2025-11-05,Apparel,Dress,55.0,1,55.0,0.0,North,In-Store,Credit Card,69.0,3.0,2025-11,2025,Wednesday
ORD102888,2025-11-05,Beauty,Perfume,65.0,2,130.0,0.0,West,Online,Credit Card,40.0,5.0,2025-11,2025,Wednesday
ORD104335,2025-11-05,Apparel,T-Shirt,15.0,1,15.0,0.0,North,In-Store,Debit Card,45.0,3.0,2025-11,2025,Wednesday
ORD100114,2025-11-05,Beauty,Sunscreen,16.0,2,32.0,0.0,South,Online,UPI,36.0,2.0,2025-11,2025,Wednesday
ORD102312,2025-11-05,Beauty,Perfume,65.0,2,130.0,0.0,West,In-Store,Credit Card,21.0,4.0,2025-11,2025,Wednesday
ORD100751,2025-11-05,Sports,Dumbbells,40.5,1,40.5,0.1,Central,Online,Debit Card,34.0,2.0,2025-11,2025,Wednesday
ORD101935,2025-11-05,Beauty,Perfume,65.0,1,65.0,0.0,Central,Online,Debit Card,28.0,4.0,2025-11,2025,Wednesday
ORD101081,2025-11-06,Beauty,Moisturizer,22.0,2,44.0,0.0,North,Online,Debit Card,25.0,2.0,2025-11,2025,Thursday
ORD103786,2025-11-06,Sports,Tent,129.0,2,258.0,0.0,South,Online,Cash,33.0,4.0,2025-11,2025,Thursday
ORD100540,2025-11-06,Home & Kitchen,Cookware Set,109.65,1,109.65,0.15,East,Online,Debit Card,47.0,5.0,2025-11,2025,Thursday
ORD100047,2025-11-06,Home & Kitchen,Cookware Set,129.0,1,129.0,0.0,Central,In-Store,Wallet,45.0,5.0,2025-11,2025,Thursday
ORD101857,2025-11-06,Sports,Running Shoes,79.0,2,158.0,0.0,East,In-Store,Credit Card,38.0,5.0,2025-11,2025,Thursday
ORD103922,2025-11-06,Sports,Dumbbells,40.5,1,40.5,0.1,North,In-Store,Wallet,29.0,5.0,2025-11,2025,Thursday
ORD103908,2025-11-06,Home & Kitchen,Air Fryer,80.1,1,80.1,0.1,South,Online,Credit Card,54.0,2.0,2025-11,2025,Thursday
ORD100116,2025-11-06,Sports,Bicycle,314.1,1,314.1,0.1,East,Online,Credit Card,32.0,5.0,2025-11,2025,Thursday
ORD103451,2025-11-06,Sports,Yoga Mat,25.0,3,75.0,0.0,East,In-Store,UPI,39.0,4.0,2025-11,2025,Thursday
ORD100669,2025-11-07,Sports,Bicycle,296.65,1,296.65,0.15,West,Online,Wallet,26.0,5.0,2025-11,2025,Friday
ORD104162,2025-11-07,Home & Kitchen,Blender,33.15,1,33.15,0.15,East,Online,Wallet,22.0,2.0,2025-11,2025,Friday
ORD102037,2025-11-07,Beauty,Shampoo,11.4,1,11.4,0.05,West,Online,Credit Card,27.0,4.0,2025-11,2025,Friday
ORD101836,2025-11-07,Electronics,Tablet,296.65,1,296.65,0.15,East,In-Store,Cash,41.0,5.0,2025-11,2025,Friday
ORD104341,2025-11-07,Electronics,Smartphone,699.0,1,699.0,0.0,Central,Online,Debit Card,31.0,3.0,2025-11,2025,Friday
ORD104841,2025-11-07,Apparel,Jeans,45.0,1,45.0,0.0,North,Online,Debit Card,38.0,2.0,2025-11,2025,Friday
ORD104945,2025-11-08,Beauty,Moisturizer,19.8,1,19.8,0.1,South,Online,UPI,20.0,4.0,2025-11,2025,Saturday
ORD101401,2025-11-08,Beauty,Sunscreen,16.0,5,80.0,0.0,West,Online,UPI,24.0,2.0,2025-11,2025,Saturday
ORD101361,2025-11-08,Sports,Running Shoes,79.0,1,79.0,0.0,East,Online,Debit Card,29.0,4.0,2025-11,2025,Saturday
ORD104385,2025-11-08,Beauty,Shampoo,12.0,1,12.0,0.0,North,Online,Cash,21.0,4.0,2025-11,2025,Saturday
ORD101497,2025-11-08,Beauty,Lipstick,16.2,1,16.2,0.1,East,Online,Debit Card,34.0,4.0,2025-11,2025,Saturday
ORD103736,2025-11-08,Sports,Running Shoes,75.05,2,150.1,0.05,Central,Online,Debit Card,22.0,4.0,2025-11,2025,Saturday
ORD101920,2025-11-09,Beauty,Perfume,65.0,1,65.0,0.0,South,Online,Cash,24.0,5.0,2025-11,2025,Sunday
ORD102578,2025-11-09,Apparel,Sneakers,55.25,1,55.25,0.15,Central,Online,Debit Card,35.0,4.0,2025-11,2025,Sunday
ORD101834,2025-11-09,Home & Kitchen,Vacuum,141.55,1,141.55,0.05,Central,Online,Debit Card,32.0,2.0,2025-11,2025,Sunday
ORD104622,2025-11-09,Home & Kitchen,Blender,37.05,2,74.1,0.05,North,In-Store,Debit Card,39.0,4.0,2025-11,2025,Sunday
ORD100197,2025-11-09,Apparel,Dress,49.5,1,49.5,0.1,East,Online,UPI,32.0,3.0,2025-11,2025,Sunday
ORD102406,2025-11-09,Electronics,Tablet,349.0,1,349.0,0.0,East,Online,Debit Card,18.0,4.0,2025-11,2025,Sunday
ORD104812,2025-11-10,Apparel,Sneakers,65.0,1,65.0,0.0,Central,Online,Credit Card,26.0,1.0,2025-11,2025,Monday
ORD101579,2025-11-10,Sports,Dumbbells,40.5,4,162.0,0.1,East,Online,Credit Card,25.0,3.0,2025-11,2025,Monday
ORD103379,2025-11-10,Beauty,Sunscreen,16.0,1,16.0,0.0,Central,Online,Debit Card,30.0,4.0,2025-11,2025,Monday
ORD102235,2025-11-10,Home & Kitchen,Air Fryer,89.0,2,178.0,0.0,West,Online,Credit Card,32.0,4.0,2025-11,2025,Monday
ORD103672,2025-11-10,Apparel,Jeans,45.0,5,225.0,0.0,East,Online,Credit Card,20.0,5.0,2025-11,2025,Monday
ORD101737,2025-11-10,Sports,Bicycle,314.1,1,314.1,0.1,North,In-Store,UPI,38.0,4.0,2025-11,2025,Monday
ORD104370,2025-11-10,Electronics,Tablet,331.55,2,663.1,0.05,Central,In-Store,Cash,18.0,1.0,2025-11,2025,Monday
ORD102899,2025-11-10,Beauty,Sunscreen,16.0,1,16.0,0.0,East,In-Store,Debit Card,33.0,5.0,2025-11,2025,Monday
ORD101442,2025-11-10,Electronics,Laptop,999.0,1,999.0,0.0,East,Online,UPI,22.0,4.0,2025-11,2025,Monday
ORD102086,2025-11-11,Apparel,Sneakers,55.25,1,55.25,0.15,West,In-Store,Credit Card,43.0,3.0,2025-11,2025,Tuesday
ORD102791,2025-11-11,Home & Kitchen,Air Fryer,89.0,1,89.0,0.0,Central,In-Store,Cash,19.0,3.0,2025-11,2025,Tuesday
ORD102027,2025-11-11,Sports,Bicycle,349.0,2,698.0,0.0,South,In-Store,Credit Card,31.0,5.0,2025-11,2025,Tuesday
ORD102045,2025-11-11,Electronics,Tablet,349.0,3,1047.0,0.0,East,Online,Credit Card,32.0,5.0,2025-11,2025,Tuesday
ORD101486,2025-11-11,Electronics,Smartwatch,199.0,1,199.0,0.0,North,In-Store,Debit Card,47.0,1.0,2025-11,2025,Tuesday
ORD101352,2025-11-11,Electronics,Smartphone,594.15,1,594.15,0.15,West,Online,Cash,28.0,2.0,2025-11,2025,Tuesday
ORD100399,2025-11-11,Beauty,Moisturizer,18.7,1,18.7,0.15,West,In-Store,Credit Card,42.0,4.0,2025-11,2025,Tuesday
ORD104854,2025-11-11,Home & Kitchen,Cookware Set,109.65,1,109.65,0.15,Central,In-Store,Credit Card,39.0,3.0,2025-11,2025,Tuesday
ORD101700,2025-11-11,Electronics,Smartwatch,199.0,1,199.0,0.0,West,In-Store,Credit Card,37.0,5.0,2025-11,2025,Tuesday
ORD102318,2025-11-11,Sports,Running Shoes,79.0,1,79.0,0.0,East,Online,UPI,19.0,5.0,2025-11,2025,Tuesday
ORD100432,2025-11-12,Apparel,Jacket,80.1,1,80.1,0.1,North,In-Store,Debit Card,34.0,3.0,2025-11,2025,Wednesday
ORD104747,2025-11-12,Beauty,Lipstick,18.0,1,18.0,0.0,North,Online,Credit Card,18.0,4.0,2025-11,2025,Wednesday
ORD101874,2025-11-12,Apparel,Dress,44.0,5,220.0,0.2,South,Online,Debit Card,36.0,4.0,2025-11,2025,Wednesday
ORD100058,2025-11-12,Home & Kitchen,Cookware Set,129.0,1,129.0,0.0,West,Online,Debit Card,57.0,2.0,2025-11,2025,Wednesday
ORD103256,2025-11-12,Sports,Running Shoes,75.05,2,150.1,0.05,North,In-Store,Credit Card,34.0,5.0,2025-11,2025,Wednesday
ORD104976,2025-11-12,Home & Kitchen,Blender,39.0,1,39.0,0.0,West,In-Store,Debit Card,47.0,5.0,2025-11,2025,Wednesday
ORD101594,2025-11-12,Sports,Tent,116.1,2,232.2,0.1,West,Online,Debit Card,29.0,3.0,2025-11,2025,Wednesday
ORD101241,2025-11-13,Electronics,Tablet,349.0,1,349.0,0.0,North,In-Store,Credit Card,64.0,5.0,2025-11,2025,Thursday
ORD100628,2025-11-13,Home & Kitchen,Cookware Set,116.1,1,116.1,0.1,North,Online,Debit Card,31.0,3.0,2025-11,2025,Thursday
ORD100134,2025-11-13,Sports,Bicycle,314.1,1,314.1,0.1,North,Online,Debit Card,51.0,5.0,2025-11,2025,Thursday
ORD103584,2025-11-13,Electronics,Laptop,999.0,1,999.0,0.0,South,Online,Debit Card,31.0,5.0,2025-11,2025,Thursday
ORD100008,2025-11-14,Sports,Running Shoes,79.0,1,79.0,0.0,East,In-Store,Debit Card,33.0,4.0,2025-11,2025,Friday
ORD104770,2025-11-14,Beauty,Sunscreen,16.0,1,16.0,0.0,North,In-Store,Debit Card,48.0,5.0,2025-11,2025,Friday
ORD100934,2025-11-14,Electronics,Smartphone,699.0,2,1398.0,0.0,North,In-Store,Credit Card,47.0,5.0,2025-11,2025,Friday
ORD102468,2025-11-14,Beauty,Lipstick,14.4,1,14.4,0.2,Central,Online,Cash,42.0,3.0,2025-11,2025,Friday
ORD104062,2025-11-14,Sports,Bicycle,349.0,2,698.0,0.0,East,Online,Debit Card,47.0,2.0,2025-11,2025,Friday
ORD104415,2025-11-14,Apparel,Sneakers,65.0,1,65.0,0.0,South,Online,Debit Card,62.0,5.0,2025-11,2025,Friday
ORD101117,2025-11-14,Electronics,Headphones,49.0,3,147.0,0.0,East,In-Store,Wallet,24.0,4.0,2025-11,2025,Friday
ORD102424,2025-11-14,Sports,Yoga Mat,21.25,1,21.25,0.15,West,In-Store,Wallet,39.0,2.0,2025-11,2025,Friday
ORD104402,2025-11-15,Sports,Tent,122.55,1,122.55,0.05,Central,In-Store,Debit Card,35.0,5.0,2025-11,2025,Saturday
ORD100245,2025-11-15,Apparel,Sneakers,65.0,4,260.0,0.0,South,Online,Debit Card,32.0,5.0,2025-11,2025,Saturday
ORD101890,2025-11-15,Apparel,Jeans,42.75,5,213.75,0.05,West,Online,Credit Card,29.0,3.0,2025-11,2025,Saturday
ORD103883,2025-11-15,Sports,Bicycle,296.65,1,296.65,0.15,Central,Online,Wallet,44.0,5.0,2025-11,2025,Saturday
ORD101843,2025-11-15,Electronics,Smartphone,629.1,1,629.1,0.1,Central,Online,Credit Card,18.0,5.0,2025-11,2025,Saturday
ORD100091,2025-11-15,Sports,Dumbbells,45.0,1,45.0,0.0,South,Online,UPI,44.0,2.0,2025-11,2025,Saturday
ORD100726,2025-11-15,Beauty,Sunscreen,12.8,2,25.6,0.2,West,Online,UPI,25.0,5.0,2025-11,2025,Saturday
ORD101478,2025-11-15,Sports,Tent,122.55,1,122.55,0.05,Central,In-Store,Credit Card,33.0,2.0,2025-11,2025,Saturday
ORD100404,2025-11-15,Apparel,Jacket,89.0,1,89.0,0.0,West,Online,UPI,25.0,4.0,2025-11,2025,Saturday
ORD104990,2025-11-15,Electronics,Headphones,49.0,2,98.0,0.0,South,Online,Debit Card,34.0,4.0,2025-11,2025,Saturday
ORD104472,2025-11-15,Sports,Yoga Mat,25.0,1,25.0,0.0,Central,Online,Debit Card,49.0,1.0,2025-11,2025,Saturday
ORD100503,2025-11-16,Electronics,Laptop,949.05,1,949.05,0.05,West,In-Store,Debit Card,18.0,4.0,2025-11,2025,Sunday
ORD104361,2025-11-16,Beauty,Moisturizer,22.0,1,22.0,0.0,West,Online,Wallet,39.0,5.0,2025-11,2025,Sunday
ORD104774,2025-11-16,Apparel,Jacket,80.1,1,80.1,0.1,West,Online,Credit Card,18.0,2.0,2025-11,2025,Sunday
ORD101693,2025-11-16,Sports,Tent,122.55,1,122.55,0.05,North,Online,Debit Card,18.0,5.0,2025-11,2025,Sunday
ORD104423,2025-11-16,Electronics,Smartwatch,199.0,1,199.0,0.0,North,In-Store,Cash,42.0,5.0,2025-11,2025,Sunday
ORD103273,2025-11-16,Beauty,Perfume,58.5,2,117.0,0.1,North,In-Store,Credit Card,41.0,3.0,2025-11,2025,Sunday
ORD103663,2025-11-16,Home & Kitchen,Blender,39.0,1,39.0,0.0,Central,Online,Debit Card,26.0,4.0,2025-11,2025,Sunday
ORD102309,2025-11-16,Beauty,Shampoo,11.4,2,22.8,0.05,Central,Online,Credit Card,31.0,5.0,2025-11,2025,Sunday
ORD103860,2025-11-16,Home & Kitchen,Air Fryer,80.1,1,80.1,0.1,South,Online,Debit Card,26.0,3.0,2025-11,2025,Sunday
ORD100858,2025-11-17,Sports,Bicycle,349.0,3,1047.0,0.0,East,In-Store,Wallet,38.0,5.0,2025-11,2025,Monday
ORD103807,2025-11-17,Electronics,Laptop,949.05,1,949.05,0.05,East,In-Store,Credit Card,20.0,4.0,2025-11,2025,Monday
ORD102874,2025-11-17,Sports,Tent,109.65,1,109.65,0.15,South,In-Store,Credit Card,23.0,3.0,2025-11,2025,Monday
ORD103143,2025-11-17,Apparel,Jacket,89.0,1,89.0,0.0,East,In-Store,Debit Card,26.0,4.0,2025-11,2025,Monday
ORD104382,2025-11-17,Beauty,Sunscreen,16.0,1,16.0,0.0,West,In-Store,Credit Card,51.0,3.0,2025-11,2025,Monday
ORD103954,2025-11-17,Electronics,Laptop,999.0,1,999.0,0.0,West,Online,Debit Card,18.0,5.0,2025-11,2025,Monday
ORD104541,2025-11-17,Electronics,Tablet,349.0,1,349.0,0.0,South,Online,Credit Card,38.0,4.0,2025-11,2025,Monday
ORD103536,2025-11-17,Beauty,Sunscreen,14.4,1,14.4,0.1,Central,Online,Credit Card,43.0,5.0,2025-11,2025,Monday
ORD103018,2025-11-18,Electronics,Tablet,349.0,1,349.0,0.0,West,Online,UPI,49.0,4.0,2025-11,2025,Tuesday
ORD104347,2025-11-18,Home & Kitchen,Blender,39.0,1,39.0,0.0,Central,In-Store,Credit Card,26.0,4.0,2025-11,2025,Tuesday
ORD104410,2025-11-18,Sports,Tent,129.0,2,258.0,0.0,East,Online,Credit Card,23.0,4.0,2025-11,2025,Tuesday
ORD104641,2025-11-18,Beauty,Lipstick,16.2,1,16.2,0.1,East,In-Store,Wallet,38.0,3.0,2025-11,2025,Tuesday
ORD100908,2025-11-18,Home & Kitchen,Cookware Set,129.0,1,129.0,0.0,South,Online,UPI,27.0,5.0,2025-11,2025,Tuesday
ORD104832,2025-11-18,Beauty,Shampoo,11.4,1,11.4,0.05,East,In-Store,Debit Card,31.0,4.0,2025-11,2025,Tuesday
ORD104601,2025-11-19,Home & Kitchen,Coffee Maker,53.1,1,53.1,0.1,East,In-Store,Credit Card,40.0,3.0,2025-11,2025,Wednesday
ORD103084,2025-11-19,Electronics,Smartphone,629.1,5,3145.5,0.1,South,Online,Debit Card,32.0,4.0,2025-11,2025,Wednesday
ORD100219,2025-11-19,Sports,Bicycle,331.55,2,663.1,0.05,East,In-Store,Credit Card,27.0,4.0,2025-11,2025,Wednesday
ORD101550,2025-11-19,Electronics,Tablet,331.55,1,331.55,0.05,Central,In-Store,Debit Card,18.0,5.0,2025-11,2025,Wednesday
ORD103073,2025-11-20,Electronics,Smartphone,699.0,2,1398.0,0.0,Central,In-Store,Credit Card,47.0,4.0,2025-11,2025,Thursday
ORD104340,2025-11-20,Electronics,Smartphone,559.2,2,1118.4,0.2,East,Online,Wallet,19.0,5.0,2025-11,2025,Thursday
ORD101554,2025-11-20,Electronics,Laptop,949.05,1,949.05,0.05,South,Online,Cash,52.0,4.0,2025-11,2025,Thursday
ORD102794,2025-11-20,Apparel,Jacket,89.0,6,534.0,0.0,South,Online,Credit Card,38.0,3.0,2025-11,2025,Thursday
ORD101626,2025-11-20,Beauty,Sunscreen,14.4,1,14.4,0.1,West,In-Store,Credit Card,39.0,4.0,2025-11,2025,Thursday
ORD102426,2025-11-20,Electronics,Smartphone,664.05,1,664.05,0.05,South,In-Store,Debit Card,36.0,2.0,2025-11,2025,Thursday
ORD102313,2025-11-20,Home & Kitchen,Blender,33.15,2,66.3,0.15,North,Online,Credit Card,37.0,5.0,2025-11,2025,Thursday
ORD101031,2025-11-20,Beauty,Perfume,65.0,1,65.0,0.0,North,Online,Debit Card,37.0,5.0,2025-11,2025,Thursday
ORD100449,2025-11-20,Sports,Yoga Mat,23.75,1,23.75,0.05,Central,In-Store,Wallet,29.0,5.0,2025-11,2025,Thursday
ORD103395,2025-11-21,Sports,Running Shoes,79.0,1,79.0,0.0,West,Online,Credit Card,54.0,3.0,2025-11,2025,Friday
ORD100035,2025-11-21,Electronics,Headphones,46.55,1,46.55,0.05,West,Online,Credit Card,46.0,2.0,2025-11,2025,Friday
ORD104024,2025-11-21,Electronics,Smartwatch,199.0,4,796.0,0.0,West,Online,Wallet,18.0,5.0,2025-11,2025,Friday
ORD101245,2025-11-21,Home & Kitchen,Coffee Maker,56.05,1,56.05,0.05,West,Online,Debit Card,18.0,4.0,2025-11,2025,Friday
ORD100624,2025-11-21,Apparel,Sneakers,65.0,5,325.0,0.0,North,Online,Debit Card,18.0,5.0,2025-11,2025,Friday
ORD101845,2025-11-21,Home & Kitchen,Cookware Set,122.55,1,122.55,0.05,South,In-Store,Debit Card,44.0,5.0,2025-11,2025,Friday
ORD102353,2025-11-22,Sports,Dumbbells,45.0,1,45.0,0.0,East,In-Store,Debit Card,37.0,5.0,2025-11,2025,Saturday
ORD103637,2025-11-22,Beauty,Perfume,55.25,1,55.25,0.15,East,Online,Wallet,43.0,4.0,2025-11,2025,Saturday
ORD103647,2025-11-22,Home & Kitchen,Cookware Set,129.0,1,129.0,0.0,West,Online,UPI,37.0,5.0,2025-11,2025,Saturday
ORD104743,2025-11-22,Apparel,Jeans,45.0,1,45.0,0.0,South,Online,UPI,18.0,5.0,2025-11,2025,Saturday
ORD101531,2025-11-22,Home & Kitchen,Blender,37.05,1,37.05,0.05,South,In-Store,Credit Card,24.0,3.0,2025-11,2025,Saturday
ORD103371,2025-11-22,Sports,Bicycle,331.55,1,331.55,0.05,East,In-Store,Credit Card,41.0,2.0,2025-11,2025,Saturday
ORD103120,2025-11-22,Beauty,Moisturizer,19.8,2,39.6,0.1,East,Online,Credit Card,32.0,3.0,2025-11,2025,Saturday
ORD100060,2025-11-22,Apparel,Dress,55.0,1,55.0,0.0,South,In-Store,Credit Card,44.0,5.0,2025-11,2025,Saturday
ORD101406,2025-11-22,Beauty,Sunscreen,16.0,1,16.0,0.0,North,Online,Credit Card,27.0,3.0,2025-11,2025,Saturday
ORD104887,2025-11-22,Beauty,Perfume,65.0,1,65.0,0.0,South,Online,Credit Card,47.0,4.0,2025-11,2025,Saturday
ORD101673,2025-11-23,Home & Kitchen,Coffee Maker,59.0,1,59.0,0.0,North,In-Store,Debit Card,56.0,5.0,2025-11,2025,Sunday
ORD102320,2025-11-23,Home & Kitchen,Air Fryer,89.0,1,89.0,0.0,East,Online,Credit Card,46.0,2.0,2025-11,2025,Sunday
ORD102696,2025-11-23,Sports,Yoga Mat,23.75,1,23.75,0.05,East,In-Store,Debit Card,37.0,4.0,2025-11,2025,Sunday
ORD100585,2025-11-23,Beauty,Perfume,65.0,2,130.0,0.0,North,In-Store,Debit Card,34.0,4.0,2025-11,2025,Sunday
ORD104828,2025-11-23,Home & Kitchen,Cookware Set,129.0,2,258.0,0.0,East,Online,Credit Card,25.0,2.0,2025-11,2025,Sunday
ORD104514,2025-11-24,Sports,Tent,122.55,3,367.65,0.05,South,Online,Debit Card,60.0,5.0,2025-11,2025,Monday
ORD103630,2025-11-24,Apparel,T-Shirt,15.0,1,15.0,0.0,Central,In-Store,Credit Card,33.0,3.0,2025-11,2025,Monday
ORD104075,2025-11-24,Electronics,Laptop,949.05,1,949.05,0.05,South,Online,Wallet,42.0,4.0,2025-11,2025,Monday
ORD101590,2025-11-24,Sports,Bicycle,349.0,5,1745.0,0.0,South,Online,UPI,42.0,4.0,2025-11,2025,Monday
ORD101825,2025-11-24,Beauty,Perfume,65.0,1,65.0,0.0,North,Online,Wallet,35.0,4.0,2025-11,2025,Monday
ORD101322,2025-11-24,Electronics,Laptop,949.05,2,1898.1,0.05,South,Online,Credit Card,25.0,4.0,2025-11,2025,Monday
ORD101030,2025-11-24,Electronics,Headphones,44.1,1,44.1,0.1,Central,Online,Credit Card,18.0,5.0,2025-11,2025,Monday
ORD103701,2025-11-25,Beauty,Lipstick,18.0,2,36.0,0.0,East,Online,Credit Card,43.0,4.0,2025-11,2025,Tuesday
ORD102574,2025-11-25,Home & Kitchen,Air Fryer,75.65,1,75.65,0.15,North,Online,UPI,38.0,4.0,2025-11,2025,Tuesday
ORD101470,2025-11-25,Electronics,Headphones,39.2,2,78.4,0.2,Central,Online,Credit Card,53.0,4.0,2025-11,2025,Tuesday
ORD104416,2025-11-25,Beauty,Shampoo,12.0,4,48.0,0.0,Central,In-Store,UPI,35.0,5.0,2025-11,2025,Tuesday
ORD100623,2025-11-26,Apparel,Jeans,40.5,1,40.5,0.1,North,In-Store,Cash,44.0,5.0,2025-11,2025,Wednesday
ORD103615,2025-11-27,Apparel,Dress,49.5,2,99.0,0.1,East,Online,Debit Card,33.0,5.0,2025-11,2025,Thursday
ORD102989,2025-11-27,Apparel,Dress,49.5,3,148.5,0.1,West,In-Store,Credit Card,33.0,3.0,2025-11,2025,Thursday
ORD104608,2025-11-27,Beauty,Sunscreen,16.0,2,32.0,0.0,South,Online,Credit Card,25.0,5.0,2025-11,2025,Thursday
ORD104654,2025-11-27,Electronics,Smartphone,629.1,2,1258.2,0.1,East,Online,Credit Card,18.0,4.0,2025-11,2025,Thursday
ORD101007,2025-11-27,Electronics,Smartwatch,199.0,1,199.0,0.0,South,Online,Debit Card,18.0,5.0,2025-11,2025,Thursday
ORD102072,2025-11-27,Beauty,Shampoo,12.0,1,12.0,0.0,East,In-Store,Credit Card,33.0,5.0,2025-11,2025,Thursday
ORD103769,2025-11-27,Beauty,Lipstick,16.2,4,64.8,0.1,West,In-Store,UPI,30.0,5.0,2025-11,2025,Thursday
ORD100780,2025-11-27,Home & Kitchen,Vacuum,149.0,2,298.0,0.0,North,In-Store,UPI,31.0,4.0,2025-11,2025,Thursday
ORD103611,2025-11-27,Beauty,Moisturizer,22.0,1,22.0,0.0,South,Online,UPI,19.0,5.0,2025-11,2025,Thursday
ORD103867,2025-11-27,Sports,Running Shoes,67.15,1,67.15,0.15,North,In-Store,Debit Card,30.0,5.0,2025-11,2025,Thursday
ORD103263,2025-11-28,Sports,Running Shoes,79.0,1,79.0,0.0,North,Online,Cash,29.0,3.0,2025-11,2025,Friday
ORD101362,2025-11-28,Apparel,Jeans,42.75,2,85.5,0.05,East,Online,Credit Card,18.0,4.0,2025-11,2025,Friday
ORD100183,2025-11-28,Apparel,Dress,52.25,2,104.5,0.05,South,Online,Debit Card,28.0,5.0,2025-11,2025,Friday
ORD104578,2025-11-28,Electronics,Headphones,49.0,1,49.0,0.0,Central,Online,Wallet,25.0,5.0,2025-11,2025,Friday
ORD103955,2025-11-28,Electronics,Smartphone,629.1,1,629.1,0.1,North,In-Store,Wallet,22.0,5.0,2025-11,2025,Friday
ORD101277,2025-11-28,Sports,Dumbbells,45.0,1,45.0,0.0,East,In-Store,UPI,41.0,5.0,2025-11,2025,Friday
ORD102805,2025-11-28,Beauty,Lipstick,18.0,1,18.0,0.0,North,Online,Wallet,64.0,4.0,2025-11,2025,Friday
ORD101892,2025-11-28,Home & Kitchen,Blender,33.15,1,33.15,0.15,Central,In-Store,Wallet,55.0,3.0,2025-11,2025,Friday
ORD104008,2025-11-28,Home & Kitchen,Vacuum,119.2,1,119.2,0.2,Central,Online,Credit Card,46.0,5.0,2025-11,2025,Friday
ORD100028,2025-11-28,Apparel,T-Shirt,12.0,2,24.0,0.2,North,Online,Cash,23.0,4.0,2025-11,2025,Friday
ORD104921,2025-11-28,Electronics,Laptop,999.0,1,999.0,0.0,East,In-Store,UPI,19.0,4.0,2025-11,2025,Friday
ORD101770,2025-11-29,Apparel,Sneakers,65.0,4,260.0,0.0,East,Online,Cash,46.0,4.0,2025-11,2025,Saturday
ORD103134,2025-11-29,Apparel,T-Shirt,14.25,2,28.5,0.05,Central,In-Store,UPI,28.0,4.0,2025-11,2025,Saturday
ORD101559,2025-11-29,Beauty,Sunscreen,15.2,1,15.2,0.05,West,Online,Credit Card,34.0,3.0,2025-11,2025,Saturday
ORD102585,2025-11-29,Sports,Bicycle,349.0,2,698.0,0.0,West,In-Store,Credit Card,34.0,5.0,2025-11,2025,Saturday
ORD101556,2025-11-29,Apparel,Jacket,84.55,2,169.1,0.05,North,In-Store,UPI,39.0,4.0,2025-11,2025,Saturday
ORD101381,2025-11-29,Electronics,Laptop,949.05,2,1898.1,0.05,East,Online,Debit Card,32.0,4.0,2025-11,2025,Saturday
ORD102166,2025-11-29,Sports,Running Shoes,71.1,1,71.1,0.1,North,Online,Credit Card,19.0,5.0,2025-11,2025,Saturday
ORD102307,2025-11-29,Apparel,Sneakers,65.0,2,130.0,0.0,West,Online,Debit Card,31.0,5.0,2025-11,2025,Saturday
ORD101210,2025-11-29,Beauty,Moisturizer,22.0,1,22.0,0.0,West,Online,Debit Card,33.0,5.0,2025-11,2025,Saturday
ORD103026,2025-11-29,Home & Kitchen,Cookware Set,116.1,2,232.2,0.1,West,Online,Debit Card,34.0,4.0,2025-11,2025,Saturday
ORD103920,2025-11-30,Sports,Yoga Mat,25.0,1,25.0,0.0,South,In-Store,UPI,42.0,4.0,2025-11,2025,Sunday
ORD100086,2025-11-30,Beauty,Sunscreen,13.6,1,13.6,0.15,South,Online,Credit Card,28.0,5.0,2025-11,2025,Sunday
ORD100280,2025-11-30,Electronics,Tablet,349.0,2,698.0,0.0,Central,Online,Credit Card,48.0,5.0,2025-11,2025,Sunday
ORD104890,2025-11-30,Sports,Bicycle,331.55,2,663.1,0.05,East,Online,Credit Card,30.0,5.0,2025-11,2025,Sunday
ORD103780,2025-11-30,Beauty,Lipstick,18.0,1,18.0,0.0,Central,Online,Wallet,40.0,5.0,2025-11,2025,Sunday
ORD104708,2025-11-30,Electronics,Smartwatch,179.1,1,179.1,0.1,West,Online,Credit Card,24.0,3.0,2025-11,2025,Sunday
ORD104999,2025-12-01,Home & Kitchen,Vacuum,141.55,1,141.55,0.05,Central,In-Store,Debit Card,37.0,4.0,2025-12,2025,Monday
ORD104035,2025-12-01,Electronics,Headphones,46.55,1,46.55,0.05,Central,Online,Credit Card,36.0,5.0,2025-12,2025,Monday
ORD104315,2025-12-01,Apparel,Dress,55.0,1,55.0,0.0,East,Online,Debit Card,36.0,4.0,2025-12,2025,Monday
ORD102503,2025-12-01,Electronics,Smartwatch,189.05,2,378.1,0.05,North,Online,Credit Card,18.0,5.0,2025-12,2025,Monday
ORD102566,2025-12-02,Electronics,Tablet,296.65,1,296.65,0.15,Central,Online,Credit Card,37.0,4.0,2025-12,2025,Tuesday
ORD100681,2025-12-02,Apparel,Sneakers,52.0,1,52.0,0.2,North,In-Store,Debit Card,18.0,5.0,2025-12,2025,Tuesday
ORD104217,2025-12-02,Electronics,Headphones,41.65,1,41.65,0.15,East,Online,UPI,45.0,4.0,2025-12,2025,Tuesday
ORD101185,2025-12-02,Electronics,Smartphone,629.1,1,629.1,0.1,North,Online,Cash,57.0,4.0,2025-12,2025,Tuesday
ORD104961,2025-12-02,Electronics,Smartphone,629.1,1,629.1,0.1,South,Online,Debit Card,32.0,3.0,2025-12,2025,Tuesday
ORD101127,2025-12-02,Apparel,T-Shirt,12.75,2,25.5,0.15,South,Online,Wallet,32.0,5.0,2025-12,2025,Tuesday
ORD100893,2025-12-02,Sports,Bicycle,349.0,1,349.0,0.0,East,In-Store,Debit Card,44.0,5.0,2025-12,2025,Tuesday
ORD101168,2025-12-02,Home & Kitchen,Coffee Maker,53.1,1,53.1,0.1,West,Online,Credit Card,41.0,5.0,2025-12,2025,Tuesday
ORD100005,2025-12-02,Beauty,Lipstick,16.2,2,32.4,0.1,South,In-Store,UPI,48.0,4.0,2025-12,2025,Tuesday
ORD104302,2025-12-03,Home & Kitchen,Vacuum,134.1,1,134.1,0.1,East,Online,Wallet,32.0,3.0,2025-12,2025,Wednesday
ORD103643,2025-12-03,Electronics,Smartphone,629.1,1,629.1,0.1,Central,In-Store,UPI,24.0,2.0,2025-12,2025,Wednesday
ORD104026,2025-12-03,Apparel,Dress,55.0,3,165.0,0.0,West,Online,UPI,39.0,5.0,2025-12,2025,Wednesday
ORD103129,2025-12-03,Sports,Yoga Mat,22.5,1,22.5,0.1,Central,Online,UPI,36.0,2.0,2025-12,2025,Wednesday
ORD101051,2025-12-04,Apparel,Dress,55.0,2,110.0,0.0,East,Online,Wallet,56.0,4.0,2025-12,2025,Thursday
ORD100707,2025-12-04,Beauty,Sunscreen,15.2,1,15.2,0.05,North,Online,Debit Card,40.0,4.0,2025-12,2025,Thursday
ORD102197,2025-12-04,Apparel,Jacket,89.0,1,89.0,0.0,Central,Online,Credit Card,18.0,5.0,2025-12,2025,Thursday
ORD100220,2025-12-04,Sports,Yoga Mat,25.0,1,25.0,0.0,Central,Online,Cash,46.0,4.0,2025-12,2025,Thursday
ORD100140,2025-12-04,Home & Kitchen,Air Fryer,75.65,5,378.25,0.15,Central,Online,UPI,31.0,4.0,2025-12,2025,Thursday
ORD100807,2025-12-04,Apparel,T-Shirt,15.0,1,15.0,0.0,Central,In-Store,UPI,22.0,5.0,2025-12,2025,Thursday
ORD101715,2025-12-04,Beauty,Lipstick,17.1,1,17.1,0.05,North,Online,Cash,38.0,5.0,2025-12,2025,Thursday
ORD101163,2025-12-05,Beauty,Perfume,61.75,3,185.25,0.05,South,Online,UPI,32.0,3.0,2025-12,2025,Friday
ORD102479,2025-12-05,Electronics,Smartwatch,159.2,4,636.8,0.2,East,Online,Credit Card,27.0,1.0,2025-12,2025,Friday
ORD100550,2025-12-05,Electronics,Smartphone,699.0,3,2097.0,0.0,Central,In-Store,Credit Card,22.0,4.0,2025-12,2025,Friday
ORD101800,2025-12-05,Apparel,Jacket,84.55,1,84.55,0.05,East,In-Store,UPI,23.0,4.0,2025-12,2025,Friday
ORD101099,2025-12-05,Sports,Tent,103.2,1,103.2,0.2,West,Online,Credit Card,22.0,5.0,2025-12,2025,Friday
ORD103004,2025-12-06,Beauty,Moisturizer,22.0,2,44.0,0.0,North,Online,Wallet,33.0,4.0,2025-12,2025,Saturday
ORD103344,2025-12-06,Electronics,Smartphone,594.15,1,594.15,0.15,North,In-Store,Credit Card,21.0,4.0,2025-12,2025,Saturday
ORD100653,2025-12-06,Home & Kitchen,Vacuum,134.1,2,268.2,0.1,Central,In-Store,Cash,19.0,4.0,2025-12,2025,Saturday
ORD102756,2025-12-06,Apparel,Sneakers,55.25,1,55.25,0.15,West,In-Store,UPI,27.0,5.0,2025-12,2025,Saturday
ORD104237,2025-12-06,Sports,Yoga Mat,25.0,1,25.0,0.0,East,Online,Credit Card,53.0,4.0,2025-12,2025,Saturday
ORD103747,2025-12-06,Apparel,Jacket,71.2,1,71.2,0.2,North,Online,Credit Card,39.0,1.0,2025-12,2025,Saturday
ORD102018,2025-12-06,Beauty,Perfume,55.25,1,55.25,0.15,North,Online,Credit Card,32.0,3.0,2025-12,2025,Saturday
ORD100665,2025-12-06,Sports,Yoga Mat,25.0,1,25.0,0.0,Central,Online,Credit Card,42.0,4.0,2025-12,2025,Saturday
ORD102250,2025-12-07,Home & Kitchen,Blender,33.15,1,33.15,0.15,North,Online,Wallet,58.0,3.0,2025-12,2025,Sunday
ORD100118,2025-12-07,Apparel,Jacket,89.0,1,89.0,0.0,Central,In-Store,Debit Card,44.0,3.0,2025-12,2025,Sunday
ORD100802,2025-12-07,Apparel,Jacket,89.0,1,89.0,0.0,South,In-Store,Wallet,25.0,3.0,2025-12,2025,Sunday
ORD103275,2025-12-07,Beauty,Perfume,61.75,3,185.25,0.05,West,Online,Credit Card,21.0,1.0,2025-12,2025,Sunday
ORD102211,2025-12-07,Electronics,Tablet,349.0,1,349.0,0.0,East,Online,Debit Card,47.0,4.0,2025-12,2025,Sunday
ORD104166,2025-12-07,Apparel,Sneakers,61.75,1,61.75,0.05,West,In-Store,UPI,51.0,5.0,2025-12,2025,Sunday
ORD101790,2025-12-08,Home & Kitchen,Cookware Set,116.1,2,232.2,0.1,East,Online,UPI,33.0,3.0,2025-12,2025,Monday
ORD100459,2025-12-08,Apparel,Jeans,40.5,1,40.5,0.1,South,Online,Wallet,35.0,5.0,2025-12,2025,Monday
ORD103003,2025-12-08,Beauty,Shampoo,12.0,5,60.0,0.0,West,Online,UPI,51.0,5.0,2025-12,2025,Monday
ORD100195,2025-12-08,Home & Kitchen,Vacuum,126.65,1,126.65,0.15,Central,Online,Debit Card,47.0,4.0,2025-12,2025,Monday
ORD102512,2025-12-09,Sports,Running Shoes,79.0,2,158.0,0.0,East,In-Store,Debit Card,43.0,5.0,2025-12,2025,Tuesday
ORD100516,2025-12-09,Beauty,Moisturizer,22.0,1,22.0,0.0,East,Online,Credit Card,37.0,3.0,2025-12,2025,Tuesday
ORD101329,2025-12-09,Beauty,Perfume,61.75,2,123.5,0.05,North,Online,Wallet,25.0,1.0,2025-12,2025,Tuesday
ORD104672,2025-12-09,Sports,Yoga Mat,25.0,2,50.0,0.0,North,Online,Credit Card,39.0,1.0,2025-12,2025,Tuesday
ORD103801,2025-12-09,Beauty,Perfume,65.0,1,65.0,0.0,Central,Online,Credit Card,29.0,3.0,2025-12,2025,Tuesday
ORD104882,2025-12-09,Sports,Bicycle,349.0,1,349.0,0.0,South,In-Store,UPI,42.0,4.0,2025-12,2025,Tuesday
ORD104794,2025-12-10,Electronics,Tablet,349.0,2,698.0,0.0,Central,Online,Credit Card,41.0,1.0,2025-12,2025,Wednesday
ORD103009,2025-12-10,Home & Kitchen,Air Fryer,89.0,1,89.0,0.0,North,Online,UPI,38.0,4.0,2025-12,2025,Wednesday
ORD101019,2025-12-10,Electronics,Smartwatch,199.0,4,796.0,0.0,East,In-Store,Debit Card,24.0,4.0,2025-12,2025,Wednesday
ORD102948,2025-12-10,Apparel,Jeans,45.0,1,45.0,0.0,South,In-Store,UPI,35.0,5.0,2025-12,2025,Wednesday
ORD103159,2025-12-10,Apparel,Jacket,80.1,2,160.2,0.1,South,Online,Credit Card,48.0,4.0,2025-12,2025,Wednesday
ORD102678,2025-12-11,Electronics,Laptop,899.1,2,1798.2,0.1,East,In-Store,Debit Card,43.0,5.0,2025-12,2025,Thursday
ORD100105,2025-12-11,Home & Kitchen,Blender,39.0,1,39.0,0.0,Central,In-Store,Credit Card,45.0,2.0,2025-12,2025,Thursday
ORD101640,2025-12-11,Sports,Tent,129.0,3,387.0,0.0,South,Online,Debit Card,37.0,5.0,2025-12,2025,Thursday
ORD101073,2025-12-11,Apparel,T-Shirt,15.0,1,15.0,0.0,North,Online,Debit Card,30.0,4.0,2025-12,2025,Thursday
ORD100874,2025-12-11,Beauty,Sunscreen,14.4,1,14.4,0.1,West,Online,Debit Card,54.0,5.0,2025-12,2025,Thursday
ORD104731,2025-12-11,Beauty,Lipstick,15.3,3,45.9,0.15,Central,Online,Cash,50.0,3.0,2025-12,2025,Thursday
ORD103164,2025-12-12,Beauty,Shampoo,11.4,1,11.4,0.05,South,Online,Credit Card,33.0,4.0,2025-12,2025,Friday
ORD102636,2025-12-12,Sports,Bicycle,349.0,5,1745.0,0.0,Central,Online,Credit Card,31.0,4.0,2025-12,2025,Friday
ORD100695,2025-12-12,Electronics,Smartphone,699.0,2,1398.0,0.0,East,Online,Credit Card,42.0,5.0,2025-12,2025,Friday
ORD101597,2025-12-12,Apparel,Dress,52.25,2,104.5,0.05,South,Online,Cash,49.0,3.0,2025-12,2025,Friday
ORD104805,2025-12-12,Electronics,Tablet,349.0,1,349.0,0.0,Central,Online,UPI,18.0,4.0,2025-12,2025,Friday
ORD101932,2025-12-13,Apparel,Dress,55.0,1,55.0,0.0,West,Online,Cash,30.0,4.0,2025-12,2025,Saturday
ORD104782,2025-12-13,Apparel,Jacket,89.0,1,89.0,0.0,North,In-Store,Debit Card,38.0,5.0,2025-12,2025,Saturday
ORD103906,2025-12-13,Sports,Yoga Mat,25.0,2,50.0,0.0,North,Online,Credit Card,35.0,5.0,2025-12,2025,Saturday
ORD104971,2025-12-14,Home & Kitchen,Coffee Maker,53.1,1,53.1,0.1,North,Online,Credit Card,34.0,4.0,2025-12,2025,Sunday
ORD102557,2025-12-14,Beauty,Perfume,65.0,1,65.0,0.0,South,In-Store,Cash,53.0,5.0,2025-12,2025,Sunday
ORD100123,2025-12-14,Beauty,Moisturizer,22.0,1,22.0,0.0,North,In-Store,Credit Card,20.0,5.0,2025-12,2025,Sunday
ORD102446,2025-12-14,Electronics,Smartphone,629.1,1,629.1,0.1,South,In-Store,Debit Card,42.0,4.0,2025-12,2025,Sunday
ORD101052,2025-12-14,Electronics,Headphones,49.0,1,49.0,0.0,South,Online,UPI,18.0,5.0,2025-12,2025,Sunday
ORD104820,2025-12-14,Apparel,Dress,52.25,1,52.25,0.05,South,Online,Credit Card,59.0,2.0,2025-12,2025,Sunday
ORD100607,2025-12-14,Sports,Yoga Mat,20.0,2,40.0,0.2,North,In-Store,Credit Card,39.0,5.0,2025-12,2025,Sunday
ORD100171,2025-12-15,Sports,Bicycle,349.0,1,349.0,0.0,Central,Online,UPI,31.0,4.0,2025-12,2025,Monday
ORD101824,2025-12-15,Apparel,Jeans,45.0,1,45.0,0.0,West,In-Store,Credit Card,39.0,4.0,2025-12,2025,Monday
ORD101515,2025-12-15,Sports,Bicycle,331.55,1,331.55,0.05,West,Online,Wallet,39.0,5.0,2025-12,2025,Monday
ORD101427,2025-12-15,Beauty,Moisturizer,19.8,4,79.2,0.1,Central,Online,Credit Card,35.0,4.0,2025-12,2025,Monday
ORD100471,2025-12-15,Home & Kitchen,Blender,35.1,1,35.1,0.1,North,Online,Credit Card,43.0,4.0,2025-12,2025,Monday
ORD102328,2025-12-15,Electronics,Headphones,49.0,1,49.0,0.0,West,Online,Cash,32.0,3.0,2025-12,2025,Monday
ORD102821,2025-12-15,Home & Kitchen,Cookware Set,122.55,1,122.55,0.05,South,In-Store,Debit Card,33.0,4.0,2025-12,2025,Monday
ORD100145,2025-12-15,Electronics,Smartwatch,199.0,3,597.0,0.0,South,Online,UPI,32.0,4.0,2025-12,2025,Monday
ORD103827,2025-12-15,Home & Kitchen,Cookware Set,129.0,1,129.0,0.0,North,Online,Credit Card,42.0,3.0,2025-12,2025,Monday
ORD104282,2025-12-16,Home & Kitchen,Coffee Maker,53.1,1,53.1,0.1,South,In-Store,Wallet,38.0,4.0,2025-12,2025,Tuesday
ORD102484,2025-12-16,Sports,Bicycle,314.1,1,314.1,0.1,West,Online,Credit Card,38.0,4.0,2025-12,2025,Tuesday
ORD103268,2025-12-16,Electronics,Tablet,349.0,1,349.0,0.0,West,In-Store,Credit Card,51.0,5.0,2025-12,2025,Tuesday
ORD101136,2025-12-16,Sports,Tent,116.1,2,232.2,0.1,West,Online,Debit Card,41.0,3.0,2025-12,2025,Tuesday
ORD100125,2025-12-16,Electronics,Smartphone,664.05,2,1328.1,0.05,East,In-Store,Debit Card,44.0,5.0,2025-12,2025,Tuesday
ORD100551,2025-12-16,Apparel,Jacket,89.0,5,445.0,0.0,West,Online,UPI,18.0,3.0,2025-12,2025,Tuesday
ORD101360,2025-12-16,Sports,Yoga Mat,20.0,3,60.0,0.2,Central,In-Store,Credit Card,37.0,4.0,2025-12,2025,Tuesday
ORD103334,2025-12-16,Sports,Yoga Mat,22.5,1,22.5,0.1,West,In-Store,Debit Card,29.0,5.0,2025-12,2025,Tuesday
ORD101963,2025-12-16,Apparel,T-Shirt,13.5,1,13.5,0.1,East,Online,UPI,20.0,5.0,2025-12,2025,Tuesday
ORD103507,2025-12-17,Home & Kitchen,Vacuum,141.55,2,283.1,0.05,South,Online,Debit Card,32.0,5.0,2025-12,2025,Wednesday
ORD104379,2025-12-17,Beauty,Lipstick,18.0,2,36.0,0.0,North,In-Store,Cash,30.0,4.0,2025-12,2025,Wednesday
ORD101336,2025-12-17,Apparel,Jacket,89.0,2,178.0,0.0,East,In-Store,Credit Card,18.0,4.0,2025-12,2025,Wednesday
ORD100350,2025-12-17,Beauty,Lipstick,18.0,1,18.0,0.0,North,Online,Credit Card,42.0,5.0,2025-12,2025,Wednesday
ORD104573,2025-12-17,Sports,Bicycle,314.1,1,314.1,0.1,North,Online,Cash,33.0,5.0,2025-12,2025,Wednesday
ORD100723,2025-12-17,Electronics,Headphones,46.55,1,46.55,0.05,East,Online,Credit Card,46.0,5.0,2025-12,2025,Wednesday
ORD102311,2025-12-17,Home & Kitchen,Coffee Maker,56.05,1,56.05,0.05,East,Online,Debit Card,38.0,5.0,2025-12,2025,Wednesday
ORD100526,2025-12-17,Apparel,Dress,55.0,2,110.0,0.0,East,In-Store,Credit Card,31.0,4.0,2025-12,2025,Wednesday
ORD101552,2025-12-18,Beauty,Shampoo,9.6,1,9.6,0.2,East,Online,Debit Card,32.0,4.0,2025-12,2025,Thursday
ORD102167,2025-12-18,Home & Kitchen,Vacuum,141.55,1,141.55,0.05,West,Online,Debit Card,18.0,4.0,2025-12,2025,Thursday
ORD103416,2025-12-18,Sports,Running Shoes,71.1,2,142.2,0.1,West,Online,Credit Card,43.0,3.0,2025-12,2025,Thursday
ORD104475,2025-12-18,Beauty,Moisturizer,22.0,1,22.0,0.0,Central,Online,UPI,37.0,1.0,2025-12,2025,Thursday
ORD103609,2025-12-19,Beauty,Shampoo,12.0,1,12.0,0.0,West,Online,UPI,47.0,5.0,2025-12,2025,Friday
ORD104919,2025-12-19,Sports,Bicycle,314.1,1,314.1,0.1,North,In-Store,Credit Card,26.0,5.0,2025-12,2025,Friday
ORD101929,2025-12-19,Home & Kitchen,Air Fryer,75.65,1,75.65,0.15,South,In-Store,Debit Card,35.0,5.0,2025-12,2025,Friday
ORD102881,2025-12-19,Home & Kitchen,Vacuum,149.0,2,298.0,0.0,South,Online,Credit Card,34.0,4.0,2025-12,2025,Friday
ORD103054,2025-12-20,Sports,Bicycle,349.0,1,349.0,0.0,West,In-Store,UPI,21.0,4.0,2025-12,2025,Saturday
ORD100354,2025-12-20,Apparel,Jeans,45.0,2,90.0,0.0,North,Online,Wallet,44.0,3.0,2025-12,2025,Saturday
ORD104679,2025-12-20,Electronics,Laptop,949.05,2,1898.1,0.05,North,In-Store,Credit Card,25.0,4.0,2025-12,2025,Saturday
ORD102947,2025-12-20,Electronics,Headphones,44.1,1,44.1,0.1,East,Online,Credit Card,46.0,2.0,2025-12,2025,Saturday
ORD100410,2025-12-20,Beauty,Moisturizer,22.0,1,22.0,0.0,North,Online,Debit Card,25.0,5.0,2025-12,2025,Saturday
ORD100374,2025-12-20,Beauty,Perfume,55.25,1,55.25,0.15,Central,In-Store,Credit Card,33.0,5.0,2025-12,2025,Saturday
ORD104188,2025-12-20,Apparel,Jeans,45.0,1,45.0,0.0,North,In-Store,Cash,18.0,2.0,2025-12,2025,Saturday
ORD102085,2025-12-21,Sports,Tent,129.0,3,387.0,0.0,East,Online,UPI,27.0,3.0,2025-12,2025,Sunday
ORD104356,2025-12-21,Sports,Bicycle,331.55,1,331.55,0.05,Central,Online,Cash,30.0,4.0,2025-12,2025,Sunday
ORD100303,2025-12-21,Apparel,Jeans,42.75,1,42.75,0.05,West,In-Store,Cash,35.0,2.0,2025-12,2025,Sunday
ORD100321,2025-12-21,Home & Kitchen,Cookware Set,122.55,1,122.55,0.05,West,Online,Cash,67.0,5.0,2025-12,2025,Sunday
ORD101876,2025-12-21,Electronics,Tablet,349.0,1,349.0,0.0,East,In-Store,Cash,26.0,5.0,2025-12,2025,Sunday
ORD102125,2025-12-21,Sports,Yoga Mat,22.5,1,22.5,0.1,North,Online,Credit Card,36.0,4.0,2025-12,2025,Sunday
ORD100337,2025-12-21,Sports,Dumbbells,42.75,1,42.75,0.05,East,Online,Cash,47.0,5.0,2025-12,2025,Sunday
ORD102630,2025-12-22,Beauty,Shampoo,12.0,1,12.0,0.0,East,Online,Wallet,40.0,4.0,2025-12,2025,Monday
ORD101730,2025-12-22,Home & Kitchen,Vacuum,119.2,2,238.4,0.2,East,Online,Debit Card,46.0,5.0,2025-12,2025,Monday
ORD104839,2025-12-22,Electronics,Smartphone,699.0,2,1398.0,0.0,South,In-Store,Credit Card,40.0,5.0,2025-12,2025,Monday
ORD104619,2025-12-22,Apparel,Jeans,45.0,1,45.0,0.0,West,In-Store,Credit Card,46.0,5.0,2025-12,2025,Monday
ORD100418,2025-12-22,Apparel,Jacket,80.1,3,240.3,0.1,South,Online,Credit Card,34.0,2.0,2025-12,2025,Monday
ORD102750,2025-12-22,Sports,Bicycle,314.1,5,1570.5,0.1,South,Online,UPI,19.0,4.0,2025-12,2025,Monday
ORD103290,2025-12-22,Beauty,Sunscreen,16.0,1,16.0,0.0,Central,In-Store,Credit Card,55.0,4.0,2025-12,2025,Monday
ORD103754,2025-12-23,Electronics,Headphones,49.0,4,196.0,0.0,West,Online,Debit Card,30.0,4.0,2025-12,2025,Tuesday
ORD100907,2025-12-23,Home & Kitchen,Coffee Maker,59.0,1,59.0,0.0,East,In-Store,Cash,37.0,3.0,2025-12,2025,Tuesday
ORD101138,2025-12-23,Sports,Yoga Mat,25.0,5,125.0,0.0,North,Online,Cash,52.0,4.0,2025-12,2025,Tuesday
ORD102505,2025-12-23,Beauty,Moisturizer,20.9,3,62.7,0.05,North,Online,Wallet,36.0,5.0,2025-12,2025,Tuesday
ORD102199,2025-12-23,Sports,Running Shoes,79.0,2,158.0,0.0,West,Online,Credit Card,44.0,5.0,2025-12,2025,Tuesday
ORD104489,2025-12-23,Apparel,Sneakers,52.0,1,52.0,0.2,North,In-Store,Debit Card,25.0,5.0,2025-12,2025,Tuesday
ORD101456,2025-12-23,Apparel,Jacket,84.55,1,84.55,0.05,East,In-Store,Credit Card,43.0,5.0,2025-12,2025,Tuesday
ORD100081,2025-12-23,Sports,Running Shoes,79.0,1,79.0,0.0,East,Online,UPI,35.0,4.0,2025-12,2025,Tuesday
ORD104655,2025-12-23,Sports,Dumbbells,36.0,2,72.0,0.2,Central,In-Store,Wallet,40.0,5.0,2025-12,2025,Tuesday
ORD100048,2025-12-24,Electronics,Headphones,49.0,1,49.0,0.0,South,Online,Debit Card,35.0,3.0,2025-12,2025,Wednesday
ORD103160,2025-12-24,Beauty,Sunscreen,16.0,5,80.0,0.0,North,Online,UPI,36.0,5.0,2025-12,2025,Wednesday
ORD101174,2025-12-24,Home & Kitchen,Blender,33.15,2,66.3,0.15,South,Online,Debit Card,41.0,5.0,2025-12,2025,Wednesday
ORD100066,2025-12-24,Beauty,Perfume,58.5,1,58.5,0.1,Central,Online,Wallet,44.0,4.0,2025-12,2025,Wednesday
ORD103580,2025-12-24,Sports,Yoga Mat,23.75,1,23.75,0.05,South,In-Store,Debit Card,25.0,4.0,2025-12,2025,Wednesday
ORD104574,2025-12-24,Apparel,T-Shirt,15.0,2,30.0,0.0,South,Online,UPI,31.0,3.0,2025-12,2025,Wednesday
ORD102221,2025-12-24,Beauty,Lipstick,16.2,1,16.2,0.1,South,Online,UPI,29.0,5.0,2025-12,2025,Wednesday
ORD104334,2025-12-25,Sports,Running Shoes,79.0,1,79.0,0.0,East,In-Store,Credit Card,52.0,3.0,2025-12,2025,Thursday
ORD103809,2025-12-25,Apparel,Jacket,89.0,2,178.0,0.0,Central,In-Store,Debit Card,33.0,2.0,2025-12,2025,Thursday
ORD101511,2025-12-25,Beauty,Moisturizer,22.0,1,22.0,0.0,East,Online,Debit Card,28.0,1.0,2025-12,2025,Thursday
ORD103418,2025-12-25,Electronics,Headphones,41.65,1,41.65,0.15,North,Online,Cash,46.0,5.0,2025-12,2025,Thursday
ORD104686,2025-12-26,Beauty,Sunscreen,16.0,2,32.0,0.0,Central,In-Store,Credit Card,30.0,5.0,2025-12,2025,Friday
ORD100121,2025-12-26,Electronics,Headphones,49.0,1,49.0,0.0,Central,Online,Debit Card,52.0,5.0,2025-12,2025,Friday
ORD102044,2025-12-26,Electronics,Tablet,349.0,2,698.0,0.0,South,Online,Credit Card,33.0,1.0,2025-12,2025,Friday
ORD100702,2025-12-26,Electronics,Tablet,314.1,1,314.1,0.1,West,Online,Debit Card,35.0,5.0,2025-12,2025,Friday
ORD104222,2025-12-26,Apparel,Sneakers,61.75,2,123.5,0.05,East,In-Store,Credit Card,54.0,4.0,2025-12,2025,Friday
ORD100443,2025-12-26,Beauty,Sunscreen,16.0,1,16.0,0.0,North,Online,UPI,34.0,5.0,2025-12,2025,Friday
ORD102129,2025-12-26,Sports,Running Shoes,75.05,1,75.05,0.05,North,In-Store,Credit Card,29.0,3.0,2025-12,2025,Friday
ORD103103,2025-12-26,Sports,Tent,122.55,2,245.1,0.05,North,Online,Credit Card,32.0,4.0,2025-12,2025,Friday
ORD101934,2025-12-27,Apparel,Dress,55.0,1,55.0,0.0,West,In-Store,Cash,21.0,2.0,2025-12,2025,Saturday
ORD103210,2025-12-27,Home & Kitchen,Cookware Set,129.0,2,258.0,0.0,South,In-Store,Wallet,45.0,5.0,2025-12,2025,Saturday
ORD101206,2025-12-27,Beauty,Moisturizer,18.7,2,37.4,0.15,Central,In-Store,Debit Card,18.0,3.0,2025-12,2025,Saturday
ORD103761,2025-12-27,Beauty,Shampoo,11.4,1,11.4,0.05,East,Online,Credit Card,24.0,3.0,2025-12,2025,Saturday
ORD102872,2025-12-27,Apparel,T-Shirt,13.5,1,13.5,0.1,East,In-Store,Debit Card,27.0,5.0,2025-12,2025,Saturday
ORD100929,2025-12-27,Electronics,Tablet,296.65,1,296.65,0.15,East,Online,Credit Card,34.0,5.0,2025-12,2025,Saturday
ORD103417,2025-12-27,Electronics,Smartwatch,199.0,1,199.0,0.0,West,In-Store,UPI,37.0,5.0,2025-12,2025,Saturday
ORD102901,2025-12-27,Electronics,Smartwatch,179.1,1,179.1,0.1,North,In-Store,UPI,32.0,5.0,2025-12,2025,Saturday
ORD103457,2025-12-27,Electronics,Laptop,999.0,1,999.0,0.0,West,Online,UPI,41.0,4.0,2025-12,2025,Saturday
ORD102301,2025-12-27,Sports,Running Shoes,75.05,1,75.05,0.05,East,Online,UPI,49.0,5.0,2025-12,2025,Saturday
ORD104177,2025-12-27,Beauty,Sunscreen,16.0,1,16.0,0.0,North,In-Store,Debit Card,45.0,4.0,2025-12,2025,Saturday
ORD102107,2025-12-28,Sports,Bicycle,349.0,1,349.0,0.0,Central,In-Store,Debit Card,39.0,1.0,2025-12,2025,Sunday
ORD104325,2025-12-28,Apparel,Jacket,84.55,3,253.65,0.05,North,Online,Credit Card,38.0,4.0,2025-12,2025,Sunday
ORD104161,2025-12-28,Beauty,Moisturizer,22.0,1,22.0,0.0,West,Online,Credit Card,26.0,3.0,2025-12,2025,Sunday
ORD100641,2025-12-28,Home & Kitchen,Coffee Maker,56.05,2,112.1,0.05,North,In-Store,Credit Card,38.0,5.0,2025-12,2025,Sunday
ORD101018,2025-12-28,Beauty,Moisturizer,22.0,1,22.0,0.0,North,Online,Credit Card,58.0,4.0,2025-12,2025,Sunday
ORD101254,2025-12-28,Beauty,Perfume,65.0,1,65.0,0.0,West,Online,UPI,33.0,2.0,2025-12,2025,Sunday
ORD101035,2025-12-28,Sports,Dumbbells,36.0,1,36.0,0.2,East,Online,Cash,23.0,5.0,2025-12,2025,Sunday
ORD100192,2025-12-29,Home & Kitchen,Air Fryer,89.0,1,89.0,0.0,East,Online,Wallet,35.0,4.0,2025-12,2025,Monday
ORD103146,2025-12-29,Apparel,T-Shirt,14.25,1,14.25,0.05,East,Online,Wallet,37.0,3.0,2025-12,2025,Monday
ORD102032,2025-12-29,Sports,Dumbbells,40.5,2,81.0,0.1,East,Online,UPI,40.0,5.0,2025-12,2025,Monday
ORD103448,2025-12-30,Home & Kitchen,Coffee Maker,59.0,1,59.0,0.0,South,Online,Credit Card,19.0,2.0,2025-12,2025,Tuesday
ORD101718,2025-12-30,Electronics,Laptop,849.15,1,849.15,0.15,Central,In-Store,Wallet,31.0,4.0,2025-12,2025,Tuesday
ORD104736,2025-12-30,Sports,Running Shoes,79.0,1,79.0,0.0,West,Online,Credit Card,47.0,5.0,2025-12,2025,Tuesday
ORD102824,2025-12-30,Apparel,Jeans,40.5,5,202.5,0.1,East,In-Store,Credit Card,28.0,5.0,2025-12,2025,Tuesday
ORD100922,2025-12-30,Apparel,Dress,46.75,1,46.75,0.15,North,In-Store,Wallet,28.0,3.0,2025-12,2025,Tuesday
